carbon_pct,silicon_pct,manganese_pct,phosphorus_pct,magnesium_added_pct,treatment_time_min,rpm,mold_diameter_m,pour_temp_c,mold_preheat_c,wall_thickness_mm,mold_type,mold_enc,carbon_equivalent,liquidus_temp_c,superheat_c,G_factor,Mg_effective_pct,nodularity_index,solidification_time_s,cooling_rate_cs,quality_score,reject
3.546,1.732,0.365,0.0832,0.0358,15.1,546,0.11,1525.9,78.6,40.4,Die,2,4.151,1436.9,89.1,36.73,0.0265,0.336,130.73,11.07,83.15,0
3.605,2.25,0.27,0.0424,0.072,6.0,508,0.087,1546.1,181.6,55.6,Sand,1,4.3697,1431.0,115.1,25.13,0.0638,0.728,464.19,2.94,98.9,0
3.577,2.047,0.411,0.0105,0.0526,3.8,584,0.156,1553.0,198.5,25.9,Die,2,4.2628,1433.5,119.6,59.49,0.04879,0.686,53.78,25.18,100.0,0
3.773,2.127,0.233,0.0405,0.0574,9.6,205,0.196,1601.2,94.0,42.8,Permanent,0,4.4956,1427.3,173.9,9.18,0.04737,0.478,183.09,8.23,75.3,0
3.297,3.028,0.247,0.0835,0.0562,10.1,216,0.112,1553.0,142.8,37.5,Die,2,4.3342,1433.5,119.6,5.84,0.04592,0.494,112.53,12.53,93.01,0
3.566,2.849,0.583,0.099,0.0412,5.6,583,0.162,1544.3,84.7,82.5,Sand,1,4.548,1427.4,117.0,61.68,0.03687,0.504,1021.84,1.43,96.5,0
3.487,2.53,0.365,0.0166,0.0506,6.8,865,0.148,1513.1,221.8,35.3,Die,2,4.3363,1432.1,81.0,123.73,0.04418,0.533,99.59,12.97,100.0,0
3.86,1.69,0.246,0.0816,0.0211,17.5,385,0.102,1593.0,156.7,78.8,Sand,1,4.4501,1428.4,164.6,16.8,0.01487,0.198,930.74,1.54,64.59,0
3.783,2.144,0.528,0.0226,0.0491,2.1,530,0.104,1525.4,247.1,21.9,Sand,1,4.505,1426.9,98.5,32.68,0.047,0.654,71.85,17.79,99.89,0
3.482,2.718,0.598,0.0213,0.0217,9.7,1366,0.195,1529.0,62.6,24.5,Permanent,0,4.3954,1430.8,98.2,407.27,0.01787,0.282,60.0,24.44,17.38,1
3.621,2.445,0.287,0.0207,0.0502,4.2,765,0.092,1526.2,237.0,42.9,Permanent,0,4.4431,1429.0,97.2,60.02,0.04613,0.646,183.81,7.01,100.0,0
3.549,2.087,0.258,0.0371,0.0737,6.9,663,0.117,1537.0,295.2,57.3,Die,2,4.2574,1433.9,103.1,57.67,0.06412,0.791,262.43,4.73,98.9,0
4.159,1.93,0.635,0.0774,0.0384,12.6,1119,0.239,1512.7,91.0,9.3,Permanent,0,4.8277,1418.1,94.5,334.17,0.02988,0.394,8.68,40.0,36.52,1
3.416,2.392,0.375,0.047,0.0578,5.3,877,0.155,1502.9,223.5,31.6,Permanent,0,4.2291,1435.2,67.7,132.99,0.05193,0.628,99.56,12.85,92.79,0
3.553,2.017,0.412,0.047,0.0577,5.1,798,0.167,1550.2,250.9,11.3,Sand,1,4.2411,1434.4,115.8,119.06,0.05208,0.666,19.13,40.0,97.41,0
3.548,2.43,0.539,0.0349,0.0481,4.9,569,0.17,1512.5,253.4,52.8,Sand,1,4.3692,1431.2,81.3,61.7,0.04365,0.564,417.69,3.01,100.0,0
3.436,2.605,0.341,0.0311,0.0499,5.6,525,0.125,1534.4,278.0,13.4,Permanent,0,4.3142,1433.0,101.4,38.53,0.04463,0.622,18.09,40.0,97.41,0
3.679,2.201,0.472,0.0316,0.0542,4.2,732,0.17,1537.7,177.8,46.0,Sand,1,4.4229,1429.4,108.3,101.98,0.04986,0.66,317.0,4.29,100.0,0
4.037,3.141,0.627,0.034,0.0355,12.4,310,0.184,1580.0,130.0,81.0,Permanent,0,5.0959,1411.8,168.2,19.8,0.02771,0.405,655.99,2.21,67.43,0
3.76,2.535,0.391,0.029,0.0735,4.1,865,0.117,1537.9,279.1,17.6,Permanent,0,4.6152,1424.4,113.5,98.25,0.06767,0.799,31.01,40.0,98.34,0
3.309,2.262,0.269,0.0365,0.0564,4.8,734,0.132,1524.3,177.7,21.8,Permanent,0,4.0753,1439.2,85.1,79.46,0.05126,0.662,47.57,28.31,100.0,0
3.351,1.907,0.519,0.0221,0.0694,3.2,668,0.116,1538.0,221.9,21.2,Permanent,0,3.9938,1440.9,97.1,57.93,0.06503,0.728,44.95,29.28,94.99,0
4.039,2.066,0.679,0.0227,0.0546,9.6,1103,0.184,1462.0,96.0,37.9,Permanent,0,4.735,1420.4,41.7,249.98,0.04506,0.457,143.56,9.52,54.29,1
3.68,2.354,0.457,0.0264,0.0535,3.4,580,0.17,1551.6,257.6,47.4,Permanent,0,4.4739,1428.1,123.4,63.93,0.05005,0.677,224.82,5.76,100.0,0
3.747,2.096,0.388,0.0211,0.0749,4.2,843,0.137,1504.9,183.8,58.7,Permanent,0,4.4526,1428.3,76.6,108.44,0.06886,0.739,344.06,3.84,97.0,0
3.346,2.388,0.332,0.0319,0.0621,7.3,683,0.133,1540.0,252.3,22.0,Permanent,0,4.1524,1437.2,102.8,69.37,0.05361,0.601,48.49,26.56,100.0,0
3.663,2.357,0.343,0.0483,0.0569,4.5,791,0.176,1547.8,165.1,49.2,Sand,1,4.465,1428.6,119.2,123.3,0.05204,0.68,362.57,3.81,100.0,0
4.187,2.397,0.688,0.0308,0.0352,8.6,1397,0.124,1457.7,125.2,73.9,Permanent,0,4.9958,1413.6,44.1,270.42,0.02962,0.41,546.78,2.44,50.4,1
3.163,1.639,0.553,0.0954,0.0487,7.7,1218,0.073,1607.6,149.6,34.5,Permanent,0,3.7412,1448.3,159.2,121.81,0.04174,0.49,119.19,12.23,76.56,0
3.638,2.377,0.433,0.0201,0.053,4.7,747,0.168,1500.5,252.3,55.0,Permanent,0,4.4372,1429.1,71.4,104.65,0.04825,0.606,302.59,4.13,100.0,0
3.556,2.698,0.506,0.0199,0.0427,2.7,719,0.122,1503.8,283.3,42.1,Permanent,0,4.4623,1428.8,75.0,70.67,0.04047,0.658,176.98,6.9,100.0,0
3.559,2.637,0.51,0.0278,0.0497,2.1,889,0.099,1536.8,271.4,58.1,Permanent,0,4.4475,1429.2,107.6,87.01,0.04762,0.67,338.13,3.74,100.0,0
3.772,1.654,0.731,0.0209,0.0432,9.0,576,0.229,1460.1,127.1,61.3,Permanent,0,4.3304,1431.1,29.0,84.67,0.03608,0.488,375.21,3.55,90.43,0
3.382,2.105,0.255,0.0376,0.0697,7.8,555,0.096,1553.5,188.1,18.0,Sand,1,4.0961,1438.5,115.0,33.06,0.05966,0.679,48.63,28.08,97.28,0
3.663,2.036,0.355,0.0436,0.0506,3.9,551,0.163,1506.3,169.1,36.6,Permanent,0,4.3563,1431.1,75.1,55.16,0.04688,0.692,133.77,10.0,98.92,0
3.947,2.857,0.326,0.0452,0.0275,16.3,1229,0.124,1465.8,105.9,56.1,Permanent,0,4.9146,1416.6,49.2,210.17,0.01985,0.244,314.23,4.33,49.37,1
3.255,3.01,0.651,0.0688,0.0288,10.8,1299,0.113,1519.6,120.7,40.9,Permanent,0,4.2819,1434.8,84.8,214.01,0.02326,0.364,167.06,8.37,65.84,0
3.239,2.181,0.409,0.0628,0.0502,16.5,1405,0.115,1601.4,113.8,81.1,Die,2,3.9867,1441.9,159.6,253.3,0.03609,0.289,525.73,2.83,51.77,1
3.326,1.95,0.317,0.024,0.0728,5.8,735,0.138,1517.6,174.2,36.3,Die,2,3.9843,1441.3,76.4,83.37,0.06484,0.743,105.39,12.75,94.67,0
3.467,2.029,0.31,0.0341,0.0476,4.4,576,0.103,1528.1,151.1,36.5,Sand,1,4.1549,1436.7,91.4,38.41,0.04359,0.59,199.74,6.89,100.0,0
3.571,2.405,0.278,0.0187,0.0409,6.8,568,0.178,1511.3,225.6,37.8,Die,2,4.3786,1430.8,80.6,64.1,0.03573,0.454,114.57,11.22,100.0,0
3.421,2.484,0.428,0.0349,0.0623,3.4,652,0.099,1522.7,239.6,38.6,Permanent,0,4.2609,1434.3,88.3,47.12,0.05818,0.673,149.18,8.6,100.0,0
3.703,2.065,0.322,0.0291,0.0485,6.7,721,0.158,1559.8,207.6,29.7,Permanent,0,4.4008,1429.8,130.0,91.84,0.04246,0.543,88.29,15.32,99.97,0
3.456,1.966,0.469,0.0481,0.0409,6.8,655,0.12,1517.1,199.2,34.5,Sand,1,4.1273,1437.5,79.6,57.58,0.03571,0.607,178.3,7.39,99.95,0
3.722,2.63,0.318,0.0435,0.0622,3.1,712,0.169,1541.3,221.8,39.2,Sand,1,4.6136,1424.7,116.6,95.82,0.05842,0.694,230.19,5.73,100.0,0
3.1,1.74,0.258,0.0219,0.0423,9.9,535,0.111,1521.3,63.9,53.5,Permanent,0,3.6871,1449.3,72.0,35.61,0.03474,0.454,286.08,5.09,82.76,0
3.822,2.104,0.338,0.0502,0.0289,12.1,262,0.1,1483.9,56.7,13.6,Permanent,0,4.5397,1426.2,57.7,7.69,0.02274,0.311,18.54,40.0,73.6,0
3.732,2.646,0.306,0.0102,0.0569,6.7,643,0.083,1540.6,292.7,49.3,Permanent,0,4.6171,1424.3,116.3,38.28,0.04971,0.635,242.77,5.14,99.92,0
3.537,2.029,0.313,0.0403,0.0473,4.6,598,0.093,1530.9,200.1,55.3,Sand,1,4.2272,1434.7,96.2,37.24,0.04309,0.667,458.87,2.9,100.0,0
3.34,1.975,0.503,0.0282,0.0658,6.6,860,0.172,1533.5,256.3,20.5,Sand,1,4.0078,1440.7,92.8,142.33,0.05762,0.594,63.25,20.19,91.56,0
3.679,2.046,0.398,0.0167,0.0535,3.0,709,0.138,1545.5,206.0,23.3,Die,2,4.3668,1430.6,114.9,77.8,0.05036,0.635,43.59,30.73,100.0,0
3.748,2.69,0.418,0.0387,0.0704,7.5,742,0.106,1513.1,199.8,38.9,Permanent,0,4.6579,1423.5,89.5,65.22,0.06053,0.748,151.13,8.69,100.0,0
3.598,2.36,0.463,0.0432,0.0654,5.5,554,0.08,1554.4,227.5,50.5,Die,2,4.3996,1430.4,124.0,27.51,0.05866,0.718,204.27,6.5,99.38,0
3.377,2.196,0.267,0.0487,0.0654,5.0,799,0.133,1542.9,182.4,12.6,Permanent,0,4.1258,1437.9,105.0,95.21,0.05915,0.694,15.85,40.0,99.61,0
3.377,3.169,0.778,0.0317,0.0345,7.8,434,0.233,1528.5,91.3,36.9,Sand,1,4.4436,1430.1,98.4,49.23,0.02953,0.418,204.45,7.03,95.23,0
3.788,2.676,0.524,0.0135,0.0622,4.8,820,0.158,1553.4,240.7,44.4,Permanent,0,4.6844,1422.5,130.9,118.66,0.05654,0.631,197.3,6.65,98.85,0
3.495,2.28,0.359,0.0173,0.0558,2.6,538,0.161,1512.9,195.0,47.3,Sand,1,4.2604,1433.9,79.0,52.22,0.05296,0.713,336.08,3.92,100.0,0
3.352,2.245,0.27,0.0306,0.0394,2.3,712,0.16,1526.3,254.9,12.1,Sand,1,4.1101,1438.2,88.1,90.69,0.03761,0.585,22.04,40.0,100.0,0
3.333,2.031,0.354,0.0926,0.0229,16.3,1152,0.235,1451.5,75.8,42.2,Sand,1,4.0405,1440.4,11.1,349.58,0.01651,0.204,267.16,5.15,5.02,1
3.419,2.15,0.433,0.0115,0.0424,4.1,544,0.082,1530.7,207.5,59.8,Sand,1,4.139,1437.1,93.6,27.08,0.03906,0.545,535.76,2.47,95.1,0
3.636,2.437,0.276,0.0344,0.0739,3.6,549,0.154,1517.5,164.9,41.2,Permanent,0,4.46,1428.7,88.8,51.87,0.06871,0.82,169.55,7.98,100.0,0
3.749,2.621,0.413,0.0436,0.07,6.0,782,0.155,1508.2,200.0,24.4,Sand,1,4.637,1424.1,84.1,106.11,0.06206,0.684,89.43,14.63,100.0,0
3.478,2.312,0.262,0.0201,0.0691,6.0,564,0.121,1553.0,218.7,53.3,Permanent,0,4.2553,1434.1,118.8,43.1,0.06129,0.69,284.39,4.69,100.0,0
3.411,2.022,0.388,0.0397,0.0533,5.0,505,0.173,1520.5,278.0,48.5,Die,2,4.0982,1438.3,82.2,49.32,0.04829,0.641,188.14,6.6,97.43,0
3.329,2.056,0.386,0.0468,0.0494,5.9,731,0.143,1544.6,167.4,30.9,Permanent,0,4.0296,1440.3,104.3,85.3,0.04391,0.562,95.78,14.38,99.73,0
3.48,2.508,0.425,0.0369,0.0469,3.6,842,0.097,1502.8,233.0,57.2,Sand,1,4.3285,1432.5,70.3,76.6,0.04361,0.612,490.74,2.59,100.0,0
3.799,2.267,0.49,0.0343,0.0555,4.2,734,0.091,1547.9,151.8,34.8,Die,2,4.566,1425.5,122.4,54.9,0.05102,0.644,96.95,14.4,100.0,0
3.319,2.353,0.348,0.0157,0.0741,3.9,815,0.121,1552.6,168.8,16.2,Sand,1,4.1089,1438.2,114.3,89.73,0.0685,0.823,39.39,35.13,97.06,0
3.314,1.436,0.497,0.0716,0.058,17.8,1367,0.133,1443.2,51.1,12.1,Permanent,0,3.816,1445.7,-2.6,277.83,0.04062,0.352,14.66,40.0,24.72,1
3.578,2.21,0.364,0.0128,0.0739,7.1,505,0.165,1536.7,252.5,50.2,Sand,1,4.3185,1432.1,104.6,47.0,0.06407,0.733,377.47,3.4,100.0,0
3.554,2.174,0.35,0.0386,0.0384,5.5,778,0.164,1546.5,197.8,21.4,Sand,1,4.2916,1433.1,113.4,111.02,0.03437,0.539,68.94,19.56,100.0,0
3.546,2.325,0.533,0.0442,0.05,7.2,576,0.108,1501.3,209.3,12.2,Permanent,0,4.3356,1432.1,69.2,40.0,0.04333,0.552,14.77,40.0,100.0,0
3.308,1.939,0.375,0.0168,0.0475,4.2,800,0.154,1521.6,191.1,40.3,Sand,1,3.9597,1441.9,79.8,110.37,0.04362,0.592,244.11,5.45,94.25,0
3.784,2.873,0.711,0.0265,0.0288,16.2,211,0.134,1459.5,139.5,48.4,Permanent,0,4.7506,1421.1,38.4,6.7,0.02084,0.221,233.98,5.64,69.27,0
3.894,2.635,0.513,0.0276,0.0324,6.4,220,0.065,1558.4,157.3,81.0,Sand,1,4.7812,1419.9,138.5,3.52,0.02846,0.439,985.06,1.42,76.14,0
3.403,2.672,0.306,0.0416,0.0668,2.7,696,0.088,1514.5,173.0,18.6,Permanent,0,4.3078,1433.3,81.1,47.59,0.06334,0.841,34.67,38.69,100.0,0
3.4,2.337,0.333,0.0208,0.0605,7.6,757,0.104,1525.3,272.2,26.6,Permanent,0,4.1864,1436.1,89.2,66.32,0.05201,0.661,70.94,17.66,100.0,0
3.996,1.724,0.654,0.0319,0.0575,9.9,1448,0.2,1592.5,130.5,19.4,Permanent,0,4.5815,1424.3,168.2,469.61,0.04721,0.565,37.52,38.97,13.5,1
3.762,2.613,0.49,0.0186,0.0411,4.8,694,0.101,1514.6,266.9,25.1,Die,2,4.6393,1423.8,90.9,54.26,0.03736,0.523,50.57,24.68,96.93,0
3.785,1.92,0.429,0.0324,0.0553,7.6,876,0.092,1532.3,236.0,35.2,Permanent,0,4.4358,1428.7,103.6,79.22,0.04743,0.633,123.62,10.49,100.0,0
3.134,1.879,0.27,0.0277,0.0537,9.6,417,0.091,1495.9,125.6,57.2,Permanent,0,3.7691,1447.2,48.7,17.66,0.04431,0.599,327.17,4.19,78.13,0
3.749,2.434,0.48,0.0291,0.0663,6.8,803,0.145,1534.4,282.6,39.9,Sand,1,4.5697,1425.6,108.9,104.38,0.05788,0.605,239.27,5.23,100.0,0
3.32,1.92,0.329,0.0382,0.0443,5.1,846,0.117,1550.5,230.3,41.0,Sand,1,3.9731,1441.7,108.8,93.52,0.04002,0.555,252.55,5.23,100.0,0
3.292,2.101,0.375,0.0461,0.0595,17.4,476,0.062,1583.7,120.9,43.5,Permanent,0,4.0075,1441.0,142.7,15.7,0.04205,0.398,189.01,7.74,85.52,0
3.362,2.451,0.378,0.0272,0.045,2.6,680,0.112,1502.6,289.0,59.1,Sand,1,4.1884,1436.2,66.4,57.95,0.04275,0.6,523.52,2.32,100.0,0
3.616,2.654,0.271,0.0301,0.0667,5.7,636,0.096,1532.1,180.6,36.2,Sand,1,4.5109,1427.5,104.5,43.28,0.05947,0.644,196.63,6.87,100.0,0
3.089,2.795,0.566,0.0911,0.02,15.9,1246,0.144,1470.9,97.3,83.4,Sand,1,4.0509,1441.2,29.8,250.28,0.01459,0.161,1042.59,1.32,37.67,1
3.947,1.455,0.625,0.0281,0.0496,5.9,1507,0.088,1556.0,90.0,60.3,Permanent,0,4.4418,1427.8,128.2,223.13,0.0441,0.635,363.36,4.03,75.02,0
3.62,1.902,0.242,0.0458,0.031,12.6,317,0.084,1584.8,105.2,36.1,Sand,1,4.2693,1433.4,151.4,9.44,0.02414,0.282,195.73,7.56,67.5,0
3.355,2.424,0.454,0.0476,0.0741,3.6,639,0.101,1512.1,152.4,45.2,Permanent,0,4.1792,1436.7,75.4,45.94,0.06889,0.786,204.37,6.65,100.0,0
3.53,2.054,0.326,0.047,0.0517,5.0,680,0.087,1506.6,210.3,50.8,Permanent,0,4.2301,1434.7,71.8,44.98,0.04684,0.621,258.07,5.02,100.0,0
3.582,2.377,0.427,0.0272,0.0501,7.7,833,0.106,1516.2,228.2,41.1,Sand,1,4.3834,1430.7,85.5,81.82,0.04299,0.543,253.87,5.07,100.0,0
3.504,2.3,0.53,0.0294,0.0553,3.3,885,0.127,1513.1,175.4,14.4,Permanent,0,4.2809,1433.5,79.6,110.73,0.05182,0.659,20.69,40.0,100.0,0
3.589,2.25,0.413,0.0175,0.0488,3.6,516,0.148,1520.9,289.9,25.3,Sand,1,4.3451,1431.5,89.4,43.93,0.04539,0.655,95.91,12.84,100.0,0
3.322,2.168,0.366,0.0423,0.0388,4.5,763,0.105,1508.8,261.8,20.1,Sand,1,4.0583,1439.7,69.2,68.16,0.03552,0.562,60.84,20.5,98.57,0
3.347,1.67,0.312,0.0312,0.0289,17.8,1595,0.118,1608.3,122.7,47.7,Permanent,0,3.9141,1442.9,165.3,336.7,0.02024,0.175,227.24,6.54,17.77,1
3.609,2.229,0.3,0.0247,0.0534,7.1,864,0.087,1503.8,284.4,30.6,Die,2,4.3603,1431.1,72.7,72.77,0.04637,0.528,74.92,16.28,98.41,0
3.363,2.568,0.302,0.0403,0.0745,2.7,859,0.145,1551.0,198.6,27.5,Permanent,0,4.2324,1435.3,115.7,119.26,0.07056,0.856,75.36,17.95,93.75,0
3.597,2.229,0.361,0.0381,0.0671,4.9,513,0.088,1540.2,166.4,30.4,Permanent,0,4.3528,1431.4,108.7,25.73,0.06086,0.726,92.22,14.9,100.0,0
3.038,3.092,0.597,0.028,0.0341,9.5,1258,0.157,1577.9,116.6,80.4,Sand,1,4.0774,1440.2,137.7,277.42,0.02815,0.415,969.13,1.51,48.08,1
3.548,2.494,0.485,0.0261,0.0548,4.8,868,0.173,1548.9,265.6,34.3,Die,2,4.3877,1430.7,118.2,146.19,0.04977,0.64,93.85,13.67,97.18,0
3.492,2.154,0.253,0.0411,0.0478,5.7,815,0.115,1534.0,212.7,41.5,Sand,1,4.2235,1435.0,99.0,85.35,0.04269,0.551,257.75,5.13,99.92,0
3.553,2.632,0.422,0.0416,0.0403,7.4,538,0.088,1517.7,235.5,16.8,Sand,1,4.4438,1429.5,88.2,28.5,0.03477,0.474,42.55,30.13,98.24,0
3.612,2.362,0.319,0.0322,0.0392,6.8,793,0.165,1535.1,260.8,13.9,Sand,1,4.4098,1430.0,105.1,115.76,0.03426,0.541,29.11,40.0,98.42,0
3.671,2.043,0.54,0.0493,0.0646,5.9,604,0.131,1507.6,284.2,16.1,Permanent,0,4.3689,1430.9,76.8,53.66,0.05746,0.659,25.93,40.0,100.0,0
3.591,1.97,0.466,0.0453,0.0547,5.5,654,0.109,1515.8,268.5,18.2,Die,2,4.2628,1433.7,82.1,52.29,0.04899,0.615,26.36,40.0,98.66,0
3.509,1.944,0.387,0.0326,0.0541,7.8,890,0.125,1502.7,293.7,26.5,Sand,1,4.1682,1436.2,66.5,110.36,0.04631,0.515,105.69,11.44,98.18,0
3.688,1.684,0.55,0.0758,0.0215,17.4,493,0.07,1541.2,79.5,22.8,Permanent,0,4.2743,1433.3,107.9,19.03,0.01517,0.114,52.2,28.0,72.81,0
3.423,2.697,0.289,0.0351,0.0705,5.7,596,0.122,1542.0,165.8,17.6,Permanent,0,4.3334,1432.6,109.4,48.46,0.06287,0.683,31.12,40.0,97.4,0
3.378,2.526,0.702,0.0281,0.0201,6.9,525,0.088,1609.8,79.6,67.7,Die,2,4.2294,1435.2,174.6,26.98,0.01752,0.279,367.2,4.17,61.75,1
3.588,2.093,0.393,0.0414,0.0662,6.7,839,0.14,1509.7,184.1,22.2,Sand,1,4.2996,1432.8,76.9,110.09,0.05789,0.63,74.26,17.85,98.18,0
3.39,2.317,0.392,0.025,0.0569,6.3,819,0.176,1534.7,247.7,58.2,Permanent,0,4.171,1436.5,98.1,131.79,0.05018,0.64,339.3,3.79,94.75,0
3.378,2.287,0.413,0.028,0.0605,7.9,533,0.179,1536.0,192.9,33.4,Sand,1,4.1496,1437.1,98.9,56.62,0.05159,0.636,167.56,8.02,100.0,0
4.166,2.288,0.514,0.0912,0.0434,11.7,255,0.099,1511.0,107.4,67.0,Permanent,0,4.9587,1415.1,95.9,7.2,0.0344,0.366,448.77,3.13,78.33,0
3.393,2.549,0.476,0.0432,0.0623,4.0,792,0.177,1513.4,248.8,24.4,Permanent,0,4.2572,1434.6,78.8,124.16,0.05749,0.665,59.61,21.21,99.8,0
3.794,2.782,0.411,0.0438,0.0588,9.3,1593,0.163,1530.9,103.2,17.5,Permanent,0,4.7362,1421.5,109.4,462.65,0.04885,0.562,30.74,40.0,22.02,1
3.336,2.694,0.254,0.0354,0.049,6.7,720,0.114,1501.8,172.8,20.6,Permanent,0,4.2459,1435.0,66.7,66.01,0.04285,0.649,42.3,31.42,100.0,0
3.306,2.362,0.388,0.0292,0.0403,6.2,620,0.146,1543.5,165.2,10.7,Die,2,4.103,1438.5,105.0,62.92,0.03561,0.479,9.17,40.0,96.46,0
4.045,1.742,0.541,0.0674,0.0493,14.9,496,0.1,1554.1,79.1,49.3,Permanent,0,4.648,1422.8,131.2,27.58,0.03659,0.372,242.73,6.08,90.33,0
3.585,1.8,0.769,0.0898,0.037,17.2,1500,0.226,1536.2,57.5,15.4,Sand,1,4.2147,1435.2,100.9,568.87,0.02626,0.318,35.72,40.0,0.0,1
4.096,2.204,0.236,0.04,0.0313,10.0,416,0.188,1536.0,85.8,27.2,Sand,1,4.8437,1417.7,118.3,36.35,0.02558,0.415,111.16,13.05,81.91,0
4.097,1.913,0.795,0.022,0.0204,13.6,452,0.128,1524.2,136.2,22.0,Permanent,0,4.7423,1420.0,104.2,29.21,0.0155,0.264,48.32,28.73,74.4,0
3.796,1.942,0.253,0.0198,0.0606,6.8,898,0.158,1549.1,170.7,25.4,Permanent,0,4.4496,1428.2,120.9,142.57,0.05288,0.676,64.67,21.31,98.02,0
3.394,1.914,0.394,0.0265,0.073,4.4,658,0.116,1555.4,158.5,37.7,Permanent,0,4.0405,1439.7,115.8,56.11,0.06676,0.832,142.47,9.81,95.24,0
3.658,2.352,0.417,0.0403,0.0717,7.6,876,0.133,1518.3,253.5,13.1,Permanent,0,4.4553,1428.8,89.5,113.96,0.06165,0.674,17.09,40.0,99.7,0
3.292,1.774,0.264,0.0832,0.0247,8.8,328,0.133,1557.8,130.6,68.8,Permanent,0,3.9114,1443.6,114.2,15.94,0.0207,0.368,473.66,3.01,75.57,0
3.754,2.376,0.397,0.018,0.0667,5.3,723,0.102,1513.4,187.9,13.5,Permanent,0,4.5523,1425.9,87.6,59.39,0.05995,0.699,18.16,40.0,100.0,0
3.369,2.214,0.4,0.0214,0.0475,3.7,623,0.154,1500.7,252.0,53.2,Permanent,0,4.1138,1438.0,62.7,66.7,0.04416,0.58,282.89,4.41,97.52,0
3.34,2.035,0.393,0.0486,0.0748,5.7,673,0.149,1530.5,159.7,42.5,Die,2,4.0346,1440.2,90.3,75.3,0.06667,0.784,144.35,9.5,94.92,0
3.558,2.155,0.349,0.0288,0.0526,3.1,517,0.163,1522.1,234.5,57.2,Sand,1,4.2859,1433.1,89.0,48.58,0.04945,0.655,490.39,2.63,100.0,0
3.657,2.034,0.312,0.0255,0.0574,7.8,374,0.177,1565.9,142.0,33.1,Permanent,0,4.3432,1431.3,134.6,27.72,0.04913,0.586,109.88,12.96,95.47,0
4.102,1.749,0.695,0.0961,0.0402,17.5,1268,0.203,1506.6,67.0,56.1,Sand,1,4.717,1421.2,85.5,364.98,0.02834,0.326,472.81,3.04,34.99,1
3.531,2.441,0.431,0.0192,0.071,5.6,511,0.151,1522.1,249.0,37.4,Permanent,0,4.3513,1431.6,90.5,43.97,0.06351,0.754,139.74,9.11,97.13,0
3.453,2.432,0.303,0.0346,0.0661,4.2,687,0.162,1559.7,163.6,59.6,Permanent,0,4.2753,1433.9,125.8,85.34,0.0608,0.733,355.48,3.93,100.0,0
3.537,1.926,0.369,0.0289,0.0448,2.1,753,0.104,1536.6,250.2,59.7,Permanent,0,4.1884,1435.6,101.0,66.06,0.04296,0.624,356.09,3.61,100.0,0
3.448,2.3,0.381,0.021,0.0725,2.9,622,0.14,1545.6,159.0,37.8,Sand,1,4.2219,1435.1,110.6,60.62,0.06844,0.764,214.29,6.47,97.4,0
3.578,2.406,0.48,0.0496,0.0442,2.7,637,0.133,1509.3,208.7,27.7,Permanent,0,4.3969,1430.6,78.7,60.12,0.04191,0.638,76.85,16.92,98.93,0
3.511,2.314,0.499,0.0484,0.0476,7.6,506,0.139,1510.7,235.9,26.5,Permanent,0,4.2986,1433.2,77.6,39.87,0.04092,0.523,70.14,18.18,100.0,0
3.632,2.417,0.494,0.0271,0.0619,4.3,683,0.16,1536.9,258.2,42.4,Sand,1,4.4471,1429.0,108.0,83.67,0.05681,0.696,270.02,4.74,98.97,0
3.209,2.025,0.43,0.0672,0.0591,17.6,1107,0.219,1599.8,114.3,28.6,Sand,1,3.9064,1443.9,155.8,300.13,0.04154,0.448,122.58,12.12,44.13,1
3.324,2.183,0.287,0.0231,0.0394,4.8,575,0.127,1532.4,161.5,35.4,Permanent,0,4.0595,1439.5,92.9,46.73,0.0358,0.561,125.57,10.92,100.0,0
3.403,2.333,0.399,0.042,0.0553,2.4,797,0.134,1517.5,164.8,57.3,Sand,1,4.1942,1436.1,81.4,95.41,0.05276,0.71,492.33,2.75,100.0,0
3.799,2.463,0.352,0.022,0.0436,5.4,618,0.153,1544.1,175.4,14.4,Sand,1,4.6276,1423.9,120.2,65.22,0.03914,0.563,31.22,40.0,100.0,0
3.753,2.728,0.591,0.0582,0.0233,7.4,436,0.193,1472.8,79.6,6.9,Die,2,4.6813,1423.1,49.7,41.14,0.02006,0.409,3.79,40.0,76.39,0
3.479,2.341,0.265,0.0436,0.0398,6.7,757,0.124,1548.9,224.5,25.7,Permanent,0,4.2739,1433.9,115.0,79.31,0.03478,0.484,66.26,19.99,100.0,0
3.481,2.489,0.509,0.0454,0.0386,2.4,593,0.171,1531.3,166.0,58.8,Sand,1,4.3257,1432.6,98.7,67.1,0.03677,0.602,518.94,2.63,100.0,0
4.135,2.393,0.586,0.0384,0.0443,10.5,254,0.215,1522.8,153.8,89.5,Permanent,0,4.9455,1415.1,107.7,15.55,0.03588,0.402,800.85,1.71,90.24,0
3.637,1.8,0.715,0.0909,0.0236,17.0,1474,0.074,1573.9,156.5,32.1,Permanent,0,4.2677,1433.8,140.1,178.51,0.01679,0.205,103.22,13.73,69.7,0
3.711,2.41,0.477,0.0406,0.0453,3.6,827,0.093,1538.6,244.6,45.4,Permanent,0,4.5274,1426.8,111.8,70.87,0.04219,0.534,206.39,6.27,100.0,0
3.619,2.596,0.329,0.0323,0.0656,4.2,800,0.152,1513.3,250.7,24.6,Permanent,0,4.4948,1427.9,85.4,108.28,0.06033,0.741,60.53,20.86,100.0,0
3.742,1.968,0.374,0.0403,0.0403,7.7,701,0.098,1558.7,224.8,25.7,Permanent,0,4.4115,1429.5,129.2,53.88,0.03459,0.527,66.17,20.16,97.56,0
3.316,2.435,0.405,0.0381,0.0396,7.4,757,0.123,1501.7,275.3,19.3,Permanent,0,4.1401,1437.7,64.0,78.47,0.0341,0.456,37.41,32.79,100.0,0
3.445,2.34,0.331,0.0206,0.0615,5.7,557,0.171,1554.8,201.3,19.2,Sand,1,4.2321,1434.8,120.0,59.11,0.05484,0.671,55.27,24.49,100.0,0
3.302,2.201,0.324,0.031,0.0575,7.0,758,0.178,1516.6,272.6,30.1,Permanent,0,4.0459,1439.9,76.6,114.26,0.04997,0.582,90.38,13.76,96.18,0
3.545,2.653,0.262,0.0234,0.0455,4.5,820,0.161,1501.7,196.0,27.9,Permanent,0,4.4369,1429.5,72.2,121.06,0.04163,0.59,78.12,16.71,98.81,0
3.238,2.518,0.398,0.0855,0.0341,13.1,1373,0.229,1493.7,147.6,61.6,Permanent,0,4.1053,1439.2,54.5,482.7,0.02624,0.284,379.92,3.54,10.62,1
3.61,1.996,0.548,0.0449,0.0531,3.4,847,0.175,1517.2,213.5,30.6,Sand,1,4.2899,1433.0,84.2,140.53,0.04963,0.617,140.55,9.28,89.5,0
3.613,1.955,0.532,0.0121,0.0515,7.1,723,0.108,1519.6,249.4,13.9,Permanent,0,4.2686,1433.2,86.4,63.18,0.04469,0.586,19.44,40.0,100.0,0
3.492,2.229,0.433,0.0359,0.0396,6.2,666,0.107,1507.1,180.6,22.3,Permanent,0,4.247,1434.4,72.7,52.78,0.03501,0.465,49.61,26.74,99.27,0
3.557,2.905,0.657,0.0889,0.0466,15.9,226,0.187,1609.5,76.1,52.2,Permanent,0,4.5545,1427.2,182.3,10.69,0.03389,0.408,272.24,5.63,67.83,0
3.131,3.013,0.365,0.0707,0.0356,17.9,1286,0.152,1520.7,140.5,81.9,Permanent,0,4.1586,1438.2,82.5,280.79,0.02494,0.305,670.53,2.06,60.01,1
3.762,2.518,0.484,0.0199,0.0704,6.2,526,0.165,1554.2,266.9,28.1,Sand,1,4.6084,1424.5,129.7,50.9,0.06213,0.68,118.3,10.88,100.0,0
3.813,1.859,0.556,0.0433,0.0563,16.6,1575,0.222,1444.5,96.5,38.3,Permanent,0,4.4474,1428.4,16.2,615.64,0.04041,0.48,147.04,9.17,0.0,1
3.486,2.549,0.422,0.0364,0.0593,7.1,889,0.121,1540.9,184.4,55.4,Die,2,4.3477,1432.0,108.9,106.72,0.0515,0.619,245.93,5.52,100.0,0
3.315,2.26,0.533,0.0433,0.0452,3.6,809,0.112,1540.7,236.9,47.1,Permanent,0,4.083,1439.1,101.6,81.69,0.04208,0.599,222.18,5.87,100.0,0
3.67,3.113,0.434,0.0367,0.0559,17.3,1209,0.184,1561.4,79.1,42.1,Permanent,0,4.7204,1422.3,139.0,300.82,0.0395,0.405,176.86,8.38,49.16,1
3.783,2.229,0.509,0.0447,0.0659,3.6,572,0.156,1537.8,170.5,51.8,Die,2,4.5412,1426.2,111.6,57.23,0.06132,0.807,214.35,6.38,100.0,0
3.663,2.108,0.262,0.0495,0.0556,7.7,540,0.142,1550.0,228.9,20.4,Sand,1,4.3821,1430.6,119.4,46.47,0.04763,0.634,62.49,21.14,100.0,0
3.526,2.516,0.369,0.0196,0.0443,5.0,894,0.165,1538.5,272.9,17.3,Die,2,4.3712,1431.1,107.4,147.54,0.04015,0.644,23.9,40.0,94.48,0
3.478,1.457,0.228,0.0777,0.0394,11.0,1510,0.091,1449.2,85.3,34.6,Permanent,0,3.9892,1441.0,8.2,231.3,0.03162,0.42,119.59,11.41,42.98,1
3.16,2.513,0.755,0.0455,0.0404,11.5,571,0.249,1459.9,158.1,23.7,Permanent,0,4.0125,1441.4,18.4,90.63,0.03208,0.416,55.96,23.26,82.89,0
3.536,2.377,0.466,0.0154,0.0679,3.7,886,0.152,1518.7,223.6,27.8,Permanent,0,4.3337,1432.0,86.7,133.4,0.06312,0.783,77.24,16.77,94.66,0
3.366,2.052,0.315,0.0102,0.0679,2.0,733,0.09,1537.0,186.7,37.6,Die,2,4.053,1439.3,97.6,53.85,0.0652,0.813,112.84,11.97,100.0,0
3.744,2.428,0.343,0.0268,0.0395,2.3,584,0.13,1535.2,292.5,21.9,Permanent,0,4.562,1425.8,109.4,49.77,0.03771,0.527,48.09,25.84,100.0,0
3.443,2.081,0.303,0.0265,0.0486,3.7,651,0.121,1502.7,169.4,23.4,Die,2,4.1452,1437.0,65.7,57.21,0.04506,0.538,43.99,30.31,100.0,0
3.401,2.457,0.326,0.039,0.0407,4.2,719,0.158,1508.2,271.1,18.8,Permanent,0,4.2328,1435.1,73.1,91.35,0.03745,0.511,35.23,35.12,100.0,0
3.352,2.353,0.516,0.0375,0.0553,5.2,751,0.106,1550.5,218.6,26.1,Die,2,4.1488,1437.3,113.1,67.06,0.0498,0.669,54.69,24.36,99.28,0
3.397,1.906,0.465,0.0186,0.0697,3.0,663,0.088,1524.3,193.4,26.3,Permanent,0,4.0387,1439.6,84.7,43.03,0.0657,0.788,69.12,19.26,100.0,0
3.308,1.837,0.516,0.0482,0.0287,17.7,1454,0.179,1579.1,76.8,67.7,Permanent,0,3.937,1442.7,136.5,423.47,0.02016,0.168,457.9,3.28,10.64,1
4.175,1.473,0.547,0.0509,0.0325,14.5,600,0.148,1528.4,50.2,67.6,Permanent,0,4.6828,1421.3,107.0,59.5,0.02428,0.339,456.36,3.24,81.3,0
3.643,2.589,0.374,0.026,0.0617,6.6,543,0.159,1557.0,277.3,54.3,Permanent,0,4.5145,1427.3,129.7,52.46,0.05406,0.624,295.07,4.34,100.0,0
3.559,2.13,0.25,0.0191,0.0687,5.6,851,0.121,1511.9,286.9,26.1,Permanent,0,4.2756,1433.3,78.6,98.19,0.06144,0.632,68.25,17.95,100.0,0
3.209,2.363,0.337,0.08,0.0292,6.5,331,0.216,1491.5,147.2,87.8,Die,2,4.023,1441.3,50.2,26.44,0.02566,0.374,616.23,2.18,82.03,0
3.729,1.775,0.444,0.0265,0.0594,17.9,525,0.204,1507.7,82.7,34.4,Permanent,0,4.3292,1431.4,76.3,62.83,0.04154,0.357,118.04,12.07,91.01,0
3.485,2.458,0.297,0.0248,0.0517,6.6,839,0.173,1548.4,212.3,35.4,Permanent,0,4.3129,1432.7,115.7,136.42,0.04529,0.547,125.51,10.65,95.16,0
3.424,2.301,0.278,0.0107,0.0581,4.6,880,0.084,1530.5,271.7,26.9,Sand,1,4.1949,1435.7,94.8,72.35,0.05298,0.665,108.36,11.62,98.78,0
3.062,1.833,0.721,0.0476,0.0531,12.8,212,0.056,1471.1,89.4,59.1,Permanent,0,3.6888,1449.6,21.5,2.82,0.04117,0.464,349.03,3.96,62.28,0
3.562,2.594,0.543,0.0478,0.0393,2.6,782,0.171,1530.7,160.6,49.7,Permanent,0,4.4424,1429.5,101.2,117.0,0.0373,0.586,246.8,5.55,100.0,0
3.58,2.344,0.512,0.0386,0.0721,2.6,855,0.082,1551.8,206.0,10.7,Permanent,0,4.3742,1431.0,120.8,67.22,0.0684,0.818,11.35,40.0,97.11,0
3.32,1.481,0.435,0.0827,0.0562,11.8,271,0.219,1450.0,90.2,16.5,Die,2,3.8411,1445.2,4.8,17.96,0.04441,0.532,21.79,40.0,59.07,1
3.919,1.732,0.334,0.0486,0.0315,16.7,1147,0.211,1441.1,126.0,48.8,Sand,1,4.5126,1426.4,14.7,309.66,0.02254,0.289,357.16,3.68,33.36,1
3.44,2.163,0.461,0.0151,0.0595,4.6,886,0.11,1503.9,258.5,59.3,Permanent,0,4.1659,1436.4,67.5,96.71,0.05433,0.702,351.6,3.54,100.0,0
3.359,2.359,0.394,0.0226,0.0739,3.5,788,0.089,1525.1,279.8,27.4,Permanent,0,4.1527,1437.1,88.0,61.65,0.0689,0.855,74.87,16.63,100.0,0
3.577,2.564,0.442,0.0318,0.0454,2.9,827,0.114,1517.4,155.4,15.9,Sand,1,4.4425,1429.3,88.1,86.83,0.04286,0.557,38.05,35.79,97.36,0
3.685,2.238,0.327,0.0354,0.0528,4.3,526,0.134,1532.5,219.2,53.6,Permanent,0,4.4429,1428.9,103.6,41.34,0.04848,0.557,287.36,4.57,100.0,0
3.455,2.225,0.444,0.0312,0.0449,3.9,632,0.104,1512.6,292.2,16.2,Permanent,0,4.2077,1435.4,77.2,46.48,0.04152,0.549,26.3,40.0,97.31,0
3.469,2.181,0.299,0.0247,0.0553,5.8,759,0.089,1559.8,285.1,55.9,Sand,1,4.204,1435.4,124.4,57.53,0.04919,0.635,469.22,2.72,100.0,0
3.6,2.2,0.351,0.0268,0.0444,5.1,529,0.138,1558.8,158.5,27.4,Die,2,4.3427,1431.6,127.2,43.17,0.04003,0.598,60.06,23.32,100.0,0
3.681,2.068,0.43,0.0199,0.0489,3.4,792,0.165,1531.5,252.3,27.5,Die,2,4.3772,1430.4,101.2,115.83,0.0457,0.587,60.47,21.16,98.19,0
3.307,2.087,0.503,0.014,0.044,4.3,867,0.147,1530.1,151.5,51.3,Die,2,4.0075,1440.7,89.4,123.45,0.04032,0.588,210.71,6.54,95.42,0
3.727,2.303,0.528,0.0242,0.0525,3.0,743,0.161,1513.7,201.3,14.1,Permanent,0,4.5031,1427.2,86.5,99.44,0.04942,0.704,19.81,40.0,100.0,0
3.496,2.586,0.447,0.0203,0.0448,5.8,760,0.089,1548.0,296.9,19.2,Sand,1,4.365,1431.4,116.6,57.49,0.03989,0.53,55.25,22.64,100.0,0
3.702,1.973,0.272,0.032,0.0585,5.2,538,0.083,1529.7,261.4,18.6,Die,2,4.3704,1430.6,99.1,26.79,0.05275,0.638,27.56,40.0,100.0,0
3.305,2.305,0.507,0.0307,0.0426,3.8,732,0.087,1541.2,295.1,37.9,Sand,1,4.0836,1439.0,102.2,52.32,0.03943,0.603,215.41,5.78,95.1,0
3.919,1.431,0.202,0.0777,0.0261,14.1,1545,0.08,1527.7,51.2,61.5,Permanent,0,4.4217,1428.8,98.9,213.04,0.0197,0.23,378.62,3.9,56.34,1
3.797,2.035,0.517,0.0443,0.0599,6.5,624,0.152,1548.6,175.5,25.9,Die,2,4.4896,1427.4,121.2,66.32,0.05257,0.606,53.74,25.55,100.0,0
3.068,2.287,0.8,0.034,0.0394,7.3,565,0.11,1446.4,58.0,38.7,Die,2,3.8412,1445.8,0.6,39.2,0.03401,0.465,119.81,11.59,60.79,1
3.698,1.913,0.373,0.0145,0.0631,5.8,875,0.102,1536.8,209.4,44.9,Sand,1,4.3402,1431.2,105.6,87.44,0.05622,0.67,301.97,4.4,100.0,0
3.356,1.927,0.281,0.0284,0.055,16.5,1583,0.187,1462.9,111.4,54.9,Permanent,0,4.0083,1440.6,22.3,523.11,0.03954,0.368,301.3,4.49,0.0,1
3.271,3.023,0.68,0.034,0.048,12.4,1390,0.056,1591.3,106.2,15.6,Permanent,0,4.2896,1434.2,157.0,121.6,0.03745,0.312,24.18,40.0,79.62,0
3.499,1.936,0.382,0.0345,0.0673,4.7,843,0.176,1525.0,268.4,12.0,Die,2,4.1556,1436.5,88.4,140.01,0.06117,0.738,11.6,40.0,90.72,0
3.028,1.676,0.585,0.0362,0.0554,5.5,1378,0.151,1456.1,88.4,84.8,Sand,1,3.5991,1451.8,4.3,319.39,0.0496,0.689,1077.61,1.27,22.51,1
3.368,2.512,0.284,0.0444,0.0553,7.2,670,0.154,1511.6,249.9,50.4,Permanent,0,4.2204,1435.6,76.0,77.31,0.04789,0.582,253.6,4.98,100.0,0
3.469,1.712,0.678,0.0698,0.0404,14.8,1192,0.079,1450.2,86.8,32.5,Sand,1,4.0633,1439.2,11.0,125.45,0.03004,0.293,158.71,8.59,63.25,0
3.731,2.031,0.357,0.024,0.0426,4.0,688,0.144,1549.6,168.4,51.1,Sand,1,4.4158,1429.3,120.4,76.49,0.03931,0.598,391.56,3.53,100.0,0
3.666,2.067,0.298,0.0499,0.0457,4.6,888,0.166,1538.0,259.3,28.3,Permanent,0,4.3718,1430.8,107.2,146.1,0.04168,0.564,80.19,15.95,93.53,0
3.611,1.967,0.444,0.0391,0.0442,5.2,678,0.15,1543.5,247.2,22.6,Permanent,0,4.2797,1433.2,110.4,76.99,0.03981,0.527,50.87,25.48,100.0,0
3.189,1.473,0.553,0.0426,0.0244,16.3,363,0.168,1593.1,71.5,15.1,Sand,1,3.6942,1448.9,144.2,24.78,0.01758,0.249,34.25,40.0,59.8,1
3.653,2.35,0.531,0.0158,0.0511,6.3,887,0.132,1522.5,286.9,35.4,Sand,1,4.4418,1428.9,93.6,116.39,0.04507,0.562,188.47,6.56,99.2,0
3.304,2.581,0.294,0.023,0.0721,7.2,606,0.092,1500.2,152.8,19.1,Sand,1,4.172,1436.8,63.4,37.76,0.06245,0.716,54.49,24.73,100.0,0
3.702,1.461,0.579,0.0976,0.0266,13.3,1585,0.239,1548.5,113.0,36.5,Permanent,0,4.2214,1434.7,113.8,671.97,0.02036,0.321,133.37,10.76,0.0,1
4.114,1.9,0.152,0.0389,0.0274,7.3,441,0.097,1600.4,147.6,85.5,Sand,1,4.7601,1419.6,180.8,21.02,0.0237,0.4,1095.8,1.33,67.63,0
4.073,2.512,0.648,0.0303,0.0597,9.6,1550,0.147,1552.5,120.3,34.9,Sand,1,4.9207,1415.9,136.7,395.72,0.04924,0.548,182.66,7.84,26.82,1
3.959,2.669,0.187,0.0831,0.0227,5.3,1264,0.243,1569.9,118.0,38.3,Permanent,0,4.8763,1417.8,152.1,434.22,0.02041,0.418,146.62,9.9,7.81,1
3.445,2.087,0.391,0.044,0.0618,4.4,756,0.095,1535.7,162.5,11.3,Die,2,4.1548,1436.9,98.8,60.64,0.05655,0.607,10.26,40.0,100.0,0
4.118,1.759,0.53,0.044,0.0372,7.7,434,0.242,1469.0,106.0,61.2,Permanent,0,4.7193,1420.6,48.4,51.06,0.03192,0.486,374.89,3.64,90.84,0
3.546,2.505,0.288,0.0451,0.0739,7.1,535,0.144,1539.8,208.4,49.0,Sand,1,4.3957,1430.7,109.1,46.12,0.06415,0.691,359.75,3.7,100.0,0
3.815,2.854,0.397,0.0872,0.0315,10.5,1341,0.151,1518.4,123.2,38.5,Sand,1,4.7956,1420.3,98.1,303.09,0.02552,0.366,222.77,6.26,43.98,1
3.565,2.46,0.673,0.0836,0.0401,13.9,1242,0.151,1448.7,82.5,41.5,Sand,1,4.4125,1430.5,18.2,260.15,0.03038,0.351,257.72,5.3,42.73,1
3.51,1.808,0.238,0.0431,0.0564,7.8,592,0.082,1528.2,135.5,58.0,Permanent,0,4.127,1437.3,90.9,32.07,0.04825,0.597,336.41,4.14,98.14,0
3.322,2.052,0.323,0.0224,0.0629,2.2,774,0.084,1551.3,280.0,54.9,Permanent,0,4.0139,1440.6,110.8,56.41,0.06016,0.776,301.65,4.21,99.05,0
3.648,2.515,0.512,0.0351,0.0457,2.6,631,0.085,1518.0,243.4,57.7,Permanent,0,4.4976,1427.7,90.3,38.04,0.04335,0.588,332.37,3.83,100.0,0
3.527,2.452,0.277,0.0259,0.0712,2.6,504,0.122,1556.0,209.0,25.1,Permanent,0,4.3529,1431.6,124.3,34.65,0.06767,0.795,63.0,21.38,100.0,0
3.456,1.963,0.441,0.0473,0.0608,2.1,691,0.102,1509.5,269.2,35.9,Permanent,0,4.1265,1437.5,72.0,54.61,0.0583,0.718,128.82,9.63,100.0,0
3.451,2.16,0.513,0.0711,0.0479,15.3,1143,0.23,1582.3,84.7,75.8,Permanent,0,4.1951,1436.1,146.2,335.11,0.03527,0.353,574.01,2.61,38.06,1
3.509,1.939,0.301,0.0273,0.0469,4.2,774,0.112,1511.9,260.3,15.8,Permanent,0,4.1644,1436.2,75.6,75.05,0.04306,0.53,24.84,40.0,98.94,0
3.583,2.659,0.376,0.0185,0.0532,4.2,867,0.156,1518.7,183.9,54.4,Permanent,0,4.4758,1428.4,90.3,131.18,0.0489,0.535,296.38,4.5,97.7,0
3.701,2.135,0.445,0.0441,0.0702,2.7,828,0.149,1523.3,156.1,60.0,Sand,1,4.4277,1429.3,94.0,114.24,0.06645,0.824,539.34,2.53,98.73,0
3.222,2.596,0.598,0.0534,0.0595,17.0,357,0.212,1480.9,80.0,19.0,Permanent,0,4.1046,1439.0,41.9,30.17,0.04238,0.459,36.18,38.72,84.99,0
3.352,2.562,0.473,0.0222,0.056,6.5,729,0.083,1545.9,262.2,53.6,Permanent,0,4.2139,1435.6,110.2,49.58,0.04918,0.567,287.72,4.46,100.0,0
3.388,2.566,0.431,0.011,0.067,6.0,744,0.121,1527.8,237.5,59.0,Permanent,0,4.2467,1434.6,93.2,74.56,0.05945,0.728,348.66,3.7,100.0,0
3.393,2.379,0.466,0.0223,0.0565,6.1,806,0.145,1512.1,151.8,55.8,Permanent,0,4.1932,1436.0,76.1,105.29,0.05001,0.57,311.69,4.36,98.39,0
3.444,1.907,0.373,0.0187,0.0392,5.4,523,0.082,1517.1,200.2,12.1,Permanent,0,4.0855,1438.3,78.8,25.09,0.03516,0.514,14.63,40.0,89.98,0
3.326,2.378,0.383,0.0497,0.0432,4.1,890,0.142,1501.7,247.1,27.0,Permanent,0,4.1348,1437.9,63.8,126.07,0.03982,0.596,73.02,17.18,96.36,0
3.62,2.173,0.502,0.0418,0.0748,5.4,523,0.169,1542.1,287.4,29.7,Permanent,0,4.3587,1431.2,110.9,51.6,0.06709,0.841,88.02,14.25,100.0,0
4.192,2.773,0.666,0.0869,0.0379,7.5,1174,0.196,1519.3,77.7,58.3,Sand,1,5.1456,1410.4,108.9,301.22,0.03263,0.466,509.75,2.83,44.19,1
3.304,2.536,0.266,0.017,0.0567,4.2,616,0.162,1514.4,299.1,12.8,Permanent,0,4.1553,1437.2,77.2,68.76,0.05216,0.623,16.41,40.0,100.0,0
3.652,2.398,0.344,0.0347,0.0733,7.1,795,0.113,1513.9,281.9,30.3,Permanent,0,4.4633,1428.5,85.4,80.12,0.06354,0.717,92.01,13.39,100.0,0
3.748,1.609,0.263,0.0937,0.0217,11.2,1385,0.214,1582.3,50.7,19.5,Permanent,0,4.3156,1432.2,150.1,459.48,0.01736,0.294,37.87,40.0,0.0,1
3.708,2.692,0.272,0.0242,0.0725,2.7,529,0.124,1529.9,170.4,46.8,Permanent,0,4.613,1424.7,105.3,38.83,0.06872,0.923,218.97,6.21,100.0,0
3.174,1.911,0.648,0.0616,0.058,16.4,583,0.217,1520.0,110.8,23.8,Sand,1,3.832,1445.8,74.2,82.3,0.04176,0.493,85.17,16.55,90.8,0
3.56,2.365,0.333,0.0368,0.0712,6.1,584,0.156,1524.7,252.9,47.4,Die,2,4.3612,1431.4,93.3,59.54,0.06303,0.756,180.03,7.06,100.0,0
3.38,1.951,0.323,0.0215,0.045,3.7,687,0.145,1522.4,150.2,15.3,Sand,1,4.0376,1439.7,82.6,76.38,0.04173,0.57,35.07,39.12,96.45,0
3.059,1.975,0.372,0.0223,0.0516,12.6,448,0.203,1440.2,150.9,23.0,Sand,1,3.7247,1448.5,-8.4,45.72,0.04008,0.452,79.18,16.28,68.37,0
3.544,2.34,0.348,0.0324,0.0479,2.2,893,0.102,1513.7,201.5,48.8,Sand,1,4.3347,1432.1,81.6,91.31,0.04579,0.601,356.78,3.68,98.87,0
3.745,2.632,0.288,0.0151,0.0651,2.2,817,0.16,1554.3,263.6,13.5,Die,2,4.6269,1424.1,130.2,119.39,0.06226,0.745,14.59,40.0,92.33,0
3.389,2.556,0.27,0.0253,0.0465,6.9,686,0.118,1512.0,192.3,40.2,Sand,1,4.2496,1434.7,77.3,62.08,0.04056,0.583,242.85,5.43,100.0,0
3.696,2.534,0.497,0.0416,0.0713,4.2,864,0.157,1533.1,164.4,43.5,Permanent,0,4.555,1426.2,106.9,130.92,0.06556,0.812,189.09,7.24,95.32,0
3.452,2.653,0.259,0.0436,0.0394,4.5,798,0.114,1553.6,173.7,20.4,Die,2,4.3507,1432.1,121.5,80.91,0.03601,0.557,33.26,40.0,100.0,0
3.411,2.546,0.329,0.0185,0.0414,5.0,511,0.115,1525.7,163.1,21.0,Permanent,0,4.2659,1434.1,91.6,33.67,0.03742,0.52,44.2,30.83,100.0,0
3.415,2.097,0.324,0.046,0.0395,4.7,773,0.118,1528.1,218.9,10.1,Die,2,4.1295,1437.6,90.5,78.93,0.03596,0.463,8.15,40.0,100.0,0
3.664,2.392,0.473,0.0108,0.044,2.9,744,0.13,1511.7,252.3,12.2,Permanent,0,4.4655,1428.3,83.5,80.73,0.04156,0.6,14.97,40.0,97.02,0
3.561,1.948,0.525,0.0207,0.0632,4.5,624,0.13,1554.7,195.6,16.7,Sand,1,4.2174,1434.7,120.0,56.6,0.05776,0.667,41.76,32.55,100.0,0
4.098,2.287,0.326,0.0606,0.0304,6.7,1349,0.165,1507.9,118.8,48.2,Permanent,0,4.8801,1417.0,90.9,336.31,0.02658,0.391,231.95,5.99,40.95,1
3.333,1.965,0.354,0.0338,0.0701,3.8,654,0.13,1524.6,293.6,24.1,Sand,1,3.999,1441.0,83.6,62.1,0.06507,0.804,87.35,14.09,99.3,0
3.368,2.045,0.437,0.0458,0.0398,4.0,873,0.162,1533.6,189.9,46.3,Die,2,4.0653,1439.3,94.2,137.76,0.03678,0.646,171.48,7.84,92.23,0
3.374,2.37,0.496,0.0245,0.0675,5.0,810,0.106,1540.6,252.9,35.1,Permanent,0,4.1726,1436.6,104.0,77.69,0.06107,0.724,122.95,10.47,100.0,0
3.4,2.569,0.298,0.0437,0.0657,2.9,895,0.17,1522.9,262.7,37.6,Permanent,0,4.2705,1434.3,88.7,152.62,0.06201,0.776,141.06,8.93,94.08,0
3.272,1.611,0.48,0.0377,0.0276,17.4,1353,0.096,1548.3,58.5,57.3,Sand,1,3.8213,1445.5,102.8,195.74,0.01951,0.168,492.06,3.03,49.9,1
3.379,1.601,0.509,0.0798,0.0251,5.7,1519,0.05,1511.2,111.6,42.5,Permanent,0,3.9389,1442.6,68.7,130.16,0.02245,0.376,180.56,7.75,75.88,0
3.527,2.502,0.469,0.0499,0.0744,7.9,819,0.114,1505.6,162.9,37.9,Sand,1,4.3781,1431.2,74.4,85.47,0.06355,0.701,215.36,6.23,100.0,0
3.705,2.617,0.322,0.0473,0.0554,7.3,556,0.133,1529.9,217.9,55.9,Die,2,4.5932,1425.3,104.6,45.95,0.04788,0.486,250.32,5.24,100.0,0
3.74,2.092,0.321,0.0176,0.0721,6.6,514,0.101,1530.7,197.2,45.2,Sand,1,4.4437,1428.5,102.1,29.74,0.06322,0.681,306.65,4.35,99.61,0
3.917,2.645,0.335,0.0872,0.0236,12.1,228,0.189,1458.6,93.8,69.0,Permanent,0,4.8281,1419.2,39.4,11.02,0.01851,0.305,475.89,2.87,64.68,0
3.458,2.082,0.288,0.0256,0.062,4.7,861,0.12,1557.5,261.6,45.1,Sand,1,4.1602,1436.5,121.0,99.45,0.05641,0.763,305.53,4.24,100.0,0
3.751,2.015,0.501,0.042,0.0401,2.0,505,0.158,1524.3,255.4,33.8,Sand,1,4.4369,1428.8,95.4,45.04,0.03853,0.609,171.85,7.38,100.0,0
3.511,2.136,0.721,0.0659,0.0483,7.8,337,0.125,1516.8,77.4,86.3,Permanent,0,4.2449,1434.6,82.2,15.93,0.04129,0.5,744.58,1.93,91.68,0
3.515,2.455,0.466,0.025,0.0689,2.3,610,0.172,1540.8,203.0,11.7,Die,2,4.3414,1431.9,108.9,71.76,0.06584,0.758,10.95,40.0,98.67,0
3.358,2.346,0.326,0.0211,0.06,5.4,885,0.094,1510.1,248.5,55.8,Permanent,0,4.1468,1437.2,72.9,81.87,0.0539,0.656,311.23,4.05,100.0,0
3.576,2.559,0.449,0.0362,0.0661,6.9,728,0.127,1510.6,247.1,37.3,Permanent,0,4.4409,1429.4,81.2,75.26,0.05758,0.664,139.16,9.08,100.0,0
3.671,2.26,0.529,0.0717,0.0518,7.3,334,0.08,1475.5,140.7,74.0,Permanent,0,4.4479,1429.1,46.3,10.01,0.04477,0.532,546.98,2.44,87.94,0
3.37,2.398,0.327,0.0383,0.0746,8.0,631,0.161,1517.8,219.4,52.2,Permanent,0,4.1817,1436.5,81.3,71.79,0.06358,0.735,272.74,4.76,100.0,0
3.741,2.103,0.378,0.0455,0.0496,2.7,843,0.121,1529.7,204.4,41.3,Die,2,4.4569,1428.4,101.2,96.44,0.04691,0.596,136.58,9.7,100.0,0
3.944,1.476,0.791,0.0321,0.0208,5.5,387,0.194,1597.8,83.5,7.6,Sand,1,4.4464,1427.8,170.0,32.61,0.01863,0.354,8.58,40.0,63.5,0
3.419,1.619,0.153,0.0613,0.0231,11.3,252,0.082,1554.2,127.8,12.5,Permanent,0,3.9789,1441.3,112.9,5.8,0.01845,0.278,15.53,40.0,69.26,0
3.506,2.843,0.755,0.0658,0.0485,14.0,1336,0.09,1549.9,133.0,34.7,Die,2,4.4754,1429.1,120.8,178.73,0.03665,0.486,96.16,14.73,87.96,0
3.311,2.06,0.321,0.0332,0.044,6.4,823,0.138,1523.6,244.3,33.8,Permanent,0,4.0091,1440.8,82.8,104.06,0.03871,0.564,114.52,11.17,100.0,0
3.918,2.858,0.756,0.0517,0.0498,7.0,372,0.23,1491.1,64.2,68.4,Die,2,4.8877,1417.4,73.6,35.59,0.04328,0.574,373.75,3.82,90.44,0
3.753,3.183,0.786,0.0597,0.0371,11.6,1391,0.249,1497.0,59.8,44.3,Sand,1,4.8344,1419.4,77.5,537.69,0.0294,0.407,294.42,4.88,0.06,1
4.136,2.775,0.364,0.0487,0.0475,11.7,1104,0.245,1516.9,99.6,68.0,Permanent,0,5.0773,1412.0,104.9,334.35,0.03759,0.45,462.84,3.06,38.53,1
3.447,2.616,0.506,0.0271,0.0416,6.4,816,0.139,1510.1,193.7,54.2,Sand,1,4.3284,1432.5,77.5,103.15,0.03658,0.522,440.23,2.99,98.04,0
3.427,2.422,0.375,0.0372,0.0488,2.6,600,0.14,1501.9,297.3,49.4,Permanent,0,4.2469,1434.7,67.2,56.25,0.04636,0.639,243.98,4.94,100.0,0
3.739,2.352,0.291,0.0452,0.0633,7.4,812,0.099,1555.3,238.6,39.1,Die,2,4.5382,1426.5,128.8,72.73,0.05462,0.689,122.02,10.79,99.56,0
3.753,2.517,0.26,0.0321,0.0542,5.9,745,0.131,1537.3,278.5,33.8,Sand,1,4.6028,1424.8,112.5,81.33,0.04821,0.618,171.26,7.35,100.0,0
3.434,2.09,0.506,0.014,0.0726,5.6,520,0.084,1530.0,271.2,11.2,Permanent,0,4.1355,1437.1,92.8,25.35,0.06494,0.732,12.6,40.0,94.28,0
3.713,2.182,0.399,0.0282,0.049,3.5,672,0.169,1511.6,255.3,39.0,Permanent,0,4.4497,1428.6,83.0,85.14,0.04574,0.668,152.35,8.25,100.0,0
3.297,3.064,0.577,0.0718,0.0531,10.2,530,0.086,1524.8,110.8,72.8,Permanent,0,4.3426,1433.2,91.6,27.14,0.04331,0.501,530.47,2.67,96.27,0
3.648,2.054,0.408,0.0491,0.0709,7.5,832,0.107,1531.7,254.3,36.6,Sand,1,4.3488,1431.4,100.2,82.97,0.06099,0.688,201.12,6.35,100.0,0
3.423,1.941,0.408,0.0107,0.038,4.6,574,0.153,1527.6,246.2,23.6,Permanent,0,4.074,1438.6,88.9,56.24,0.03466,0.515,55.61,23.04,98.0,0
3.745,1.663,0.777,0.0998,0.0318,17.5,334,0.137,1464.4,135.8,11.5,Die,2,4.3326,1431.8,32.6,17.05,0.02237,0.295,10.59,40.0,73.56,0
3.305,2.683,0.292,0.0433,0.0749,2.9,500,0.103,1534.3,185.5,18.6,Sand,1,4.2141,1436.0,98.3,28.87,0.07077,0.834,52.02,25.93,91.97,0
3.714,2.185,0.53,0.0244,0.0614,2.7,887,0.087,1534.5,209.8,27.3,Permanent,0,4.4507,1428.5,106.0,76.26,0.05816,0.75,74.73,17.73,100.0,0
3.402,2.366,0.398,0.0449,0.0598,5.7,618,0.154,1547.2,175.4,14.4,Sand,1,4.2058,1435.8,111.4,65.8,0.05336,0.552,31.19,40.0,100.0,0
3.613,2.93,0.575,0.0215,0.0474,17.7,1405,0.114,1511.6,101.0,83.7,Die,2,4.5966,1425.4,86.2,251.92,0.03325,0.31,560.57,2.52,66.95,0
3.647,2.456,0.319,0.0217,0.0595,2.9,653,0.093,1557.7,283.7,55.1,Permanent,0,4.4733,1428.2,129.5,44.25,0.05612,0.728,303.92,4.19,100.0,0
3.658,2.206,0.446,0.0398,0.0388,7.0,773,0.16,1530.4,186.0,41.3,Permanent,0,4.4067,1429.9,100.5,106.83,0.03377,0.538,170.94,7.86,96.54,0
3.676,2.122,0.387,0.0423,0.0271,18.0,330,0.211,1570.1,126.4,14.1,Permanent,0,4.3974,1430.1,140.0,25.62,0.01888,0.222,19.82,40.0,73.07,0
3.312,2.391,0.453,0.0176,0.0551,7.6,634,0.154,1557.4,213.3,25.8,Die,2,4.1148,1438.1,119.3,69.22,0.04735,0.577,53.1,25.31,100.0,0
3.783,2.228,0.531,0.0475,0.0686,3.5,892,0.149,1552.9,217.0,28.1,Sand,1,4.5417,1426.2,126.6,132.85,0.06394,0.766,118.13,11.31,94.45,0
3.686,2.151,0.36,0.0352,0.0582,7.6,553,0.087,1515.6,278.3,41.8,Permanent,0,4.4149,1429.6,86.0,29.64,0.05002,0.507,174.45,7.09,100.0,0
4.124,3.049,0.519,0.0952,0.0411,13.7,542,0.08,1524.0,158.1,63.5,Die,2,5.172,1410.1,113.9,26.23,0.03125,0.333,322.21,4.24,90.16,0
3.343,2.165,0.288,0.0404,0.0617,2.7,593,0.159,1516.5,265.6,14.6,Die,2,4.0787,1439.1,77.4,62.58,0.05849,0.746,16.95,40.0,100.0,0
3.548,2.547,0.368,0.0345,0.0437,6.7,731,0.162,1542.7,179.5,45.2,Permanent,0,4.4082,1430.3,112.4,96.72,0.0382,0.438,204.54,6.66,100.0,0
3.404,2.364,0.336,0.0205,0.0391,2.5,858,0.143,1505.3,249.7,23.6,Sand,1,4.1992,1435.8,69.5,117.33,0.03724,0.589,83.82,14.98,99.44,0
3.586,2.329,0.458,0.0437,0.071,6.8,592,0.118,1556.9,183.3,21.5,Sand,1,4.3773,1430.9,126.0,46.31,0.06194,0.76,69.34,19.81,100.0,0
3.548,2.43,0.533,0.0126,0.0498,3.1,523,0.121,1505.4,197.2,41.0,Permanent,0,4.3624,1431.2,74.2,36.91,0.04686,0.698,167.76,7.8,100.0,0
3.046,2.444,0.203,0.0467,0.0578,11.9,1497,0.235,1605.0,136.5,5.2,Permanent,0,3.8759,1445.2,159.8,588.18,0.04551,0.47,2.73,40.0,0.0,1
3.725,2.568,0.423,0.0345,0.0691,7.6,556,0.148,1501.6,224.0,51.3,Permanent,0,4.5925,1425.2,76.5,51.08,0.05938,0.739,262.84,4.86,100.0,0
3.694,2.119,0.504,0.0316,0.0678,4.3,622,0.114,1534.5,180.7,37.2,Die,2,4.4106,1429.6,104.9,49.15,0.06223,0.742,111.0,12.2,100.0,0
3.694,2.449,0.507,0.0308,0.0517,2.1,552,0.128,1521.3,281.5,36.7,Sand,1,4.5201,1427.0,94.3,43.49,0.04965,0.644,202.32,6.13,100.0,0
3.41,2.157,0.402,0.0261,0.058,6.3,878,0.169,1502.8,211.6,59.1,Permanent,0,4.138,1437.3,65.5,145.91,0.05112,0.613,349.23,3.7,90.66,0
3.831,2.234,0.533,0.0779,0.0271,11.6,1518,0.187,1512.2,65.5,46.1,Permanent,0,4.6018,1424.9,87.3,480.89,0.02151,0.315,212.2,6.82,6.54,1
3.518,1.682,0.241,0.0974,0.0471,18.0,331,0.17,1468.6,115.6,20.3,Die,2,4.1109,1438.0,30.5,20.83,0.03291,0.22,33.01,40.0,79.01,0
3.467,2.305,0.378,0.0461,0.0579,4.8,578,0.149,1524.4,258.8,51.2,Sand,1,4.2511,1434.5,89.9,55.63,0.0526,0.706,392.89,3.22,100.0,0
3.521,2.003,0.392,0.0492,0.0392,6.3,713,0.166,1502.2,256.0,31.2,Permanent,0,4.2052,1435.4,66.8,94.12,0.03458,0.421,97.52,12.78,100.0,0
3.553,2.353,0.379,0.0322,0.0613,4.2,606,0.158,1538.9,270.7,25.8,Sand,1,4.3479,1431.7,107.2,64.89,0.05632,0.694,99.75,12.71,100.0,0
3.746,2.653,0.456,0.0268,0.0722,7.4,685,0.167,1539.3,213.5,25.9,Die,2,4.6394,1423.9,115.5,87.58,0.06226,0.744,53.75,24.67,100.0,0
4.102,2.464,0.244,0.0481,0.0216,16.8,1534,0.2,1508.6,147.1,66.7,Permanent,0,4.9387,1415.4,93.1,527.43,0.01545,0.185,445.49,3.06,0.0,1
3.722,2.695,0.374,0.0494,0.0733,8.0,784,0.115,1535.6,211.2,37.9,Die,2,4.6373,1424.2,111.4,78.87,0.06252,0.716,115.09,11.51,100.0,0
3.654,1.95,0.312,0.0209,0.0743,7.1,563,0.138,1511.0,203.6,33.0,Permanent,0,4.311,1432.1,78.9,48.96,0.06446,0.775,109.08,11.99,100.0,0
3.684,2.593,0.428,0.0431,0.0681,2.3,756,0.177,1512.7,157.0,40.1,Permanent,0,4.5633,1426.1,86.6,112.86,0.06508,0.834,161.13,8.41,98.28,0
3.72,1.954,0.385,0.0496,0.0592,6.3,736,0.178,1500.6,282.0,20.5,Permanent,0,4.3879,1430.2,70.4,107.49,0.05222,0.649,42.03,28.99,100.0,0
3.479,1.428,0.417,0.0382,0.0463,9.6,482,0.246,1481.2,124.1,18.7,Sand,1,3.9675,1441.2,40.0,64.02,0.03824,0.587,52.27,25.96,88.3,0
3.569,2.267,0.349,0.0187,0.066,2.5,731,0.167,1530.3,227.4,40.5,Permanent,0,4.3314,1431.9,98.3,99.42,0.06276,0.722,163.68,7.96,100.0,0
3.79,1.911,0.437,0.0463,0.062,7.4,612,0.165,1533.6,252.4,34.0,Sand,1,4.443,1428.6,105.0,68.8,0.05347,0.648,173.63,7.38,100.0,0
3.414,1.87,0.298,0.0471,0.0469,16.7,410,0.215,1510.1,59.5,43.6,Permanent,0,4.0528,1439.5,70.6,40.43,0.03355,0.356,189.68,7.65,86.9,0
3.801,1.979,0.347,0.0734,0.0328,12.7,1147,0.176,1477.9,52.4,83.9,Permanent,0,4.4857,1427.7,50.1,258.54,0.02543,0.256,704.73,2.02,50.3,1
4.092,2.854,0.221,0.0495,0.0248,5.8,1115,0.114,1533.7,53.9,52.9,Die,2,5.0595,1412.6,121.1,158.1,0.02205,0.379,223.72,6.61,63.57,0
3.306,2.679,0.495,0.0256,0.0709,2.3,510,0.105,1530.5,278.9,47.1,Permanent,0,4.2076,1436.0,94.5,30.63,0.06773,0.781,222.05,5.64,93.72,0
3.516,2.104,0.476,0.0433,0.0556,3.9,803,0.134,1555.1,221.1,33.7,Permanent,0,4.2315,1434.7,120.4,96.57,0.05142,0.67,113.38,11.77,100.0,0
3.975,2.053,0.154,0.0437,0.0359,15.0,1134,0.211,1571.8,56.8,48.2,Permanent,0,4.6738,1422.3,149.5,303.88,0.02665,0.288,232.1,6.53,35.91,1
3.445,2.077,0.369,0.0248,0.064,5.6,593,0.178,1530.6,248.4,45.7,Sand,1,4.1458,1436.9,93.7,69.91,0.05722,0.767,312.84,4.1,100.0,0
3.72,2.525,0.251,0.0214,0.0578,6.3,778,0.099,1537.9,186.9,46.0,Permanent,0,4.5693,1425.6,112.3,66.84,0.05092,0.672,211.44,6.39,100.0,0
3.693,2.277,0.534,0.0232,0.0742,4.4,842,0.128,1536.9,278.2,43.9,Sand,1,4.4603,1428.4,108.6,101.22,0.06802,0.806,288.67,4.36,95.96,0
3.352,1.816,0.552,0.0758,0.0226,8.6,1498,0.152,1453.7,60.3,76.4,Die,2,3.9822,1441.6,12.1,381.06,0.01903,0.337,467.26,2.98,6.46,1
3.685,2.292,0.357,0.0444,0.0637,6.7,865,0.099,1509.4,279.6,46.1,Permanent,0,4.4642,1428.5,80.9,83.06,0.05572,0.571,212.14,5.8,100.0,0
3.787,2.338,0.486,0.0313,0.0574,5.2,892,0.12,1542.3,172.3,22.7,Permanent,0,4.5771,1425.3,117.1,106.42,0.05171,0.581,51.36,26.67,100.0,0
3.353,2.373,0.452,0.0243,0.0491,4.0,587,0.094,1524.8,161.0,48.6,Sand,1,4.1527,1437.1,87.7,36.08,0.04534,0.635,354.3,3.85,100.0,0
3.822,1.447,0.406,0.0828,0.0243,17.9,1330,0.204,1500.4,60.8,61.7,Permanent,0,4.3316,1431.4,68.9,403.14,0.01698,0.19,380.48,3.78,12.99,1
3.699,2.381,0.35,0.0156,0.0689,6.1,505,0.127,1515.4,182.2,55.8,Permanent,0,4.4976,1427.4,88.0,36.19,0.061,0.641,310.88,4.29,100.0,0
4.01,2.933,0.246,0.0324,0.0419,8.7,1156,0.228,1454.5,143.5,55.0,Permanent,0,4.999,1414.2,40.3,340.76,0.03519,0.49,302.45,4.33,37.98,1
3.916,2.771,0.776,0.0748,0.0568,7.5,294,0.208,1468.1,85.1,82.5,Permanent,0,4.8649,1418.2,49.9,20.19,0.04886,0.577,680.05,2.03,84.76,0
3.437,2.556,0.342,0.025,0.043,7.8,731,0.122,1500.0,180.9,34.9,Permanent,0,4.2972,1433.3,66.7,72.76,0.03675,0.448,121.93,10.82,100.0,0
4.045,1.847,0.254,0.0747,0.0506,15.3,339,0.167,1493.5,112.5,24.7,Permanent,0,4.6861,1422.0,71.5,21.46,0.03725,0.393,60.86,22.69,88.63,0
3.541,2.482,0.416,0.0126,0.0618,8.0,539,0.104,1544.3,179.9,38.4,Die,2,4.3729,1431.0,113.3,33.97,0.0527,0.64,118.0,11.56,100.0,0
4.038,2.648,0.385,0.09,0.0428,13.4,1356,0.237,1579.2,151.4,37.0,Sand,1,4.9507,1415.8,163.4,487.79,0.0327,0.348,205.12,6.96,3.28,1
3.514,1.973,0.535,0.0395,0.0543,5.9,858,0.081,1511.0,169.0,58.2,Sand,1,4.1846,1435.8,75.1,66.59,0.04827,0.638,508.12,2.64,99.32,0
3.546,2.09,0.473,0.035,0.056,2.5,847,0.163,1502.5,255.4,53.7,Die,2,4.2545,1434.0,68.6,130.57,0.05326,0.672,230.64,5.41,96.65,0
3.413,2.357,0.508,0.0492,0.06,5.6,611,0.13,1521.3,242.3,19.8,Sand,1,4.2153,1435.6,85.8,54.2,0.05365,0.639,58.64,21.81,100.0,0
3.444,2.526,0.469,0.0478,0.0675,5.9,827,0.115,1505.3,235.8,28.7,Permanent,0,4.3019,1433.4,72.0,88.2,0.05992,0.605,82.57,15.38,100.0,0
3.709,1.908,0.523,0.0137,0.0695,4.9,762,0.143,1505.6,251.1,17.4,Die,2,4.3492,1430.9,74.7,92.56,0.06299,0.759,24.15,40.0,100.0,0
3.699,2.557,0.34,0.022,0.0449,7.0,719,0.153,1537.2,164.3,38.0,Sand,1,4.5588,1426.0,111.2,88.67,0.03905,0.456,217.06,6.32,100.0,0
4.076,2.042,0.22,0.0853,0.0251,13.4,396,0.07,1593.4,107.8,28.4,Sand,1,4.7852,1419.5,173.8,12.2,0.01916,0.227,120.91,12.29,57.95,1
3.882,2.028,0.681,0.0592,0.0306,11.8,1176,0.223,1473.0,133.1,82.0,Permanent,0,4.5777,1425.1,47.9,344.46,0.02417,0.311,672.03,1.99,33.22,1
3.413,2.146,0.364,0.048,0.0419,6.8,875,0.102,1532.0,287.4,53.9,Sand,1,4.1442,1437.3,94.8,87.42,0.03658,0.55,435.15,2.86,100.0,0
3.058,2.988,0.614,0.0732,0.0316,16.6,392,0.212,1522.4,129.0,72.6,Permanent,0,4.0783,1440.5,81.9,36.49,0.0227,0.225,526.89,2.64,81.14,0
3.53,2.34,0.376,0.0341,0.0648,8.0,647,0.081,1519.4,245.1,25.7,Permanent,0,4.321,1432.4,86.9,38.04,0.05527,0.684,66.1,19.28,100.0,0
3.651,2.426,0.478,0.0418,0.0675,4.1,583,0.148,1506.8,249.5,55.7,Permanent,0,4.4734,1428.4,78.5,56.12,0.06217,0.69,310.4,4.05,100.0,0
3.083,1.77,0.694,0.0294,0.0379,11.3,444,0.102,1609.4,104.2,72.8,Sand,1,3.6828,1449.5,159.9,22.42,0.03028,0.408,794.89,1.89,68.76,0
3.753,2.613,0.493,0.0458,0.0676,4.3,817,0.094,1523.8,277.6,25.1,Permanent,0,4.6392,1424.0,99.8,70.27,0.06199,0.781,62.87,19.82,100.0,0
3.575,2.126,0.422,0.0372,0.0564,3.0,869,0.105,1537.2,292.9,15.7,Permanent,0,4.2959,1432.9,104.3,88.47,0.05305,0.691,24.78,40.0,99.18,0
3.596,2.102,0.339,0.0351,0.0734,4.4,596,0.097,1514.0,201.9,43.0,Sand,1,4.3083,1432.5,81.5,38.41,0.06723,0.83,277.62,4.73,100.0,0
3.355,2.67,0.389,0.0376,0.0517,6.4,582,0.093,1509.0,270.2,23.0,Die,2,4.2571,1434.7,74.2,35.3,0.04542,0.569,42.5,29.14,96.03,0
3.646,2.234,0.347,0.0333,0.0446,4.0,689,0.122,1504.6,276.4,21.9,Sand,1,4.4022,1430.0,74.6,64.83,0.04118,0.588,71.66,17.14,100.0,0
3.505,2.494,0.491,0.0174,0.0587,5.4,550,0.142,1552.0,161.1,10.6,Permanent,0,4.3419,1431.9,120.1,48.06,0.05266,0.544,11.31,40.0,100.0,0
3.139,2.574,0.772,0.0934,0.0529,8.9,215,0.099,1455.2,127.6,23.2,Permanent,0,4.0284,1441.5,13.7,5.14,0.04425,0.516,53.7,24.72,67.49,0
3.76,2.66,0.507,0.0225,0.0429,3.8,629,0.151,1539.8,243.3,56.5,Die,2,4.6543,1423.4,116.3,66.52,0.03971,0.53,255.41,5.08,100.0,0
3.943,3.16,0.349,0.0943,0.0233,12.8,529,0.051,1594.6,66.9,12.4,Sand,1,5.0277,1414.3,180.3,15.8,0.01802,0.305,23.14,40.0,45.35,1
3.31,2.242,0.328,0.0188,0.0601,3.3,844,0.109,1513.5,215.9,45.3,Permanent,0,4.0632,1439.4,74.1,86.78,0.05628,0.749,205.52,6.31,99.35,0
3.301,2.182,0.522,0.0186,0.0626,6.3,851,0.084,1539.7,235.8,12.3,Permanent,0,4.0342,1440.1,99.6,68.26,0.05513,0.708,15.01,40.0,95.42,0
3.697,2.256,0.297,0.0372,0.0385,5.0,628,0.161,1544.6,191.4,38.4,Permanent,0,4.4614,1428.4,116.1,71.22,0.0349,0.426,147.14,9.2,100.0,0
3.674,2.403,0.371,0.0418,0.0453,4.8,571,0.102,1527.9,291.7,14.7,Permanent,0,4.4892,1427.9,100.0,37.26,0.04115,0.579,21.68,40.0,100.0,0
3.689,1.561,0.341,0.0384,0.0532,6.6,222,0.239,1543.5,57.9,24.6,Sand,1,4.2218,1434.2,109.3,13.23,0.04657,0.601,91.09,16.31,85.18,0
3.564,2.117,0.369,0.0396,0.0524,5.2,721,0.169,1527.4,247.8,50.6,Sand,1,4.2828,1433.3,94.2,97.99,0.04724,0.539,383.73,3.33,100.0,0
3.561,2.463,0.484,0.0102,0.0695,2.4,844,0.121,1551.0,194.5,11.2,Sand,1,4.3849,1430.6,120.4,96.01,0.0663,0.752,18.98,40.0,100.0,0
3.51,2.63,0.313,0.0348,0.0696,4.6,677,0.12,1544.5,183.8,40.8,Permanent,0,4.3979,1430.7,113.8,61.73,0.06341,0.839,166.2,8.19,100.0,0
3.507,2.218,0.426,0.016,0.0528,4.7,741,0.125,1511.9,157.9,47.5,Sand,1,4.2519,1434.1,77.9,76.43,0.04804,0.659,338.74,4.0,100.0,0
3.506,2.157,0.421,0.0247,0.0668,6.1,789,0.16,1516.5,228.7,58.5,Permanent,0,4.2334,1434.6,82.0,111.54,0.05915,0.683,341.72,3.77,100.0,0
3.42,2.33,0.47,0.0425,0.0598,5.9,604,0.098,1519.9,272.3,35.9,Permanent,0,4.2112,1435.6,84.3,39.96,0.05314,0.696,128.73,9.69,100.0,0
3.398,2.097,0.352,0.0246,0.0724,5.9,790,0.164,1547.2,276.6,10.9,Permanent,0,4.1049,1438.1,109.1,114.32,0.06424,0.691,11.9,40.0,91.36,0
3.659,2.085,0.413,0.0226,0.0607,6.8,843,0.09,1515.5,207.3,52.4,Permanent,0,4.3618,1430.9,84.6,71.74,0.05297,0.647,275.06,4.76,100.0,0
3.661,1.972,0.369,0.0491,0.0421,3.5,860,0.166,1500.1,265.3,43.9,Permanent,0,4.3349,1431.7,68.4,137.51,0.03932,0.607,192.59,6.41,96.78,0
3.553,1.815,0.399,0.0471,0.0301,9.6,1125,0.228,1541.4,58.7,32.2,Permanent,0,4.1735,1436.0,105.4,322.29,0.02482,0.313,103.55,14.32,34.58,1
3.538,2.338,0.466,0.0316,0.0722,7.8,596,0.176,1556.8,276.5,41.4,Permanent,0,4.3281,1432.2,124.6,69.92,0.06174,0.654,171.27,7.48,100.0,0
3.391,2.342,0.533,0.0452,0.0545,7.1,792,0.081,1522.4,151.1,24.6,Permanent,0,4.1865,1436.3,86.1,56.48,0.0472,0.584,60.53,22.66,100.0,0
3.312,2.673,0.415,0.0185,0.0475,4.1,529,0.099,1513.0,160.5,55.1,Sand,1,4.2087,1435.9,77.1,30.96,0.04377,0.65,455.3,2.97,99.55,0
3.389,2.335,0.508,0.0353,0.0598,6.4,631,0.156,1513.6,233.3,53.3,Permanent,0,4.1788,1436.4,77.2,69.24,0.0526,0.706,283.58,4.51,100.0,0
4.035,1.859,0.48,0.0713,0.0451,8.1,1319,0.246,1535.2,109.2,29.3,Permanent,0,4.6788,1422.1,113.1,478.47,0.0384,0.565,86.03,16.58,19.92,1
3.549,2.216,0.452,0.0497,0.0589,7.8,614,0.155,1525.5,216.3,42.1,Sand,1,4.3038,1432.9,92.6,65.16,0.05041,0.631,265.38,4.93,100.0,0
3.376,2.115,0.292,0.0256,0.0361,8.6,580,0.243,1537.6,147.0,7.6,Permanent,0,4.0894,1438.6,99.1,91.33,0.03038,0.432,5.7,40.0,93.44,0
3.472,1.635,0.756,0.0875,0.0451,17.6,427,0.217,1572.1,62.8,89.2,Permanent,0,4.0465,1439.7,132.5,44.27,0.03173,0.418,795.36,1.9,83.28,0
3.304,2.637,0.322,0.0121,0.0504,7.8,606,0.176,1537.0,208.3,49.4,Sand,1,4.1871,1436.4,100.6,72.17,0.04309,0.553,365.45,3.64,100.0,0
3.529,2.647,0.632,0.0225,0.0568,7.5,242,0.108,1453.9,140.7,43.2,Sand,1,4.4189,1430.0,23.9,7.05,0.04896,0.618,280.36,4.68,79.12,0
3.81,1.468,0.624,0.0841,0.0516,12.1,259,0.068,1479.5,56.1,15.3,Permanent,0,4.3272,1431.6,47.9,5.08,0.04047,0.505,23.46,40.0,70.44,0
4.195,1.756,0.314,0.0267,0.0439,6.4,403,0.156,1582.2,93.9,40.4,Permanent,0,4.7889,1418.5,163.7,28.29,0.0387,0.493,162.92,9.13,75.59,0
3.313,2.184,0.545,0.0383,0.0744,5.3,795,0.162,1514.9,212.1,32.8,Sand,1,4.0539,1439.8,75.1,114.03,0.06689,0.811,161.13,8.09,93.07,0
3.493,2.184,0.362,0.0488,0.0551,2.4,635,0.109,1535.9,231.2,15.3,Die,2,4.2373,1434.7,101.2,49.25,0.05257,0.666,18.83,40.0,100.0,0
3.767,2.248,0.377,0.0331,0.0746,7.4,543,0.139,1539.5,202.2,11.6,Die,2,4.5277,1426.5,113.0,45.89,0.06438,0.758,10.77,40.0,98.99,0
3.68,2.376,0.337,0.0191,0.0449,3.3,515,0.14,1547.5,251.5,26.6,Permanent,0,4.4779,1428.0,119.6,41.49,0.04202,0.645,71.0,18.26,100.0,0
3.295,1.608,0.422,0.0605,0.0294,8.3,286,0.122,1559.8,89.2,77.1,Sand,1,3.8514,1444.9,115.0,11.16,0.02493,0.416,891.1,1.65,72.36,0
3.549,1.944,0.291,0.0205,0.069,6.4,535,0.11,1507.5,242.6,21.9,Permanent,0,4.2038,1435.1,72.4,35.01,0.06067,0.713,48.14,26.27,98.53,0
3.316,2.026,0.438,0.0148,0.0695,6.0,603,0.126,1559.9,206.0,43.3,Permanent,0,3.9961,1440.9,119.0,51.14,0.06159,0.776,187.49,7.22,97.9,0
3.936,2.603,0.582,0.0435,0.0342,16.6,1389,0.155,1541.1,51.9,81.2,Die,2,4.8181,1419.0,122.1,334.98,0.02457,0.203,527.12,2.83,30.21,1
3.73,2.401,0.387,0.0203,0.0513,8.0,716,0.131,1520.1,228.7,20.2,Permanent,0,4.5371,1426.4,93.8,75.32,0.04374,0.525,40.62,31.8,100.0,0
3.58,2.362,0.511,0.0437,0.0638,6.1,550,0.146,1526.2,165.8,47.4,Sand,1,4.3819,1430.9,95.3,49.22,0.05643,0.64,337.04,4.04,100.0,0
3.627,2.248,0.339,0.0201,0.0469,3.5,791,0.111,1508.1,164.9,35.3,Permanent,0,4.3834,1430.5,77.7,77.67,0.04372,0.605,124.3,10.81,100.0,0
3.675,2.011,0.423,0.0461,0.0455,3.6,750,0.14,1517.6,204.3,13.0,Sand,1,4.3604,1431.0,86.6,88.29,0.04236,0.595,25.17,40.0,100.0,0
3.628,1.988,0.327,0.0387,0.0728,7.0,585,0.126,1533.1,250.1,16.5,Sand,1,4.3039,1432.5,100.6,48.14,0.0633,0.709,40.6,31.61,98.17,0
3.644,2.14,0.512,0.0326,0.0651,2.4,886,0.14,1519.6,169.8,29.0,Sand,1,4.3677,1430.9,88.8,123.19,0.06205,0.876,126.29,10.69,100.0,0
3.018,1.995,0.463,0.0643,0.0564,12.0,540,0.11,1467.1,124.6,60.1,Sand,1,3.7045,1449.5,17.5,35.91,0.04433,0.469,542.48,2.47,75.95,0
3.493,2.615,0.758,0.0296,0.0206,6.5,425,0.125,1487.4,60.0,33.4,Die,2,4.3742,1431.3,56.1,25.24,0.01812,0.357,89.33,15.98,74.8,0
3.449,1.908,0.379,0.0373,0.0639,3.9,787,0.155,1521.3,152.7,59.5,Sand,1,4.0977,1438.2,83.2,107.25,0.05911,0.807,531.13,2.58,99.06,0
3.331,2.642,0.36,0.0496,0.0504,3.6,711,0.139,1553.7,163.8,27.2,Permanent,0,4.2286,1435.6,118.2,78.69,0.04688,0.671,73.95,18.79,100.0,0
3.427,2.652,0.482,0.0369,0.0392,2.3,804,0.155,1531.9,290.4,23.4,Die,2,4.3236,1432.8,99.1,112.37,0.03749,0.597,43.88,28.29,98.7,0
3.631,2.286,0.279,0.0421,0.064,3.1,561,0.125,1532.9,239.6,54.5,Die,2,4.4068,1430.0,102.9,43.95,0.06017,0.809,237.21,5.45,100.0,0
3.072,2.784,0.681,0.0804,0.0552,12.1,471,0.217,1518.5,54.3,32.6,Permanent,0,4.0263,1441.7,76.8,53.88,0.04336,0.441,106.43,13.76,85.6,0
3.159,1.928,0.35,0.0471,0.0478,15.9,1353,0.146,1495.3,89.4,14.1,Sand,1,3.8177,1446.1,49.2,297.87,0.03476,0.404,29.91,40.0,44.09,1
3.623,2.662,0.397,0.0455,0.0397,7.5,697,0.115,1538.0,255.7,14.5,Die,2,4.5253,1427.3,110.7,62.38,0.03415,0.532,16.77,40.0,100.0,0
3.701,2.664,0.351,0.0121,0.0725,3.5,514,0.095,1538.1,269.4,21.2,Permanent,0,4.593,1425.1,113.1,28.0,0.06751,0.866,44.93,28.24,97.0,0
3.639,1.979,0.3,0.0446,0.0705,2.5,707,0.113,1551.5,274.7,11.4,Permanent,0,4.3132,1432.3,119.2,63.21,0.06706,0.837,13.03,40.0,100.0,0
3.557,2.457,0.318,0.0271,0.0647,7.9,599,0.115,1538.7,170.9,28.4,Sand,1,4.3854,1430.7,107.9,46.0,0.05515,0.621,121.31,11.27,100.0,0
3.43,2.206,0.368,0.0302,0.0392,4.1,637,0.123,1543.0,234.2,58.7,Permanent,0,4.175,1436.3,106.7,55.64,0.03614,0.591,344.29,3.8,100.0,0
3.354,2.429,0.517,0.029,0.0711,6.7,755,0.093,1522.4,256.4,18.0,Sand,1,4.1734,1436.7,85.7,59.15,0.06225,0.664,48.74,25.98,98.11,0
3.55,2.443,0.298,0.0497,0.0384,3.9,711,0.095,1542.9,221.6,48.9,Die,2,4.3811,1431.1,111.9,53.45,0.0355,0.571,190.91,6.92,99.39,0
3.335,2.005,0.305,0.0489,0.0382,7.1,754,0.172,1505.8,268.2,38.5,Permanent,0,4.02,1440.6,65.3,109.13,0.03311,0.493,148.26,8.35,93.72,0
3.048,2.939,0.357,0.0518,0.0265,8.6,1101,0.097,1570.9,53.6,45.6,Permanent,0,4.0448,1441.1,129.7,131.38,0.0223,0.377,208.21,7.29,67.73,0
3.228,3.11,0.219,0.0302,0.0538,10.3,1265,0.087,1571.4,108.7,40.2,Sand,1,4.2746,1434.7,136.7,156.51,0.04381,0.509,242.19,6.04,80.68,0
3.999,2.268,0.658,0.059,0.0594,17.4,379,0.167,1556.6,126.1,43.9,Permanent,0,4.775,1419.9,136.7,26.77,0.04196,0.454,192.35,7.44,89.36,0
4.123,3.168,0.5,0.077,0.0218,16.3,246,0.165,1576.0,54.5,20.2,Sand,1,5.2044,1409.2,166.8,11.17,0.01572,0.22,61.34,24.8,40.78,1
3.797,2.262,0.256,0.0194,0.0734,7.0,713,0.088,1554.2,248.5,39.0,Die,2,4.5578,1425.6,128.6,50.04,0.06376,0.757,121.79,10.72,98.73,0
3.771,1.985,0.394,0.0134,0.0408,6.8,682,0.103,1500.4,192.3,34.8,Die,2,4.4368,1428.5,71.8,53.84,0.03564,0.503,96.84,13.51,100.0,0
3.731,2.446,0.253,0.022,0.0507,2.4,892,0.161,1510.6,193.1,16.5,Sand,1,4.5539,1426.0,84.6,143.03,0.0483,0.713,40.74,32.34,93.12,0
3.322,3.16,0.317,0.0922,0.0442,7.3,549,0.242,1566.7,156.1,86.9,Permanent,0,4.4059,1431.7,135.0,81.42,0.03822,0.498,755.63,1.87,97.55,0
3.356,2.058,0.402,0.0219,0.0391,3.9,849,0.088,1525.5,161.4,38.2,Permanent,0,4.0491,1439.6,86.0,71.02,0.03614,0.5,145.68,9.36,100.0,0
3.739,2.6,0.323,0.0115,0.0711,7.5,627,0.093,1515.5,173.7,42.0,Sand,1,4.6094,1424.5,91.0,40.7,0.06122,0.673,264.65,5.07,100.0,0
3.732,2.4,0.298,0.0765,0.0515,7.2,1433,0.174,1495.9,144.5,89.4,Sand,1,4.5578,1426.3,69.6,400.04,0.04453,0.539,1200.07,1.13,35.59,1
3.392,2.522,0.428,0.0187,0.0582,7.3,826,0.096,1517.4,189.9,46.8,Permanent,0,4.2392,1434.8,82.6,73.1,0.05025,0.517,219.36,6.05,100.0,0
3.362,2.53,0.336,0.0194,0.049,3.2,520,0.108,1556.2,220.7,30.6,Permanent,0,4.2121,1435.6,120.5,32.58,0.04599,0.636,93.94,14.22,100.0,0
3.333,2.561,0.407,0.02,0.0545,2.3,819,0.139,1532.6,223.4,12.5,Permanent,0,4.1937,1436.2,96.4,104.49,0.05206,0.643,15.62,40.0,99.94,0
3.399,2.106,0.447,0.0416,0.0666,5.5,578,0.171,1503.4,252.4,12.2,Sand,1,4.1146,1438.0,65.5,63.76,0.05968,0.699,22.24,40.0,98.19,0
3.449,2.027,0.26,0.0375,0.0503,2.7,814,0.136,1558.8,173.0,57.1,Sand,1,4.1367,1437.2,121.5,101.07,0.04769,0.659,488.68,2.84,96.25,0
3.121,1.499,0.78,0.0573,0.0265,10.0,1407,0.069,1462.5,129.6,59.2,Permanent,0,3.6398,1450.6,11.9,153.3,0.02167,0.311,350.51,3.8,53.42,1
3.621,1.961,0.478,0.0323,0.0538,8.0,560,0.104,1512.3,163.7,16.7,Permanent,0,4.2858,1432.9,79.3,36.54,0.0459,0.569,27.86,40.0,100.0,0
3.474,2.221,0.327,0.0176,0.0563,3.4,695,0.126,1537.6,285.1,36.2,Die,2,4.2202,1435.0,102.7,68.34,0.05251,0.676,104.61,11.97,97.5,0
3.687,2.328,0.502,0.021,0.0421,5.3,716,0.084,1551.1,244.9,37.2,Die,2,4.4705,1428.1,123.0,47.93,0.0379,0.498,110.89,11.78,94.95,0
3.594,2.224,0.715,0.0753,0.0575,12.6,1461,0.142,1466.5,96.4,78.9,Permanent,0,4.3605,1431.6,34.9,339.54,0.04476,0.456,623.22,2.2,41.34,1
3.792,1.941,0.526,0.0431,0.0468,15.3,416,0.059,1493.9,115.0,87.3,Sand,1,4.4534,1428.3,65.6,11.46,0.03449,0.389,1142.36,1.21,91.54,0
3.744,2.672,0.414,0.0168,0.0581,5.0,897,0.168,1556.4,211.9,54.6,Permanent,0,4.6407,1423.8,132.6,151.0,0.05252,0.678,298.6,4.5,89.0,0
3.454,1.942,0.484,0.0326,0.0643,5.7,786,0.125,1533.3,219.3,13.6,Permanent,0,4.1119,1437.8,95.5,86.7,0.05733,0.788,18.52,40.0,100.0,0
3.502,2.115,0.417,0.0456,0.0646,2.1,713,0.132,1539.6,159.9,36.8,Permanent,0,4.2219,1435.0,104.6,75.15,0.06189,0.75,135.65,10.17,100.0,0
4.029,3.115,0.167,0.0988,0.0288,15.7,486,0.059,1449.7,99.3,35.3,Die,2,5.1006,1412.3,37.5,15.68,0.02105,0.24,99.69,13.55,59.16,1
3.438,2.416,0.284,0.0173,0.0518,7.3,512,0.082,1545.4,293.8,42.9,Permanent,0,4.249,1434.4,111.0,24.11,0.04471,0.534,183.89,6.81,98.83,0
3.35,2.001,0.301,0.0216,0.0596,5.2,781,0.148,1548.5,253.7,30.1,Permanent,0,4.0245,1440.2,108.3,100.81,0.05373,0.625,90.48,14.31,96.1,0
3.618,2.326,0.257,0.0104,0.0732,3.9,567,0.103,1555.3,160.1,40.8,Permanent,0,4.3974,1430.1,125.2,36.92,0.0677,0.769,166.29,8.39,96.68,0
3.461,2.035,0.268,0.0172,0.0711,4.8,892,0.129,1543.6,200.7,35.0,Permanent,0,4.1449,1436.8,106.8,114.75,0.06461,0.725,122.59,10.95,93.56,0
3.639,2.069,0.476,0.0477,0.0513,2.9,643,0.164,1521.3,173.8,50.0,Sand,1,4.345,1431.5,89.8,75.79,0.04838,0.665,374.27,3.6,100.0,0
3.711,2.652,0.466,0.0206,0.0404,5.9,698,0.142,1502.8,221.9,45.6,Permanent,0,4.6016,1424.9,77.9,77.46,0.03595,0.49,207.62,6.17,100.0,0
3.66,2.047,0.483,0.0388,0.0456,4.4,888,0.174,1555.1,201.0,12.7,Permanent,0,4.3551,1431.1,123.9,153.69,0.04173,0.562,16.05,40.0,91.19,0
3.439,2.7,0.435,0.0372,0.0438,8.0,608,0.091,1557.8,250.4,24.2,Sand,1,4.3516,1432.1,125.7,37.78,0.03734,0.469,87.9,14.87,100.0,0
3.597,2.57,0.516,0.0121,0.0456,3.3,536,0.083,1535.6,163.1,57.6,Sand,1,4.4579,1428.7,106.9,26.6,0.04273,0.582,497.22,2.76,93.85,0
3.706,2.476,0.261,0.0332,0.0674,6.8,872,0.122,1550.6,275.9,22.8,Die,2,4.542,1426.4,124.2,104.13,0.05878,0.674,41.55,30.68,100.0,0
3.775,2.542,0.306,0.0111,0.0413,3.6,692,0.169,1515.7,293.7,11.9,Permanent,0,4.6264,1424.0,91.8,90.73,0.03841,0.661,14.27,40.0,94.47,0
3.401,2.259,0.528,0.0282,0.0638,3.3,572,0.095,1519.9,273.8,31.0,Sand,1,4.1636,1436.7,83.2,34.74,0.0597,0.759,144.47,8.63,100.0,0
4.126,2.778,0.159,0.0538,0.0453,17.8,522,0.232,1464.7,86.5,37.7,Die,2,5.0701,1412.2,52.5,70.69,0.03171,0.327,113.57,12.14,79.3,0
3.868,2.76,0.58,0.0528,0.0461,6.7,524,0.059,1585.0,78.7,87.2,Die,2,4.8053,1419.6,165.4,18.04,0.04034,0.459,608.8,2.47,70.86,0
3.748,1.962,0.397,0.0375,0.0439,4.1,517,0.122,1538.8,182.1,40.5,Sand,1,4.4146,1429.4,109.4,36.37,0.04045,0.576,246.32,5.51,100.0,0
3.73,2.556,0.49,0.0353,0.033,14.4,1255,0.2,1551.9,132.5,89.8,Permanent,0,4.5934,1425.1,126.8,351.43,0.02473,0.268,805.83,1.76,39.0,1
3.561,1.968,0.42,0.0345,0.0677,7.2,810,0.163,1532.7,159.1,26.9,Sand,1,4.2283,1434.6,98.2,119.73,0.05857,0.689,108.64,12.64,100.0,0
3.864,2.426,0.225,0.0989,0.0379,9.2,1471,0.18,1599.2,139.9,36.9,Die,2,4.7053,1422.4,176.8,434.5,0.0315,0.466,109.0,13.39,13.94,1
3.718,2.244,0.527,0.0452,0.0472,7.1,673,0.13,1550.3,169.6,14.1,Permanent,0,4.4811,1427.9,122.3,66.07,0.04096,0.54,19.99,40.0,100.0,0
3.355,2.599,0.514,0.0461,0.0512,7.9,819,0.171,1517.0,247.0,23.8,Permanent,0,4.2368,1435.3,81.7,128.49,0.04367,0.539,56.5,22.48,94.51,0
3.114,2.062,0.604,0.0965,0.0496,7.7,316,0.114,1555.9,56.3,72.7,Die,2,3.8331,1446.3,109.6,12.74,0.04253,0.537,422.31,3.55,76.45,0
3.768,1.956,0.328,0.0245,0.0557,7.0,817,0.13,1515.7,219.9,56.5,Sand,1,4.4284,1428.8,86.8,96.87,0.04845,0.586,478.97,2.71,100.0,0
3.403,2.228,0.364,0.0294,0.0431,6.3,776,0.177,1528.8,287.4,38.6,Permanent,0,4.1556,1436.9,91.9,119.35,0.03798,0.44,149.18,8.32,96.79,0
3.784,1.551,0.754,0.0934,0.0418,8.2,323,0.233,1510.1,118.7,57.6,Sand,1,4.3318,1431.6,78.4,27.13,0.03549,0.467,496.83,2.8,96.91,0
3.699,2.609,0.458,0.0372,0.0709,4.9,866,0.169,1552.6,200.8,28.2,Permanent,0,4.5814,1425.5,127.0,142.03,0.06427,0.714,79.54,16.99,94.44,0
3.76,2.6,0.379,0.0481,0.0468,3.3,513,0.172,1549.5,285.3,53.1,Die,2,4.6431,1423.9,125.6,50.52,0.04387,0.523,225.65,5.6,98.71,0
3.459,2.235,0.274,0.0222,0.0685,5.5,756,0.117,1518.5,286.7,56.3,Permanent,0,4.212,1435.3,83.3,74.78,0.06142,0.733,316.75,3.89,100.0,0
3.53,2.878,0.653,0.0408,0.0339,12.8,1435,0.076,1494.5,131.4,84.2,Permanent,0,4.5026,1428.1,66.3,174.0,0.02628,0.269,708.22,1.92,77.92,0
3.482,1.94,0.437,0.0313,0.0613,3.9,826,0.138,1545.7,298.5,23.3,Permanent,0,4.1393,1437.0,108.7,105.4,0.05677,0.715,54.12,23.04,99.93,0
3.771,2.599,0.267,0.028,0.0508,6.2,815,0.153,1530.6,170.7,56.3,Permanent,0,4.6465,1423.6,107.0,113.82,0.04484,0.551,317.49,4.28,100.0,0
3.415,2.221,0.352,0.0213,0.0478,2.9,894,0.115,1536.9,248.7,46.1,Sand,1,4.1621,1436.6,100.3,102.86,0.04512,0.58,318.46,4.05,100.0,0
3.421,2.064,0.497,0.0474,0.0688,6.3,714,0.098,1507.9,217.2,52.6,Sand,1,4.1247,1437.7,70.2,55.63,0.06071,0.736,415.65,3.11,100.0,0
3.476,2.55,0.481,0.0368,0.0605,2.0,820,0.14,1557.2,262.5,50.2,Permanent,0,4.3385,1432.3,124.9,105.35,0.05812,0.773,251.83,5.14,100.0,0
3.365,2.304,0.366,0.0289,0.0567,6.4,795,0.176,1540.5,231.0,50.2,Die,2,4.1429,1437.3,103.1,124.3,0.04996,0.639,201.82,6.49,94.58,0
3.608,2.224,0.288,0.0156,0.0673,4.4,738,0.112,1516.8,156.0,46.1,Die,2,4.354,1431.2,85.6,68.06,0.06169,0.723,170.18,8.0,98.72,0
3.425,2.156,0.401,0.0485,0.044,3.3,559,0.143,1510.1,255.9,30.5,Permanent,0,4.1594,1436.9,73.3,50.04,0.04113,0.551,92.84,13.51,98.74,0
3.488,2.586,0.37,0.0344,0.0584,5.9,718,0.095,1545.1,171.0,57.6,Permanent,0,4.3615,1431.6,113.4,54.96,0.05185,0.617,332.26,4.14,100.0,0
4.072,2.628,0.667,0.0286,0.0464,7.2,311,0.119,1485.3,133.5,67.2,Permanent,0,4.9575,1415.0,70.3,12.92,0.04017,0.521,450.95,3.0,82.46,0
3.795,2.283,0.259,0.0466,0.0567,3.9,801,0.081,1532.7,276.9,30.1,Permanent,0,4.5715,1425.5,107.2,58.16,0.05244,0.62,90.69,13.85,100.0,0
3.778,2.189,0.533,0.0178,0.0467,6.0,576,0.087,1554.3,178.8,51.7,Permanent,0,4.5131,1426.7,127.6,32.12,0.04137,0.571,267.27,5.15,95.57,0
3.104,2.702,0.217,0.0805,0.0475,10.8,1480,0.214,1548.1,106.6,58.8,Sand,1,4.0313,1441.5,106.6,524.76,0.03829,0.519,518.16,2.78,5.56,1
3.424,2.138,0.385,0.0458,0.0677,5.5,504,0.167,1504.4,296.7,21.9,Permanent,0,4.1524,1437.0,67.4,47.34,0.06067,0.704,48.15,25.08,100.0,0
3.641,1.988,0.205,0.0222,0.0497,14.3,207,0.2,1600.6,53.7,32.6,Permanent,0,4.3114,1432.1,168.5,9.57,0.03733,0.399,106.25,14.56,72.33,0
3.148,1.899,0.433,0.0817,0.0292,6.4,1397,0.189,1587.2,59.4,44.6,Permanent,0,3.8085,1446.7,140.6,412.44,0.0257,0.499,198.47,7.7,9.53,1
3.4,1.908,0.326,0.0424,0.067,3.3,814,0.168,1501.7,288.6,21.1,Sand,1,4.0504,1439.5,62.1,124.66,0.06264,0.793,66.71,18.18,97.1,0
3.617,2.446,0.276,0.0275,0.0525,4.6,782,0.122,1502.9,171.3,23.0,Permanent,0,4.4418,1429.1,73.7,83.35,0.04786,0.64,53.1,25.08,100.0,0
4.007,2.323,0.579,0.0574,0.0444,7.0,381,0.113,1607.4,128.3,48.2,Permanent,0,4.8,1419.2,188.2,18.43,0.03861,0.495,232.66,6.36,68.57,0
3.695,2.02,0.514,0.0114,0.0501,3.5,532,0.176,1530.1,182.0,34.6,Permanent,0,4.3724,1430.4,99.7,55.79,0.0468,0.678,119.99,11.23,100.0,0
3.658,2.274,0.291,0.0296,0.0515,5.0,681,0.137,1554.1,180.6,31.3,Permanent,0,4.4261,1429.4,124.7,71.2,0.04665,0.616,98.0,14.02,100.0,0
3.768,2.633,0.264,0.0496,0.0659,4.9,559,0.169,1534.3,186.9,27.4,Permanent,0,4.6626,1423.4,110.9,59.12,0.05965,0.728,75.26,17.9,100.0,0
3.64,3.091,0.615,0.0334,0.0305,11.9,456,0.098,1493.5,98.6,66.6,Permanent,0,4.6817,1423.3,70.2,22.75,0.02403,0.223,443.23,3.15,79.45,0
3.612,2.636,0.384,0.0445,0.0437,4.5,533,0.142,1507.3,192.2,56.0,Permanent,0,4.5056,1427.8,79.6,45.06,0.03997,0.61,314.02,4.19,100.0,0
3.721,2.143,0.35,0.0135,0.0439,7.2,805,0.153,1537.7,287.5,56.9,Sand,1,4.4399,1428.7,109.1,111.18,0.038,0.517,485.04,2.58,96.79,0
3.339,1.931,0.399,0.0469,0.0547,6.3,673,0.118,1501.2,153.2,59.5,Permanent,0,3.9989,1441.0,60.1,59.82,0.04829,0.582,353.99,3.81,96.34,0
3.522,2.191,0.375,0.0444,0.0601,7.7,795,0.165,1539.8,273.4,18.9,Sand,1,4.2669,1433.9,106.0,116.63,0.05157,0.648,53.77,23.55,99.72,0
3.81,2.449,0.766,0.0868,0.0252,12.3,330,0.207,1586.0,129.5,59.4,Die,2,4.6554,1423.7,162.3,25.11,0.01968,0.304,281.88,5.17,70.21,0
3.083,2.45,0.762,0.0707,0.0237,16.0,1229,0.144,1475.1,98.5,20.9,Die,2,3.9229,1444.1,31.0,243.61,0.01722,0.251,35.05,39.28,33.61,1
3.23,2.66,0.403,0.0819,0.0265,6.5,564,0.074,1565.6,89.9,52.9,Sand,1,4.1442,1438.3,127.3,26.21,0.02324,0.374,419.69,3.52,76.17,0
3.515,2.593,0.508,0.0303,0.0722,3.3,519,0.086,1557.9,165.3,56.4,Permanent,0,4.3895,1430.8,127.1,25.91,0.06756,0.785,317.92,4.38,93.55,0
3.593,1.963,0.316,0.0227,0.0514,4.7,549,0.104,1541.7,227.7,29.9,Permanent,0,4.2552,1433.7,108.0,34.9,0.04682,0.601,89.61,14.66,98.71,0
3.357,2.674,0.317,0.0121,0.046,7.8,899,0.128,1558.2,297.6,30.8,Sand,1,4.252,1434.6,123.6,115.65,0.03933,0.479,142.43,8.85,96.48,0
3.785,2.527,0.546,0.0435,0.0401,5.3,824,0.141,1549.6,235.9,36.8,Permanent,0,4.6413,1423.8,125.8,107.01,0.03611,0.513,135.22,9.72,98.93,0
3.474,2.311,0.285,0.0471,0.0439,2.3,839,0.14,1527.5,234.7,39.3,Sand,1,4.2604,1434.2,93.3,110.32,0.04197,0.647,231.26,5.59,99.88,0
3.328,2.49,0.442,0.0432,0.0686,7.1,519,0.09,1531.6,276.2,32.4,Die,2,4.1727,1436.9,94.7,27.22,0.05955,0.655,84.0,14.95,96.09,0
3.475,2.45,0.449,0.0331,0.0582,4.4,723,0.136,1523.4,254.8,13.6,Permanent,0,4.3033,1433.1,90.3,79.46,0.05335,0.689,18.37,40.0,100.0,0
3.596,2.61,0.298,0.0403,0.0498,4.6,633,0.165,1544.4,234.0,17.6,Sand,1,4.4796,1428.4,116.0,74.01,0.04545,0.526,46.52,28.17,99.27,0
3.691,2.242,0.255,0.0401,0.0689,4.9,759,0.175,1508.9,272.2,50.9,Permanent,0,4.4518,1428.7,80.2,112.69,0.06253,0.759,259.37,4.77,100.0,0
3.47,2.176,0.494,0.0453,0.0417,2.4,823,0.148,1531.2,165.2,22.1,Permanent,0,4.21,1435.4,95.7,112.51,0.03972,0.614,48.83,27.97,98.32,0
3.071,1.797,0.298,0.0853,0.0338,16.9,220,0.197,1496.9,140.3,58.0,Sand,1,3.6983,1449.6,47.3,10.71,0.02408,0.235,504.1,2.69,65.35,0
3.571,2.48,0.43,0.0382,0.0706,5.6,732,0.1,1502.6,172.8,55.9,Sand,1,4.4108,1430.2,72.4,60.07,0.06308,0.712,469.12,2.83,99.47,0
3.461,2.909,0.481,0.0403,0.0359,14.8,370,0.249,1456.2,91.4,24.6,Sand,1,4.4443,1429.8,26.4,38.17,0.02669,0.344,90.8,15.03,70.24,0
3.914,2.359,0.25,0.0879,0.0576,9.5,1556,0.119,1564.3,76.8,80.6,Permanent,0,4.7293,1421.5,142.7,322.36,0.04763,0.508,650.08,2.29,44.08,1
3.733,2.272,0.25,0.0305,0.0601,6.2,530,0.16,1556.8,211.3,57.1,Die,2,4.5006,1427.3,129.5,50.33,0.0531,0.713,261.07,5.15,100.0,0
3.775,2.17,0.43,0.0448,0.0458,6.3,796,0.165,1534.1,227.9,58.5,Die,2,4.5135,1426.9,107.2,116.8,0.04038,0.541,274.0,4.77,100.0,0
3.669,2.047,0.267,0.0264,0.055,8.0,791,0.11,1518.2,250.2,15.3,Permanent,0,4.36,1430.9,87.3,76.71,0.04686,0.548,23.41,40.0,100.0,0
3.556,2.1,0.684,0.0648,0.0338,8.0,1407,0.245,1590.7,85.0,22.4,Sand,1,4.2776,1433.6,157.1,542.91,0.02885,0.357,75.52,19.94,0.0,1
3.829,3.187,0.689,0.098,0.0257,8.2,586,0.24,1519.4,150.1,64.3,Permanent,0,4.9241,1417.3,102.1,91.9,0.02181,0.393,413.56,3.31,83.53,0
3.473,2.097,0.252,0.0143,0.0559,6.5,610,0.088,1549.9,194.9,35.4,Sand,1,4.1766,1436.0,113.9,36.47,0.04907,0.614,187.45,7.23,99.26,0
3.726,2.33,0.386,0.0169,0.0484,4.6,648,0.161,1530.4,284.4,58.4,Permanent,0,4.5084,1427.0,103.4,75.51,0.0441,0.623,341.59,3.65,100.0,0
3.786,2.141,0.39,0.0832,0.051,9.1,1322,0.198,1443.4,131.0,15.4,Sand,1,4.5274,1426.9,16.5,387.09,0.04254,0.575,35.41,37.07,28.54,1
3.741,2.054,0.509,0.0352,0.0467,6.8,758,0.138,1510.4,188.3,26.2,Permanent,0,4.4376,1428.8,81.6,88.3,0.04073,0.509,68.49,19.3,100.0,0
3.669,1.908,0.327,0.0336,0.0482,6.3,822,0.166,1530.2,151.3,44.9,Sand,1,4.3161,1432.0,98.2,125.38,0.0425,0.543,303.07,4.55,100.0,0
3.461,2.368,0.416,0.0411,0.0581,5.4,861,0.128,1510.7,285.5,24.4,Permanent,0,4.2643,1434.1,76.6,105.58,0.05213,0.611,59.45,20.61,96.99,0
3.711,2.643,0.318,0.0479,0.0619,5.4,834,0.17,1554.1,228.0,12.3,Sand,1,4.608,1424.9,129.2,132.32,0.05551,0.648,22.62,40.0,94.47,0
3.456,2.414,0.347,0.0152,0.0531,7.2,794,0.155,1524.1,231.1,49.5,Die,2,4.2657,1433.9,90.2,109.37,0.04602,0.617,195.94,6.6,99.32,0
3.488,2.609,0.336,0.0368,0.0563,5.2,579,0.169,1514.3,278.1,37.3,Sand,1,4.3701,1431.5,82.9,63.33,0.0508,0.676,209.07,5.91,100.0,0
3.605,2.326,0.255,0.0235,0.0623,5.3,735,0.168,1521.0,258.1,18.8,Sand,1,4.3883,1430.4,90.5,101.18,0.05597,0.687,53.21,23.73,100.0,0
3.364,2.168,0.401,0.0175,0.0714,5.1,517,0.165,1513.0,221.4,58.2,Permanent,0,4.0925,1438.5,74.6,49.37,0.06449,0.777,338.26,3.82,100.0,0
3.357,2.016,0.282,0.0365,0.0521,4.9,815,0.118,1558.3,153.9,41.9,Permanent,0,4.0413,1439.9,118.4,87.74,0.04727,0.691,175.84,7.99,100.0,0
3.326,2.328,0.493,0.0144,0.0727,6.1,667,0.098,1517.8,168.7,45.5,Permanent,0,4.1063,1438.3,79.5,48.79,0.06438,0.723,207.45,6.5,97.9,0
3.537,2.244,0.372,0.0403,0.0706,7.4,539,0.086,1516.6,279.4,30.9,Permanent,0,4.2984,1433.0,83.6,27.95,0.06087,0.724,95.67,12.93,99.25,0
3.439,1.96,0.448,0.0284,0.0559,4.5,520,0.168,1525.5,163.8,38.8,Permanent,0,4.1018,1438.0,87.4,50.85,0.05104,0.68,150.36,9.06,100.0,0
3.572,2.106,0.536,0.0357,0.059,7.3,660,0.163,1534.9,186.9,46.5,Die,2,4.2857,1433.1,101.8,79.5,0.05095,0.582,172.82,7.8,100.0,0
3.785,2.335,0.262,0.0479,0.0748,5.8,526,0.085,1543.8,165.2,30.5,Permanent,0,4.5793,1425.3,118.5,26.32,0.0665,0.755,92.74,14.87,93.26,0
3.506,2.585,0.413,0.0549,0.0556,12.7,426,0.176,1565.3,132.1,83.2,Permanent,0,4.3863,1431.1,134.2,35.67,0.04318,0.444,692.57,2.07,97.11,0
3.782,1.967,0.271,0.03,0.0529,7.1,781,0.159,1508.0,254.6,17.4,Sand,1,4.4478,1428.4,79.6,108.1,0.04593,0.637,45.62,27.48,98.46,0
4.094,2.251,0.572,0.0321,0.0299,14.2,1455,0.244,1449.0,120.6,9.8,Permanent,0,4.855,1417.4,31.7,577.8,0.02251,0.237,9.57,40.0,0.0,1
3.566,2.381,0.548,0.0207,0.048,5.2,810,0.121,1537.9,217.8,45.8,Permanent,0,4.3669,1431.1,106.8,88.84,0.04322,0.499,210.04,6.29,100.0,0
3.674,2.155,0.301,0.018,0.0633,3.9,610,0.103,1547.4,268.5,39.7,Permanent,0,4.3988,1429.9,117.6,42.85,0.05862,0.663,157.51,8.12,100.0,0
3.396,2.107,0.549,0.0393,0.0527,3.7,890,0.142,1551.9,222.9,35.6,Sand,1,4.1115,1438.1,113.9,125.65,0.04896,0.63,190.18,6.99,93.34,0
4.111,2.958,0.79,0.0599,0.0377,5.5,1418,0.072,1480.8,94.4,19.6,Sand,1,5.1174,1411.2,69.5,161.25,0.03377,0.514,57.37,24.17,72.09,0
3.703,1.942,0.296,0.0251,0.0629,7.6,878,0.099,1532.9,179.7,49.3,Die,2,4.359,1430.8,102.1,85.53,0.05398,0.573,194.43,6.96,100.0,0
3.624,2.024,0.294,0.0262,0.0681,5.7,535,0.118,1556.7,221.4,37.6,Die,2,4.3076,1432.3,124.4,37.82,0.06077,0.726,113.08,11.81,100.0,0
3.733,1.952,0.505,0.0203,0.0545,7.9,507,0.118,1509.9,165.3,28.3,Permanent,0,4.3908,1429.8,80.0,33.98,0.04654,0.583,80.18,16.77,100.0,0
3.463,2.004,0.658,0.041,0.0257,8.4,551,0.17,1569.3,158.4,22.9,Permanent,0,4.1443,1437.0,132.3,57.59,0.02173,0.348,52.31,26.97,80.81,0
3.335,2.268,0.266,0.0278,0.058,5.7,565,0.172,1505.7,199.7,14.6,Permanent,0,4.0997,1438.5,67.2,61.44,0.05168,0.636,21.22,40.0,100.0,0
3.446,2.176,0.459,0.0109,0.041,7.1,550,0.115,1547.3,268.3,37.9,Sand,1,4.1749,1436.1,111.2,38.81,0.03556,0.514,215.01,5.95,100.0,0
3.284,2.847,0.612,0.0214,0.0302,15.5,1413,0.132,1481.9,120.5,64.2,Permanent,0,4.2401,1435.3,46.6,293.67,0.02212,0.27,412.69,3.3,46.14,1
3.593,2.411,0.501,0.0337,0.0483,3.7,585,0.109,1515.0,250.7,27.5,Permanent,0,4.4082,1430.1,84.9,41.56,0.04487,0.624,75.85,16.67,98.09,0
3.569,1.9,0.294,0.0344,0.0581,7.4,768,0.133,1533.0,254.7,36.7,Sand,1,4.2134,1434.9,98.1,87.66,0.0501,0.526,201.73,6.34,100.0,0
3.265,2.533,0.515,0.0913,0.0308,16.0,1557,0.207,1498.8,125.4,13.4,Permanent,0,4.1396,1438.3,60.5,561.39,0.02234,0.229,18.01,40.0,0.0,1
3.41,2.009,0.513,0.043,0.0467,6.5,756,0.126,1524.1,223.2,43.2,Permanent,0,4.0934,1438.5,85.7,80.42,0.04105,0.5,186.68,6.97,97.9,0
3.37,2.03,0.324,0.0231,0.0543,7.0,647,0.106,1512.7,151.6,27.0,Permanent,0,4.0539,1439.4,73.3,49.54,0.0472,0.612,73.12,18.61,100.0,0
3.48,2.034,0.452,0.0391,0.0741,5.6,768,0.143,1513.1,150.0,35.3,Permanent,0,4.1712,1436.3,76.8,94.61,0.06627,0.742,124.47,10.95,100.0,0
3.757,2.074,0.34,0.0116,0.0645,7.7,783,0.162,1500.6,198.6,17.0,Permanent,0,4.4522,1428.2,72.4,110.95,0.05534,0.701,28.93,40.0,100.0,0
3.013,1.597,0.428,0.0703,0.0576,5.2,219,0.081,1583.1,70.6,81.5,Permanent,0,3.5686,1452.9,130.2,4.35,0.05186,0.7,664.53,2.28,68.97,0
3.628,3.093,0.426,0.035,0.0511,14.9,292,0.174,1490.3,79.1,53.0,Die,2,4.6706,1423.7,66.6,16.52,0.03792,0.448,224.72,6.28,87.03,0
3.625,2.254,0.531,0.0104,0.0472,3.5,862,0.134,1508.4,164.0,48.5,Permanent,0,4.3797,1430.5,78.0,111.59,0.04409,0.601,235.08,5.72,100.0,0
3.3,2.001,0.446,0.0385,0.046,5.8,558,0.145,1503.9,161.7,11.3,Permanent,0,3.98,1441.6,62.3,50.38,0.04096,0.531,12.72,40.0,100.0,0
3.466,2.556,0.496,0.0494,0.061,2.4,687,0.146,1550.7,163.3,43.4,Permanent,0,4.334,1432.5,118.2,77.1,0.05814,0.729,187.95,7.38,100.0,0
3.619,1.9,0.415,0.0264,0.0398,3.7,808,0.094,1521.1,211.7,54.2,Die,2,4.2615,1433.5,87.6,68.45,0.03691,0.592,235.36,5.56,100.0,0
3.315,1.942,0.448,0.0484,0.0583,5.7,892,0.178,1533.7,205.8,37.0,Sand,1,3.9781,1441.7,92.0,157.99,0.05211,0.694,205.55,6.46,88.53,0
3.544,2.271,0.424,0.0446,0.0521,6.3,876,0.144,1518.2,178.4,29.0,Permanent,0,4.3157,1432.6,85.6,123.78,0.04588,0.577,83.87,15.97,95.48,0
3.023,1.975,0.62,0.0261,0.0478,17.9,290,0.105,1444.3,91.1,68.3,Permanent,0,3.6898,1449.6,-5.3,9.86,0.03346,0.36,466.69,2.9,48.32,1
3.774,2.215,0.441,0.0332,0.0737,4.6,566,0.087,1545.4,298.9,48.2,Sand,1,4.5234,1426.6,118.8,31.3,0.06725,0.775,348.01,3.58,97.18,0
4.089,1.625,0.179,0.0414,0.021,8.4,1244,0.233,1604.6,135.9,54.1,Permanent,0,4.6441,1422.5,182.0,402.21,0.01776,0.34,292.18,5.03,9.1,1
3.422,1.935,0.37,0.0263,0.0721,6.4,572,0.165,1511.8,159.7,10.9,Permanent,0,4.0754,1438.7,73.1,60.52,0.06341,0.709,11.8,40.0,95.31,0
3.585,2.661,0.254,0.032,0.0739,5.1,663,0.179,1530.1,269.8,43.9,Permanent,0,4.4825,1428.3,101.8,87.9,0.06669,0.852,192.89,6.53,100.0,0
3.172,1.696,0.766,0.0781,0.0598,14.9,1228,0.232,1512.3,136.8,51.7,Sand,1,3.7637,1447.6,64.7,391.54,0.04438,0.521,400.73,3.43,34.01,1
3.467,2.576,0.421,0.0321,0.0521,4.4,576,0.11,1506.1,211.5,43.7,Sand,1,4.3366,1432.3,73.8,40.67,0.04771,0.662,285.97,4.53,100.0,0
3.32,1.922,0.334,0.0496,0.0747,2.1,809,0.166,1548.4,173.9,56.0,Permanent,0,3.9777,1441.6,106.8,121.09,0.0716,0.847,313.32,4.39,91.22,0
3.805,3.154,0.564,0.0693,0.0421,16.7,1450,0.052,1502.5,110.4,21.5,Sand,1,4.8796,1418.2,84.3,121.58,0.03017,0.238,69.47,20.04,85.61,0
3.366,2.501,0.351,0.0129,0.0662,7.5,671,0.153,1534.6,192.6,21.8,Permanent,0,4.2043,1435.7,98.9,77.06,0.05694,0.66,47.34,28.35,99.43,0
4.153,2.159,0.401,0.0986,0.047,11.2,482,0.153,1589.5,108.7,50.9,Permanent,0,4.9059,1416.4,173.1,39.78,0.03759,0.471,259.05,5.72,75.2,0
3.315,2.128,0.408,0.0122,0.065,7.2,696,0.161,1547.5,274.6,35.6,Die,2,4.029,1440.1,107.3,87.15,0.05621,0.6,101.18,12.58,96.63,0
3.228,2.132,0.202,0.029,0.0267,11.0,574,0.167,1453.0,153.3,63.5,Permanent,0,3.9485,1442.6,10.4,61.78,0.02145,0.392,403.71,3.22,69.32,0
3.567,2.261,0.515,0.0251,0.0606,3.8,812,0.16,1529.6,171.1,45.8,Permanent,0,4.3289,1432.0,97.6,118.12,0.05608,0.763,209.36,6.49,100.0,0
3.495,2.486,0.339,0.0387,0.0625,3.5,770,0.151,1553.4,194.7,38.2,Die,2,4.3363,1432.3,121.2,99.68,0.05826,0.693,116.89,11.62,100.0,0
3.776,2.058,0.524,0.0211,0.0562,2.9,640,0.082,1513.5,285.4,47.9,Sand,1,4.4688,1427.8,85.7,37.74,0.05302,0.702,343.71,3.57,100.0,0
3.459,2.075,0.41,0.0346,0.0619,7.7,706,0.114,1542.8,232.1,42.4,Permanent,0,4.1621,1436.6,106.3,63.69,0.05307,0.633,179.53,7.3,100.0,0
3.464,2.177,0.305,0.0298,0.061,6.9,899,0.168,1509.0,209.0,38.0,Permanent,0,4.1998,1435.6,73.4,151.66,0.05316,0.636,144.57,8.99,94.72,0
3.567,1.916,0.506,0.0287,0.0509,7.7,831,0.113,1549.3,197.7,10.2,Sand,1,4.2152,1434.8,114.5,86.88,0.04363,0.558,15.51,40.0,100.0,0
3.473,2.233,0.355,0.0339,0.0534,4.9,759,0.142,1514.9,212.4,45.3,Permanent,0,4.2282,1434.9,80.0,91.45,0.04833,0.602,205.39,6.34,98.79,0
3.793,2.666,0.245,0.0249,0.0395,7.3,1322,0.062,1463.7,126.7,17.6,Permanent,0,4.6901,1422.5,41.3,121.27,0.03421,0.475,31.12,40.0,89.99,0
3.603,1.627,0.375,0.0493,0.0322,6.6,1362,0.073,1462.9,99.7,74.8,Permanent,0,4.162,1436.1,26.8,151.75,0.02823,0.448,560.15,2.43,70.69,0
3.686,2.647,0.459,0.0141,0.0385,2.0,879,0.092,1509.4,223.1,20.3,Sand,1,4.5728,1425.6,83.8,79.1,0.03693,0.555,61.88,20.79,100.0,0
3.583,2.007,0.463,0.0361,0.0458,3.3,609,0.127,1505.4,208.5,34.0,Permanent,0,4.2636,1433.6,71.8,52.59,0.04287,0.638,115.54,11.22,100.0,0
3.58,2.345,0.389,0.0421,0.0695,6.3,603,0.108,1508.9,188.6,39.2,Sand,1,4.3762,1431.0,77.9,43.8,0.06131,0.713,230.64,5.72,100.0,0
3.654,2.681,0.359,0.0361,0.0584,4.1,777,0.117,1508.7,274.4,52.3,Permanent,0,4.5597,1426.2,82.4,79.19,0.05377,0.663,273.06,4.52,100.0,0
3.618,1.969,0.53,0.0293,0.0448,4.3,735,0.158,1506.6,287.1,44.7,Permanent,0,4.2841,1432.9,73.6,95.37,0.04106,0.543,199.63,6.11,100.0,0
3.792,2.122,0.317,0.0143,0.0474,4.2,504,0.162,1543.1,203.9,20.7,Permanent,0,4.5044,1426.8,116.2,46.1,0.04362,0.626,42.96,31.17,100.0,0
3.926,3.097,0.189,0.0813,0.0431,12.2,1439,0.207,1456.3,117.7,35.3,Die,2,4.9856,1415.3,41.0,479.87,0.03376,0.405,99.61,13.44,6.99,1
3.41,2.589,0.362,0.0454,0.0391,6.3,650,0.122,1551.1,175.6,54.4,Permanent,0,4.2883,1433.8,117.3,57.85,0.03446,0.466,296.39,4.64,100.0,0
3.798,2.617,0.474,0.0379,0.0743,3.5,502,0.09,1548.2,150.9,12.0,Permanent,0,4.683,1422.7,125.5,25.5,0.06935,0.805,14.31,40.0,90.47,0
3.765,2.2,0.372,0.0156,0.0449,6.5,757,0.133,1540.9,153.1,33.2,Sand,1,4.5033,1427.0,113.9,85.31,0.03941,0.518,165.15,8.4,100.0,0
3.51,2.076,0.355,0.0328,0.0382,2.1,640,0.137,1524.7,214.7,34.1,Permanent,0,4.2127,1435.1,89.6,62.83,0.03668,0.611,116.03,11.29,100.0,0
3.311,2.047,0.559,0.0874,0.0364,7.8,389,0.089,1503.3,89.4,34.9,Permanent,0,4.0226,1440.9,62.4,15.06,0.03114,0.509,121.61,11.63,81.42,0
3.798,2.693,0.461,0.0175,0.0454,4.7,887,0.154,1557.6,251.2,47.3,Permanent,0,4.7013,1422.1,135.5,135.66,0.04132,0.569,223.42,5.85,90.33,0
3.664,2.661,0.393,0.0297,0.0597,2.7,810,0.13,1518.0,276.3,40.7,Sand,1,4.5612,1426.1,91.9,95.3,0.05655,0.741,248.04,5.01,100.0,0
3.597,2.156,0.445,0.0134,0.0588,2.1,626,0.11,1531.8,247.2,53.0,Sand,1,4.32,1432.0,99.8,48.13,0.05644,0.761,421.64,3.05,99.68,0
3.785,2.544,0.292,0.045,0.0574,2.4,643,0.152,1513.9,208.2,12.8,Sand,1,4.6483,1423.7,90.2,70.15,0.05469,0.671,24.72,40.0,99.68,0
3.632,2.626,0.545,0.0123,0.075,5.1,597,0.095,1508.9,168.6,10.8,Permanent,0,4.5112,1427.3,81.6,37.78,0.06771,0.782,11.59,40.0,100.0,0
3.393,2.113,0.28,0.0335,0.0725,6.2,789,0.142,1516.4,152.8,49.0,Permanent,0,4.1081,1438.1,78.3,98.58,0.0641,0.754,239.87,5.68,97.33,0
3.003,1.487,0.175,0.041,0.0336,14.7,1211,0.192,1474.6,144.8,55.0,Permanent,0,3.5119,1454.0,20.6,314.42,0.02499,0.315,301.97,4.4,27.42,1
3.772,2.544,0.285,0.032,0.0542,5.5,891,0.085,1502.4,257.1,22.8,Die,2,4.631,1424.0,78.4,75.8,0.04858,0.611,41.56,29.96,100.0,0
3.753,2.594,0.275,0.0163,0.0525,8.0,615,0.108,1557.0,214.9,21.5,Permanent,0,4.6234,1424.2,132.8,45.84,0.04473,0.501,46.23,29.03,98.2,0
3.327,1.916,0.548,0.0459,0.0537,3.7,619,0.083,1511.7,242.8,20.2,Sand,1,3.9807,1441.5,70.2,35.48,0.0498,0.677,61.22,20.73,96.36,0
3.775,2.41,0.381,0.0454,0.0509,6.6,597,0.127,1504.9,165.0,21.0,Permanent,0,4.5938,1425.0,79.9,50.49,0.04456,0.581,44.3,30.24,100.0,0
3.496,2.293,0.383,0.0412,0.0684,3.1,671,0.123,1534.3,215.3,10.6,Sand,1,4.2738,1433.8,100.5,61.72,0.0643,0.816,16.85,40.0,100.0,0
3.504,1.856,0.228,0.045,0.0575,17.5,384,0.214,1490.3,57.0,62.9,Permanent,0,4.1376,1437.0,53.3,35.4,0.04057,0.294,395.13,3.63,84.14,0
3.484,1.931,0.277,0.0233,0.0506,7.5,500,0.088,1540.0,239.1,59.2,Die,2,4.1352,1437.0,103.0,24.49,0.04353,0.552,280.34,4.64,96.21,0
3.498,2.074,0.496,0.0278,0.0414,5.6,885,0.106,1552.9,166.0,50.0,Sand,1,4.1989,1435.5,117.4,93.16,0.03707,0.515,375.49,3.69,98.65,0
4.046,2.12,0.329,0.0354,0.0419,13.5,365,0.186,1546.7,64.1,43.9,Permanent,0,4.7642,1419.8,127.0,27.69,0.03205,0.35,192.49,7.7,79.81,0
3.334,2.685,0.28,0.0203,0.0642,7.8,602,0.09,1512.3,276.4,11.4,Sand,1,4.2358,1435.2,77.1,36.3,0.05489,0.588,19.63,40.0,100.0,0
3.755,2.544,0.515,0.0426,0.0485,5.3,851,0.139,1519.4,168.7,50.8,Permanent,0,4.617,1424.5,94.9,112.65,0.04366,0.546,257.97,5.24,99.97,0
3.583,2.122,0.537,0.03,0.0596,4.2,576,0.082,1559.7,251.0,45.9,Sand,1,4.2999,1432.7,127.0,30.51,0.05489,0.697,316.39,4.14,99.21,0
3.618,2.357,0.31,0.0183,0.0652,5.9,523,0.129,1532.1,164.0,16.2,Permanent,0,4.4099,1429.8,102.3,39.57,0.05789,0.659,26.18,40.0,100.0,0
3.414,2.173,0.391,0.0484,0.0585,7.4,848,0.122,1534.8,214.8,54.8,Sand,1,4.1542,1437.0,97.7,97.96,0.05042,0.569,449.99,2.93,99.18,0
3.512,1.925,0.347,0.0141,0.0725,5.0,888,0.161,1516.0,219.3,57.9,Die,2,4.158,1436.3,79.7,142.41,0.06563,0.763,268.09,4.84,87.4,0
3.532,2.153,0.343,0.0149,0.0484,6.9,665,0.082,1529.6,163.8,35.7,Permanent,0,4.2548,1433.9,95.7,40.51,0.04221,0.517,127.52,10.71,99.74,0
3.725,2.598,0.346,0.0107,0.0727,2.9,810,0.165,1531.3,249.7,57.7,Sand,1,4.595,1424.9,106.4,121.27,0.06869,0.819,500.14,2.56,94.31,0
3.644,2.261,0.415,0.0413,0.0387,7.1,595,0.106,1555.4,273.0,20.8,Permanent,0,4.4116,1429.9,125.6,42.02,0.03353,0.472,43.45,29.52,100.0,0
3.517,1.571,0.681,0.0629,0.0365,16.3,1152,0.077,1593.8,85.9,74.3,Permanent,0,4.0621,1438.9,154.8,113.62,0.02638,0.289,552.01,2.73,72.71,0
3.772,1.92,0.524,0.0432,0.0696,7.9,882,0.139,1503.8,245.1,41.2,Permanent,0,4.4266,1429.0,74.8,121.02,0.05946,0.635,169.8,7.41,99.42,0
3.734,2.475,0.463,0.0229,0.0748,5.0,827,0.092,1530.0,219.2,27.6,Permanent,0,4.5669,1425.6,104.4,70.37,0.06763,0.815,76.11,17.22,97.15,0
3.352,2.407,0.343,0.0387,0.0521,7.3,704,0.113,1514.4,241.0,12.2,Permanent,0,4.1672,1436.9,77.5,62.76,0.04506,0.596,14.86,40.0,96.29,0
3.293,1.849,0.748,0.0794,0.059,8.8,1157,0.115,1558.8,61.6,7.8,Die,2,3.9357,1443.0,115.8,172.68,0.04952,0.577,4.88,40.0,71.21,0
3.488,1.978,0.264,0.0463,0.0603,6.1,767,0.163,1523.0,286.7,52.9,Permanent,0,4.1627,1436.5,86.5,107.42,0.05332,0.663,279.84,4.42,99.47,0
3.684,2.942,0.328,0.059,0.0426,7.7,243,0.155,1478.6,76.2,27.5,Permanent,0,4.6846,1423.3,55.3,10.2,0.03645,0.508,75.5,18.57,81.01,0
3.65,2.231,0.29,0.0458,0.0524,7.5,570,0.172,1549.3,219.1,44.7,Die,2,4.4087,1430.0,119.4,62.55,0.04512,0.586,160.02,8.31,100.0,0
3.843,1.937,0.789,0.0301,0.0494,5.6,1281,0.153,1461.4,87.3,78.2,Permanent,0,4.4991,1426.9,34.5,280.18,0.04417,0.605,612.21,2.24,50.6,1
3.776,2.696,0.617,0.0504,0.0401,9.2,1173,0.235,1582.4,92.2,87.3,Sand,1,4.691,1422.7,159.7,360.96,0.03336,0.462,1144.22,1.3,28.31,1
3.859,1.4,0.424,0.072,0.0438,17.7,1135,0.098,1489.6,58.7,50.2,Sand,1,4.3498,1430.7,58.9,141.59,0.0307,0.306,378.22,3.78,79.64,0
3.317,2.428,0.448,0.0391,0.0723,5.3,738,0.151,1520.0,173.4,16.3,Sand,1,4.139,1437.7,82.3,91.83,0.06501,0.771,39.71,33.91,98.72,0
3.523,2.057,0.268,0.0499,0.0663,6.9,611,0.095,1541.3,270.2,22.3,Permanent,0,4.2251,1434.9,106.4,39.68,0.05771,0.587,49.62,25.62,100.0,0
3.121,2.687,0.725,0.0898,0.0265,7.8,531,0.13,1472.6,124.4,78.7,Sand,1,4.0466,1441.1,31.5,41.07,0.02261,0.333,928.35,1.45,72.49,0
3.43,2.546,0.292,0.011,0.0468,4.4,708,0.163,1559.0,159.0,16.8,Permanent,0,4.2825,1433.6,125.4,91.0,0.04287,0.614,28.3,40.0,99.96,0
3.446,2.069,0.474,0.0382,0.0435,4.9,878,0.174,1520.2,237.0,43.6,Permanent,0,4.1479,1437.0,83.3,149.92,0.03948,0.515,189.88,6.76,95.69,0
3.313,2.198,0.321,0.0136,0.0635,7.0,691,0.129,1534.5,233.5,17.1,Die,2,4.0498,1439.7,94.9,69.15,0.05516,0.651,23.33,40.0,97.5,0
3.548,2.582,0.353,0.0122,0.0612,5.6,538,0.111,1549.6,269.2,21.5,Permanent,0,4.4131,1430.0,119.6,35.98,0.05473,0.636,46.41,27.59,100.0,0
3.667,2.151,0.405,0.0416,0.0692,6.5,770,0.104,1506.6,213.1,26.2,Die,2,4.3974,1430.1,76.5,69.19,0.06079,0.713,55.1,23.48,100.0,0
4.018,2.573,0.697,0.0658,0.0565,11.2,1556,0.113,1511.8,93.3,33.4,Permanent,0,4.8977,1416.9,94.9,306.68,0.04518,0.381,111.75,12.69,50.86,1
3.138,2.867,0.709,0.0385,0.0213,12.9,1287,0.136,1476.9,61.2,57.7,Die,2,4.107,1439.2,37.7,252.15,0.01642,0.263,266.43,5.31,34.71,1
3.025,2.257,0.435,0.0369,0.0407,16.4,237,0.23,1494.6,67.6,66.8,Permanent,0,3.7901,1447.2,47.4,14.41,0.02934,0.297,445.58,3.2,73.9,0
3.421,1.957,0.396,0.0159,0.0422,3.3,731,0.151,1544.2,262.5,14.9,Die,2,4.0785,1438.6,105.6,90.21,0.03951,0.542,17.83,40.0,96.86,0
3.364,1.926,0.298,0.0169,0.0669,7.5,823,0.151,1533.1,176.7,55.3,Sand,1,4.0112,1440.4,92.7,114.16,0.0576,0.7,459.23,2.95,95.79,0
3.201,1.563,0.661,0.0746,0.0296,8.6,1530,0.097,1536.6,68.3,54.0,Sand,1,3.7472,1447.9,88.7,254.65,0.02491,0.453,437.42,3.36,47.58,1
3.581,2.363,0.288,0.0202,0.0738,3.0,688,0.159,1507.3,294.7,33.9,Permanent,0,4.3752,1430.8,76.5,84.08,0.06961,0.742,115.01,10.54,100.0,0
3.391,2.391,0.529,0.0261,0.0415,6.0,633,0.175,1525.8,254.7,52.9,Permanent,0,4.1963,1435.9,89.9,78.09,0.03682,0.492,280.27,4.54,97.92,0
3.875,2.119,0.157,0.03,0.0466,12.9,1557,0.146,1527.8,76.6,90.0,Permanent,0,4.5918,1424.5,103.3,396.16,0.036,0.349,809.53,1.79,37.67,1
3.402,2.574,0.505,0.0202,0.0405,5.6,794,0.118,1532.9,164.2,14.9,Permanent,0,4.2671,1434.1,98.8,83.24,0.03623,0.45,22.22,40.0,100.0,0
4.123,2.877,0.78,0.0611,0.0484,16.1,469,0.249,1502.6,82.5,8.1,Die,2,5.1019,1411.6,91.0,61.26,0.03507,0.358,5.21,40.0,78.6,0
3.381,2.154,0.406,0.0166,0.0664,4.3,845,0.165,1500.7,180.3,21.5,Permanent,0,4.1044,1438.1,62.6,131.86,0.06092,0.695,46.31,28.51,92.65,0
3.326,2.628,0.463,0.0249,0.0464,4.6,696,0.133,1521.7,194.8,19.2,Die,2,4.2101,1435.9,85.8,71.74,0.0424,0.543,29.62,40.0,100.0,0
3.462,2.289,0.472,0.0484,0.0494,4.7,570,0.13,1510.9,298.5,44.3,Permanent,0,4.2407,1434.8,76.2,47.21,0.04495,0.573,196.54,6.17,100.0,0
3.61,2.694,0.493,0.0387,0.0395,4.7,652,0.091,1501.9,153.8,49.9,Sand,1,4.5209,1427.4,74.6,43.25,0.03602,0.53,373.55,3.61,100.0,0
3.308,2.883,0.552,0.0505,0.0571,10.5,1265,0.212,1572.1,155.4,13.7,Sand,1,4.286,1434.3,137.8,379.07,0.04621,0.571,28.05,40.0,38.52,1
3.466,2.05,0.252,0.0443,0.0388,6.6,747,0.144,1554.8,212.4,18.7,Permanent,0,4.1642,1436.5,118.2,90.22,0.03401,0.501,35.13,38.21,95.23,0
3.553,2.314,0.39,0.044,0.0589,2.5,730,0.136,1503.2,174.1,30.5,Permanent,0,4.3387,1432.0,71.2,80.88,0.05598,0.737,93.2,14.26,99.84,0
3.514,2.566,0.519,0.0186,0.0392,7.2,506,0.136,1559.6,170.7,50.0,Sand,1,4.3762,1431.1,128.5,38.85,0.03389,0.444,375.24,3.7,100.0,0
3.38,2.419,0.493,0.0282,0.0658,7.2,899,0.101,1508.5,236.8,55.8,Permanent,0,4.1957,1436.0,72.5,90.8,0.05692,0.697,311.31,4.08,100.0,0
3.756,2.124,0.666,0.0335,0.0573,11.0,463,0.122,1574.7,95.0,58.9,Permanent,0,4.4755,1427.8,146.9,29.13,0.04593,0.56,347.46,4.26,86.76,0
3.384,1.905,0.4,0.0126,0.061,4.1,561,0.112,1503.9,202.8,33.0,Die,2,4.0227,1440.0,63.9,39.46,0.0562,0.737,87.1,14.94,97.83,0
4.074,2.809,0.522,0.0209,0.0433,15.5,364,0.097,1592.0,98.9,81.2,Permanent,0,5.0174,1413.5,178.5,14.41,0.03174,0.305,658.87,2.27,61.06,1
3.368,2.007,0.387,0.0259,0.0399,2.7,797,0.108,1548.8,158.3,46.3,Sand,1,4.0459,1439.6,109.2,76.33,0.0378,0.609,322.06,4.32,100.0,0
3.78,1.903,0.35,0.0431,0.053,2.2,628,0.135,1520.1,170.0,20.8,Permanent,0,4.4287,1428.9,91.2,59.35,0.05066,0.735,43.45,31.08,100.0,0
3.524,1.939,0.275,0.0157,0.0689,5.2,774,0.12,1538.9,164.9,46.3,Sand,1,4.176,1435.8,103.1,80.0,0.06212,0.767,320.94,4.28,100.0,0
3.619,2.51,0.436,0.0458,0.0484,5.4,848,0.084,1553.7,279.9,19.6,Permanent,0,4.4707,1428.6,125.1,67.92,0.0435,0.575,38.58,33.02,95.92,0
3.62,2.495,0.343,0.0286,0.07,2.2,700,0.135,1510.9,235.3,11.3,Permanent,0,4.4608,1428.7,82.3,73.78,0.06701,0.785,12.67,40.0,100.0,0
3.523,2.575,0.37,0.0269,0.0534,7.1,682,0.172,1553.0,247.2,48.1,Die,2,4.39,1430.8,122.2,89.57,0.04638,0.588,184.75,7.07,100.0,0
3.606,2.286,0.471,0.047,0.0517,3.1,861,0.085,1506.2,197.5,54.9,Sand,1,4.3834,1430.8,75.5,70.68,0.04868,0.638,451.98,2.9,100.0,0
3.642,1.525,0.718,0.0302,0.0327,5.6,1358,0.222,1539.7,52.7,79.3,Permanent,0,4.1604,1435.8,103.9,457.63,0.02925,0.347,628.14,2.37,13.14,1
3.134,2.15,0.358,0.0507,0.0479,8.5,1432,0.239,1484.6,132.6,75.9,Permanent,0,3.8673,1445.1,39.6,548.41,0.04037,0.484,575.94,2.35,0.0,1
3.666,2.133,0.277,0.0134,0.0511,4.8,872,0.092,1520.3,230.4,40.4,Permanent,0,4.3816,1430.3,90.0,77.94,0.04644,0.625,163.48,7.89,100.0,0
3.387,2.61,0.262,0.0169,0.0708,7.4,622,0.107,1557.0,275.7,48.4,Die,2,4.2627,1434.3,122.7,46.3,0.06107,0.71,187.08,6.85,100.0,0
3.699,2.252,0.367,0.0465,0.0475,2.5,599,0.102,1542.0,231.5,30.8,Permanent,0,4.4654,1428.4,113.6,40.84,0.04527,0.702,94.77,13.83,100.0,0
3.128,2.629,0.757,0.074,0.0373,14.5,487,0.114,1542.0,130.8,41.3,Permanent,0,4.0295,1441.4,100.6,30.36,0.02796,0.376,170.68,8.27,87.9,0
3.468,2.313,0.42,0.0479,0.0573,3.0,878,0.131,1527.0,188.4,52.6,Permanent,0,4.2546,1434.4,92.6,113.13,0.05402,0.722,276.91,4.83,100.0,0
3.563,2.638,0.351,0.0286,0.0505,6.6,775,0.124,1500.5,175.3,37.6,Permanent,0,4.4517,1429.1,71.4,83.43,0.04426,0.538,141.46,9.37,100.0,0
3.37,2.252,0.312,0.0455,0.068,4.2,645,0.102,1509.9,231.9,50.5,Permanent,0,4.1362,1437.6,72.3,47.59,0.06253,0.757,254.85,5.02,97.8,0
3.33,1.466,0.752,0.0479,0.0484,11.9,291,0.203,1452.3,139.2,82.9,Permanent,0,3.8345,1445.0,7.2,19.19,0.03815,0.424,687.89,1.91,71.57,0
3.946,2.603,0.631,0.08,0.0369,12.9,548,0.224,1594.0,63.3,29.3,Die,2,4.8404,1418.7,175.4,75.18,0.0285,0.263,68.61,22.31,63.11,0
3.701,2.434,0.399,0.0274,0.05,7.4,641,0.178,1531.3,247.8,22.4,Permanent,0,4.5215,1426.9,104.4,81.68,0.04313,0.656,49.96,25.69,100.0,0
3.839,2.845,0.487,0.0917,0.0427,5.5,461,0.062,1440.0,58.3,38.4,Die,2,4.8177,1419.8,20.3,14.84,0.03828,0.495,118.07,11.7,67.85,0
3.661,2.048,0.295,0.0104,0.0633,3.0,881,0.1,1526.4,252.6,37.2,Permanent,0,4.3474,1431.1,95.3,86.3,0.05965,0.673,138.08,9.22,100.0,0
3.726,2.688,0.418,0.0346,0.0683,6.7,586,0.107,1515.8,185.9,30.3,Die,2,4.6331,1424.2,91.6,40.93,0.05969,0.617,73.23,18.16,100.0,0
3.649,2.697,0.452,0.0338,0.0411,7.8,815,0.112,1523.7,161.2,12.1,Sand,1,4.559,1426.3,97.4,83.15,0.03513,0.47,21.85,40.0,96.94,0
3.315,2.072,0.467,0.0415,0.0664,7.4,883,0.105,1535.8,257.7,11.8,Permanent,0,4.0197,1440.6,95.2,91.58,0.05729,0.702,13.95,40.0,99.27,0
3.596,2.674,0.466,0.0354,0.0464,3.9,773,0.164,1554.2,165.7,34.1,Die,2,4.4988,1427.9,126.2,109.86,0.04297,0.572,92.81,14.96,94.97,0
3.537,2.272,0.547,0.0226,0.0689,5.2,858,0.101,1510.5,229.7,40.0,Sand,1,4.3019,1432.8,77.7,83.0,0.06209,0.755,239.5,5.35,100.0,0
3.681,2.647,0.256,0.0102,0.0408,3.1,717,0.147,1509.1,182.5,31.7,Sand,1,4.5661,1425.8,83.3,84.55,0.03839,0.59,151.01,8.78,100.0,0
3.798,2.344,0.398,0.0158,0.0746,6.7,767,0.101,1523.5,171.2,59.6,Permanent,0,4.585,1424.9,98.6,66.62,0.06527,0.724,354.82,3.81,100.0,0
3.7,2.483,0.274,0.0312,0.0578,6.1,530,0.08,1547.9,298.8,12.3,Permanent,0,4.538,1426.5,121.4,25.24,0.05114,0.591,15.08,40.0,98.36,0
3.977,1.777,0.463,0.0359,0.0415,10.1,230,0.201,1499.0,134.7,29.2,Permanent,0,4.5816,1424.4,74.6,11.89,0.03387,0.468,85.43,15.97,90.29,0
3.387,2.559,0.446,0.038,0.0398,5.8,567,0.107,1531.0,295.5,10.8,Die,2,4.2523,1434.7,96.3,38.54,0.03547,0.519,9.35,40.0,100.0,0
3.704,2.004,0.501,0.0271,0.0664,7.4,576,0.105,1523.4,154.9,12.8,Die,2,4.3812,1430.3,93.1,38.99,0.05732,0.663,13.01,40.0,100.0,0
3.415,2.242,0.41,0.0449,0.0599,6.4,845,0.168,1509.7,179.6,10.6,Die,2,4.1776,1436.4,73.3,134.31,0.05271,0.69,8.95,40.0,94.46,0
3.043,2.481,0.18,0.0516,0.0578,11.7,450,0.178,1507.5,151.3,21.4,Die,2,3.8867,1445.0,62.6,40.35,0.04571,0.517,36.76,36.9,95.0,0
3.64,2.222,0.31,0.0239,0.0608,4.0,510,0.175,1531.8,153.1,40.8,Sand,1,4.388,1430.3,101.5,50.98,0.05612,0.674,249.96,5.52,100.0,0
3.622,1.944,0.514,0.018,0.0411,3.3,560,0.166,1501.1,227.0,13.7,Sand,1,4.276,1433.0,68.0,58.27,0.03844,0.613,28.02,40.0,98.86,0
3.678,2.604,0.385,0.0359,0.0728,3.1,508,0.09,1518.8,150.1,11.8,Permanent,0,4.5576,1426.2,92.6,25.83,0.06833,0.868,13.83,40.0,91.21,0
3.649,2.462,0.256,0.0359,0.0404,3.9,504,0.123,1542.8,188.2,45.2,Permanent,0,4.4812,1428.1,114.7,34.77,0.03737,0.571,204.32,6.63,96.71,0
3.735,2.435,0.511,0.0319,0.0511,7.1,856,0.156,1537.5,152.6,32.8,Permanent,0,4.5574,1425.9,111.6,127.83,0.04434,0.554,107.31,12.91,100.0,0
3.716,1.984,0.266,0.033,0.0398,5.7,591,0.097,1505.4,246.8,51.1,Permanent,0,4.3885,1430.1,75.3,38.01,0.03549,0.582,260.83,4.83,100.0,0
3.036,2.756,0.785,0.0908,0.0211,5.6,1342,0.179,1468.1,76.7,33.5,Sand,1,3.9849,1442.9,25.1,360.8,0.0189,0.445,168.28,8.27,12.45,1
3.626,2.08,0.52,0.019,0.0426,7.9,809,0.117,1542.6,209.8,44.6,Sand,1,4.3253,1431.8,110.7,85.84,0.03641,0.505,298.53,4.46,100.0,0
3.309,1.974,0.563,0.0943,0.0319,7.2,223,0.077,1478.6,113.6,20.2,Sand,1,3.9981,1441.6,37.0,4.27,0.02759,0.374,61.09,22.34,66.76,0
3.337,2.292,0.441,0.0461,0.0425,2.3,762,0.165,1519.6,218.8,25.3,Sand,1,4.1162,1438.2,81.3,107.09,0.04052,0.576,95.64,13.6,100.0,0
3.595,2.684,0.503,0.0238,0.0471,3.7,603,0.096,1519.4,173.5,40.6,Permanent,0,4.4982,1427.9,91.5,39.1,0.04375,0.703,164.87,8.16,100.0,0
3.616,2.073,0.511,0.0261,0.0505,5.3,695,0.174,1502.1,181.8,39.0,Sand,1,4.3159,1432.2,70.0,93.81,0.04548,0.574,227.77,5.8,100.0,0
3.536,2.335,0.321,0.0364,0.0584,2.3,838,0.105,1543.7,226.5,50.3,Sand,1,4.3264,1432.3,111.4,82.66,0.05572,0.773,379.76,3.47,100.0,0
3.336,2.097,0.531,0.0273,0.0599,4.2,848,0.104,1519.7,193.3,21.9,Permanent,0,4.0438,1439.8,79.9,83.28,0.05508,0.65,47.96,27.66,97.52,0
3.307,2.23,0.418,0.0279,0.0612,3.3,607,0.093,1505.2,298.1,58.2,Permanent,0,4.0597,1439.6,65.6,38.39,0.05729,0.695,338.92,3.56,96.95,0
3.547,2.557,0.462,0.0219,0.0393,7.4,540,0.16,1504.2,231.1,25.7,Permanent,0,4.4063,1430.2,73.9,52.08,0.03394,0.454,66.19,19.23,100.0,0
3.592,2.598,0.353,0.0479,0.0654,2.3,736,0.15,1533.4,151.6,54.0,Sand,1,4.4735,1428.7,104.8,90.9,0.06246,0.803,436.75,3.16,100.0,0
3.464,2.498,0.286,0.0347,0.0535,7.5,725,0.155,1549.1,207.0,52.9,Permanent,0,4.3085,1433.0,116.1,91.35,0.04608,0.582,280.25,4.79,100.0,0
3.747,2.379,0.304,0.0477,0.0721,5.6,684,0.17,1532.8,202.4,32.2,Die,2,4.5563,1426.0,106.8,88.74,0.06446,0.854,82.93,16.04,100.0,0
3.43,1.928,0.365,0.0337,0.0567,6.4,805,0.138,1528.5,242.8,22.3,Die,2,4.0838,1438.5,90.0,100.4,0.04984,0.548,39.69,32.4,95.05,0
3.849,2.255,0.225,0.0514,0.0511,14.0,1528,0.137,1536.8,144.0,34.4,Permanent,0,4.6181,1424.2,112.7,358.19,0.03862,0.342,118.12,11.79,51.69,1
4.006,2.111,0.518,0.053,0.0374,10.6,1402,0.072,1574.4,101.8,71.8,Permanent,0,4.7271,1420.9,153.5,159.28,0.03021,0.373,516.24,2.85,68.97,0
3.641,2.065,0.372,0.0488,0.048,2.4,872,0.092,1540.2,199.6,48.3,Permanent,0,4.3458,1431.5,108.6,78.54,0.04577,0.657,233.11,5.75,100.0,0
3.368,1.951,0.427,0.0165,0.0642,4.0,872,0.141,1517.8,150.2,51.9,Permanent,0,4.0234,1440.1,77.7,119.8,0.0593,0.746,269.32,5.08,98.49,0
3.63,2.353,0.527,0.0219,0.054,7.8,564,0.111,1524.5,212.1,38.8,Permanent,0,4.4215,1429.5,94.9,39.66,0.04622,0.564,150.77,8.7,100.0,0
3.38,1.988,0.527,0.0448,0.0628,4.0,666,0.162,1553.2,269.1,32.4,Permanent,0,4.0575,1439.5,113.8,80.4,0.05792,0.678,105.03,12.23,95.73,0
3.4,2.026,0.363,0.0104,0.0468,4.9,527,0.131,1546.5,200.6,22.4,Sand,1,4.079,1438.6,107.9,40.6,0.04248,0.576,75.4,17.85,100.0,0
3.644,2.337,0.409,0.0266,0.0646,5.6,735,0.095,1508.6,281.3,35.5,Permanent,0,4.4317,1429.3,79.3,57.51,0.05779,0.655,125.98,9.74,100.0,0
3.634,2.257,0.461,0.0444,0.0411,7.3,625,0.18,1549.1,236.7,45.7,Permanent,0,4.4011,1430.2,118.9,78.49,0.03548,0.488,208.67,6.29,100.0,0
3.679,2.591,0.383,0.0236,0.0581,7.8,1265,0.182,1457.0,111.9,49.4,Permanent,0,4.5508,1426.3,30.7,326.1,0.04969,0.631,244.24,5.51,43.64,1
3.208,2.063,0.61,0.0828,0.0447,7.6,1197,0.092,1515.4,78.9,73.3,Permanent,0,3.9235,1443.7,71.8,147.8,0.03843,0.42,537.44,2.67,78.23,0
3.549,2.274,0.482,0.029,0.0579,4.1,556,0.108,1525.6,199.0,12.8,Permanent,0,4.3164,1432.4,93.2,37.22,0.05336,0.725,16.42,40.0,100.0,0
3.683,2.002,0.354,0.0356,0.0547,6.5,769,0.101,1538.6,259.4,27.4,Die,2,4.3622,1430.9,107.7,66.98,0.048,0.527,59.96,21.33,100.0,0
3.391,2.253,0.354,0.0493,0.0533,3.9,546,0.11,1556.7,237.5,17.1,Sand,1,4.1585,1437.0,119.7,36.54,0.04932,0.605,43.69,30.2,99.08,0
3.733,3.108,0.377,0.0633,0.054,15.6,1539,0.099,1486.5,65.1,21.7,Sand,1,4.7907,1420.6,65.9,261.02,0.0395,0.499,70.8,20.08,55.92,1
3.601,2.578,0.322,0.0385,0.0565,3.0,517,0.167,1519.2,279.3,30.9,Permanent,0,4.4727,1428.6,90.6,49.83,0.0532,0.672,95.21,13.02,100.0,0
3.669,1.968,0.308,0.0302,0.0708,6.3,712,0.112,1537.4,225.2,12.8,Sand,1,4.3349,1431.5,105.9,63.49,0.06245,0.76,24.51,40.0,99.9,0
3.51,2.135,0.37,0.0691,0.025,16.1,1308,0.236,1551.9,99.5,44.8,Permanent,0,4.2448,1434.6,117.3,450.55,0.01814,0.275,200.33,7.25,14.52,1
3.629,2.571,0.366,0.0287,0.0724,5.5,816,0.167,1541.6,227.5,59.7,Sand,1,4.4961,1427.8,113.8,124.26,0.06486,0.791,535.3,2.45,96.25,0
3.682,2.244,0.336,0.0492,0.0449,2.9,622,0.086,1537.9,166.6,56.6,Permanent,0,4.4469,1428.9,108.9,37.32,0.04239,0.544,320.87,4.27,100.0,0
3.764,2.003,0.271,0.0218,0.0317,11.4,584,0.184,1464.8,119.1,53.3,Sand,1,4.4387,1428.6,36.2,70.02,0.0252,0.333,425.79,3.16,79.64,0
3.131,3.056,0.679,0.0931,0.0505,10.6,250,0.067,1488.8,106.1,41.0,Permanent,0,4.1806,1437.9,50.9,4.7,0.04087,0.444,168.42,8.21,86.83,0
3.768,2.693,0.441,0.0186,0.0562,7.1,743,0.133,1545.8,193.1,58.9,Sand,1,4.6724,1422.9,122.9,81.83,0.04883,0.614,520.2,2.6,100.0,0
3.743,2.203,0.254,0.0438,0.0344,8.2,1448,0.158,1574.0,70.2,53.2,Sand,1,4.4921,1427.6,146.4,369.9,0.02923,0.399,424.86,3.54,28.21,1
3.735,2.003,0.472,0.0238,0.0445,3.2,790,0.098,1519.3,212.5,37.8,Permanent,0,4.4108,1429.4,89.9,68.37,0.04179,0.649,142.73,9.16,100.0,0
3.738,2.827,0.762,0.0966,0.0303,7.0,253,0.231,1583.2,74.0,17.4,Permanent,0,4.7128,1422.7,160.5,16.58,0.02636,0.446,30.32,40.0,63.88,0
3.734,2.222,0.458,0.012,0.0746,7.4,654,0.098,1516.7,290.1,14.1,Permanent,0,4.4789,1427.7,89.0,46.59,0.06435,0.696,19.84,40.0,97.61,0
3.608,2.549,0.28,0.027,0.0596,6.1,557,0.101,1512.4,181.2,36.1,Permanent,0,4.4667,1428.6,83.8,35.11,0.05275,0.643,130.41,10.21,100.0,0
3.956,1.464,0.662,0.0869,0.0487,14.9,597,0.239,1489.6,144.7,18.1,Die,2,4.4726,1427.5,62.1,95.19,0.03616,0.396,26.27,40.0,100.0,0
3.801,2.348,0.639,0.0607,0.044,17.3,294,0.19,1520.3,84.0,33.4,Die,2,4.6043,1424.8,95.5,18.3,0.03115,0.3,89.16,16.11,89.31,0
3.425,2.046,0.27,0.0183,0.049,4.3,554,0.125,1537.2,286.9,33.9,Sand,1,4.1128,1437.7,99.5,43.01,0.0449,0.573,172.23,7.26,100.0,0
3.228,3.124,0.639,0.0561,0.0522,7.6,1147,0.15,1501.6,127.1,49.9,Sand,1,4.2884,1434.6,67.0,220.76,0.04483,0.546,372.96,3.69,76.13,0
3.334,2.195,0.512,0.0212,0.0742,5.3,599,0.166,1538.0,213.3,24.1,Permanent,0,4.0725,1439.1,98.9,66.42,0.06676,0.748,57.89,22.88,96.35,0
3.589,2.205,0.265,0.0456,0.0561,2.3,867,0.129,1545.4,185.7,23.5,Permanent,0,4.3396,1431.9,113.6,108.03,0.05351,0.627,55.46,24.52,100.0,0
4.197,2.948,0.521,0.068,0.0339,12.2,512,0.108,1455.3,70.8,64.5,Sand,1,5.202,1408.9,46.4,31.58,0.02652,0.377,623.86,2.22,68.51,0
3.434,2.464,0.535,0.0208,0.0639,7.0,889,0.13,1543.0,228.2,30.7,Permanent,0,4.2618,1434.1,108.9,114.82,0.05553,0.628,94.11,13.97,98.78,0
3.839,2.858,0.672,0.0452,0.0428,8.4,553,0.158,1595.6,149.8,87.6,Sand,1,4.8069,1419.6,175.9,54.02,0.03618,0.455,1150.27,1.26,84.34,0
3.354,2.671,0.533,0.037,0.0566,7.2,601,0.179,1524.9,179.4,43.2,Sand,1,4.2568,1434.7,90.2,72.49,0.04903,0.629,280.49,4.8,100.0,0
3.16,1.507,0.333,0.0753,0.057,10.4,1391,0.138,1499.7,125.6,43.2,Permanent,0,3.6874,1449.5,50.2,298.52,0.04626,0.538,186.78,7.36,49.94,1
3.665,2.263,0.446,0.013,0.0657,5.9,898,0.11,1506.6,238.2,58.1,Permanent,0,4.4235,1429.3,77.4,99.29,0.05834,0.679,337.23,3.76,100.0,0
3.41,2.655,0.482,0.0464,0.046,4.7,806,0.113,1518.0,151.0,12.3,Sand,1,4.3102,1433.3,84.7,81.74,0.04185,0.585,22.51,40.0,99.1,0
3.725,2.109,0.524,0.0197,0.0561,5.7,849,0.081,1525.8,167.1,41.8,Sand,1,4.4341,1428.8,97.0,65.2,0.05008,0.611,262.35,5.18,100.0,0
3.339,2.605,0.318,0.0216,0.0441,4.8,518,0.094,1558.2,283.3,55.7,Sand,1,4.2149,1435.7,122.5,28.13,0.04002,0.521,465.45,2.74,98.74,0
3.376,1.992,0.434,0.0209,0.0591,4.5,882,0.133,1547.8,224.4,30.4,Die,2,4.0469,1439.5,108.2,115.48,0.05408,0.667,73.81,17.93,97.86,0
3.479,2.468,0.401,0.0301,0.0519,5.2,632,0.133,1524.2,185.0,39.9,Sand,1,4.3119,1432.8,91.4,59.51,0.0468,0.596,238.92,5.61,100.0,0
3.679,2.395,0.375,0.0433,0.0477,4.1,678,0.114,1528.2,290.3,53.8,Permanent,0,4.4922,1427.8,100.4,58.63,0.04402,0.574,289.78,4.27,100.0,0
3.57,2.361,0.498,0.0341,0.055,7.8,682,0.123,1511.1,260.4,50.8,Sand,1,4.3682,1431.2,80.0,63.85,0.04707,0.518,387.27,3.23,100.0,0
4.142,2.592,0.47,0.0615,0.0472,5.4,298,0.052,1521.5,90.6,86.7,Die,2,5.0269,1413.3,108.2,5.17,0.04238,0.573,601.23,2.38,76.33,0
3.303,2.534,0.347,0.0183,0.0623,5.8,585,0.174,1507.4,210.4,41.4,Sand,1,4.1543,1437.2,70.1,66.44,0.05548,0.573,257.18,5.04,100.0,0
3.466,2.38,0.377,0.0134,0.0567,5.4,747,0.163,1529.6,250.4,30.7,Permanent,0,4.2637,1433.9,95.7,101.83,0.05086,0.641,94.38,13.55,97.78,0
3.75,2.539,0.469,0.0266,0.0543,4.7,720,0.151,1518.4,183.1,13.0,Permanent,0,4.6053,1424.7,93.7,87.44,0.0495,0.625,17.01,40.0,100.0,0
3.527,2.063,0.256,0.0493,0.042,4.4,796,0.157,1556.4,179.2,31.8,Sand,1,4.2313,1434.7,121.7,110.97,0.03841,0.55,151.26,9.11,96.55,0
3.403,2.148,0.565,0.0263,0.0286,14.1,284,0.214,1557.9,96.0,79.4,Permanent,0,4.1277,1437.5,120.3,19.25,0.02155,0.28,630.65,2.32,75.3,0
3.78,2.499,0.338,0.034,0.0513,2.6,789,0.171,1541.2,280.6,19.9,Permanent,0,4.6248,1424.2,117.0,118.84,0.04871,0.691,39.67,31.77,98.39,0
3.714,1.946,0.453,0.0136,0.057,5.3,611,0.111,1532.7,163.0,48.8,Die,2,4.3674,1430.4,102.3,46.35,0.05127,0.62,190.5,7.19,100.0,0
3.175,3.003,0.446,0.088,0.0521,16.9,567,0.207,1529.6,71.7,7.0,Permanent,0,4.2057,1437.1,92.5,74.34,0.03711,0.339,4.95,40.0,94.43,0
3.605,2.355,0.352,0.0234,0.0737,6.9,501,0.088,1509.5,170.8,54.0,Permanent,0,4.3978,1430.2,79.3,24.64,0.06421,0.729,291.39,4.59,91.89,0
3.617,2.088,0.303,0.0177,0.0681,4.2,725,0.091,1505.3,246.6,16.5,Permanent,0,4.3183,1432.0,73.3,53.36,0.06266,0.712,27.38,40.0,98.99,0
3.331,1.788,0.653,0.0659,0.0329,11.1,497,0.192,1476.3,60.4,61.8,Permanent,0,3.9491,1442.4,33.9,53.08,0.02632,0.324,381.9,3.71,72.13,0
3.596,2.674,0.365,0.0457,0.0404,7.3,603,0.095,1521.2,196.9,57.1,Permanent,0,4.5028,1427.9,93.3,38.52,0.03489,0.495,325.96,4.06,100.0,0
3.524,2.148,0.278,0.0346,0.0579,3.2,590,0.09,1548.8,235.5,15.4,Permanent,0,4.2509,1434.2,114.6,35.1,0.05427,0.688,23.8,40.0,100.0,0
3.72,2.584,0.504,0.0452,0.0491,6.1,681,0.144,1503.8,255.4,40.0,Sand,1,4.5961,1425.2,78.7,74.37,0.04349,0.529,239.52,5.21,100.0,0
3.191,2.777,0.232,0.0487,0.0457,10.5,255,0.206,1479.3,146.4,37.4,Sand,1,4.1327,1438.4,40.9,14.93,0.03705,0.393,209.92,6.35,84.62,0
3.528,2.163,0.6,0.0791,0.0406,7.9,373,0.179,1469.8,128.5,23.5,Die,2,4.2748,1433.9,35.9,27.76,0.03463,0.468,44.36,30.24,84.6,0
4.157,2.611,0.38,0.0327,0.0275,12.0,1131,0.124,1540.8,68.5,33.4,Permanent,0,5.0386,1412.7,128.1,177.24,0.02159,0.325,111.58,13.2,56.82,1
3.315,1.556,0.777,0.0565,0.0342,16.6,395,0.179,1449.2,152.3,42.8,Permanent,0,3.8528,1444.7,4.5,31.2,0.02454,0.29,183.07,7.08,63.42,0
3.42,2.004,0.288,0.0193,0.0543,6.1,841,0.097,1547.6,256.4,41.8,Die,2,4.0943,1438.2,109.4,76.54,0.04803,0.552,139.8,9.24,100.0,0
3.475,2.246,0.456,0.0464,0.0541,6.4,866,0.092,1519.4,230.1,39.6,Permanent,0,4.2391,1434.7,84.7,77.22,0.04758,0.615,157.05,8.21,100.0,0
3.73,2.004,0.407,0.0844,0.02,7.2,401,0.147,1512.5,146.0,68.0,Permanent,0,4.426,1429.5,83.0,26.47,0.01735,0.304,462.02,2.96,81.06,0
3.375,2.677,0.299,0.0411,0.043,7.5,878,0.135,1552.5,202.1,54.8,Permanent,0,4.2812,1434.1,118.4,116.34,0.03705,0.567,300.61,4.49,100.0,0
3.434,2.114,0.437,0.0358,0.0694,3.2,565,0.092,1544.3,291.6,46.4,Sand,1,4.1511,1436.9,107.3,32.69,0.06517,0.777,322.88,3.88,100.0,0
3.757,2.543,0.267,0.026,0.0503,2.4,863,0.136,1545.4,188.7,48.9,Sand,1,4.6136,1424.5,120.9,112.85,0.04797,0.614,358.97,3.78,100.0,0
3.645,2.442,0.361,0.0261,0.0525,7.7,658,0.107,1532.1,193.9,26.1,Sand,1,4.4681,1428.4,103.7,51.87,0.04501,0.572,101.82,13.14,100.0,0
3.315,2.476,0.485,0.022,0.0503,7.8,779,0.097,1527.6,162.0,20.4,Permanent,0,4.1474,1437.4,90.2,65.6,0.0431,0.54,41.76,32.7,97.0,0
4.106,1.662,0.48,0.0316,0.0334,5.3,593,0.142,1606.9,147.8,28.8,Sand,1,4.6706,1421.7,185.2,55.56,0.03002,0.504,124.83,11.69,74.0,0
3.434,2.229,0.729,0.0464,0.0423,10.2,1280,0.217,1516.6,137.7,8.4,Sand,1,4.1924,1436.0,80.6,397.69,0.03447,0.446,10.55,40.0,38.82,1
3.482,2.894,0.74,0.0355,0.054,13.7,246,0.053,1451.2,90.7,46.6,Sand,1,4.4587,1429.3,21.9,3.58,0.0411,0.505,325.76,4.18,74.1,0
3.452,2.31,0.301,0.0174,0.0712,6.2,730,0.083,1506.1,171.2,59.5,Permanent,0,4.2278,1434.9,71.2,49.52,0.06286,0.709,354.61,3.76,99.17,0
3.475,1.924,0.413,0.0424,0.0406,5.6,576,0.094,1517.7,221.7,17.9,Die,2,4.1301,1437.3,80.4,34.99,0.03627,0.556,25.61,40.0,98.55,0
3.381,1.96,0.468,0.0399,0.0579,4.1,876,0.142,1524.2,174.7,39.7,Die,2,4.0475,1439.7,84.5,121.9,0.05338,0.655,126.17,10.7,91.28,0
3.754,2.574,0.313,0.0159,0.0707,5.0,748,0.108,1542.6,247.1,48.5,Permanent,0,4.6172,1424.3,118.3,67.64,0.06399,0.761,235.3,5.51,100.0,0
3.426,2.981,0.191,0.0967,0.0305,17.5,1339,0.129,1526.4,132.9,63.9,Sand,1,4.4513,1430.2,96.2,259.63,0.02148,0.205,612.94,2.27,53.8,1
3.69,1.938,0.321,0.0224,0.0501,7.8,636,0.103,1507.8,172.3,22.3,Permanent,0,4.3433,1431.2,76.6,46.64,0.04286,0.585,49.88,26.78,100.0,0
3.783,2.792,0.682,0.0309,0.0202,17.9,322,0.203,1549.1,66.7,34.3,Permanent,0,4.7238,1421.7,127.3,23.54,0.01409,0.197,117.88,12.57,64.55,0
3.674,2.505,0.471,0.0168,0.0678,2.1,658,0.097,1537.2,157.9,56.9,Permanent,0,4.5144,1427.1,110.2,46.9,0.065,0.824,323.47,4.26,100.0,0
3.324,2.527,0.363,0.0145,0.0564,5.9,895,0.134,1538.8,244.3,25.6,Permanent,0,4.1711,1436.7,102.1,119.94,0.05015,0.641,65.72,19.7,99.25,0
3.36,2.635,0.299,0.0108,0.0671,2.3,588,0.08,1544.7,274.9,43.3,Permanent,0,4.2417,1434.8,109.9,31.01,0.06408,0.821,187.38,6.78,99.54,0
3.567,2.578,0.429,0.0448,0.052,6.1,813,0.146,1550.9,246.7,43.9,Permanent,0,4.4411,1429.5,121.4,107.84,0.04606,0.63,193.08,6.75,100.0,0
3.492,2.219,0.659,0.0224,0.0367,7.5,514,0.135,1604.4,128.9,36.6,Sand,1,4.2389,1434.5,169.9,39.88,0.03157,0.459,200.79,7.35,83.63,0
4.033,3.113,0.566,0.0392,0.0492,8.0,1532,0.106,1509.6,158.2,61.9,Sand,1,5.0837,1412.2,97.4,276.99,0.04189,0.552,574.64,2.35,58.72,1
3.323,2.253,0.363,0.0204,0.0472,4.8,592,0.108,1519.9,250.0,52.4,Permanent,0,4.0805,1438.9,81.0,42.16,0.04289,0.648,274.29,4.63,100.0,0
3.784,2.47,0.393,0.026,0.0411,6.6,879,0.09,1559.6,171.9,24.0,Sand,1,4.6164,1424.3,135.3,77.92,0.03602,0.496,86.75,16.0,96.78,0
3.307,2.197,0.434,0.027,0.0488,7.9,724,0.116,1548.3,214.9,41.3,Die,2,4.0482,1439.8,108.5,67.81,0.04166,0.541,136.4,9.78,95.37,0
3.771,2.156,0.511,0.0389,0.0585,8.9,1500,0.128,1502.4,139.9,25.4,Permanent,0,4.5029,1427.2,75.2,320.88,0.04895,0.558,64.27,21.2,56.73,1
3.212,1.861,0.505,0.0628,0.0273,6.6,1589,0.204,1481.8,131.0,26.3,Sand,1,3.8539,1445.2,36.7,574.56,0.02388,0.461,103.5,13.05,0.0,1
3.538,1.932,0.277,0.0327,0.061,5.3,727,0.102,1516.6,236.6,14.3,Sand,1,4.1929,1435.5,81.1,60.14,0.05481,0.664,30.86,40.0,100.0,0
3.541,2.394,0.333,0.0476,0.0618,4.7,844,0.16,1549.8,271.8,59.1,Die,2,4.3543,1431.7,118.0,127.3,0.05629,0.715,279.24,4.58,99.32,0
3.615,2.025,0.541,0.0367,0.0446,5.1,898,0.155,1546.6,223.5,52.4,Permanent,0,4.3028,1432.6,114.0,139.49,0.04021,0.645,274.66,4.82,93.43,0
3.723,2.242,0.354,0.0481,0.0661,6.3,645,0.134,1552.6,275.2,36.3,Sand,1,4.4864,1427.8,124.8,62.16,0.0583,0.728,197.3,6.47,100.0,0
3.622,1.942,0.387,0.0313,0.0597,7.9,697,0.126,1518.7,168.9,47.4,Permanent,0,4.2803,1433.0,85.6,68.63,0.05097,0.594,224.76,6.01,100.0,0
3.565,2.363,0.341,0.0416,0.0481,7.7,877,0.122,1520.8,297.8,43.0,Sand,1,4.3666,1431.3,89.5,104.95,0.04127,0.563,277.39,4.41,100.0,0
3.517,2.148,0.289,0.023,0.0646,3.9,764,0.118,1557.3,274.2,34.5,Permanent,0,4.2411,1434.3,122.9,76.62,0.05978,0.752,119.21,10.76,100.0,0
3.334,1.99,0.369,0.0342,0.0721,5.7,691,0.173,1509.8,240.2,25.8,Permanent,0,4.0085,1440.7,69.1,92.33,0.0644,0.683,66.36,19.13,93.06,0
3.53,2.454,0.452,0.0498,0.0558,4.0,872,0.176,1502.4,276.9,41.5,Permanent,0,4.3641,1431.5,70.9,149.73,0.05157,0.622,172.15,7.12,89.21,0
3.378,1.964,0.308,0.0268,0.063,7.7,704,0.179,1523.7,224.1,47.1,Die,2,4.0412,1439.7,84.0,98.82,0.05407,0.62,177.44,7.32,98.71,0
3.623,2.304,0.501,0.0422,0.0433,12.2,480,0.165,1551.7,153.9,30.5,Permanent,0,4.4056,1430.1,121.5,42.35,0.03395,0.418,92.84,15.06,100.0,0
3.784,2.274,0.395,0.0451,0.0588,6.3,622,0.149,1500.3,237.8,27.3,Die,2,4.557,1425.9,74.5,64.47,0.05178,0.61,59.64,21.17,100.0,0
3.747,2.583,0.331,0.0476,0.0639,7.8,751,0.168,1538.9,233.6,47.3,Die,2,4.6243,1424.4,114.5,106.04,0.05468,0.637,179.11,7.29,100.0,0
3.57,2.238,0.427,0.0134,0.0513,3.7,637,0.175,1534.4,254.1,32.6,Permanent,0,4.3209,1432.1,102.2,79.14,0.04768,0.62,106.43,12.03,100.0,0
3.765,2.56,0.268,0.0161,0.0575,6.1,561,0.12,1505.2,234.8,21.3,Permanent,0,4.6239,1424.1,81.1,42.27,0.05091,0.595,45.34,28.02,100.0,0
3.218,1.623,0.348,0.028,0.0287,15.9,393,0.193,1580.6,92.1,77.4,Permanent,0,3.7684,1446.9,133.7,33.34,0.02086,0.226,599.13,2.48,66.14,0
3.723,2.051,0.361,0.0556,0.0233,12.8,271,0.074,1451.6,150.3,63.8,Die,2,4.4253,1429.3,22.3,6.1,0.01802,0.28,326.1,3.99,66.84,0
4.032,1.553,0.637,0.099,0.0205,15.3,1453,0.172,1563.5,147.5,74.5,Die,2,4.5825,1424.7,138.8,405.28,0.01511,0.226,443.58,3.19,25.27,1
3.095,2.391,0.46,0.0665,0.0213,8.9,517,0.053,1597.5,127.5,38.8,Permanent,0,3.9141,1444.2,153.3,15.73,0.01779,0.31,150.64,9.76,63.4,0
3.628,2.177,0.406,0.0166,0.0538,2.5,709,0.148,1517.2,171.8,15.3,Permanent,0,4.3586,1431.0,86.2,83.29,0.05123,0.747,23.27,40.0,100.0,0
3.035,2.129,0.754,0.0629,0.0233,11.1,471,0.231,1445.3,78.8,78.3,Sand,1,3.766,1448.0,-2.7,57.33,0.01868,0.269,918.7,1.49,54.23,1
3.57,2.299,0.465,0.0319,0.0405,2.7,743,0.082,1547.5,295.5,40.6,Sand,1,4.3464,1431.7,115.8,50.49,0.03841,0.592,247.33,5.06,100.0,0
3.131,2.203,0.233,0.0215,0.0274,12.8,1162,0.233,1590.0,96.2,74.5,Permanent,0,3.8727,1444.7,145.3,352.42,0.02123,0.276,554.65,2.69,21.23,1
3.309,2.485,0.321,0.0608,0.0396,15.6,1266,0.082,1588.4,132.2,33.6,Sand,1,4.1575,1437.5,151.0,147.02,0.02896,0.279,169.74,8.58,74.33,0
3.474,2.312,0.316,0.0209,0.0552,5.8,827,0.119,1539.0,244.5,41.1,Permanent,0,4.2514,1434.2,104.8,90.68,0.04912,0.585,168.67,7.67,100.0,0
3.792,2.312,0.254,0.0343,0.0589,4.0,543,0.113,1559.1,251.3,29.0,Die,2,4.5745,1425.3,133.8,37.3,0.05429,0.685,67.43,19.39,96.61,0
3.323,2.35,0.391,0.0456,0.0537,4.1,899,0.083,1554.3,252.9,33.6,Permanent,0,4.1211,1438.2,116.1,74.78,0.04942,0.587,112.87,11.53,100.0,0
3.163,1.585,0.565,0.09,0.0491,9.6,1274,0.17,1490.1,146.9,16.5,Permanent,0,3.7211,1448.8,41.3,308.99,0.04051,0.511,27.32,40.0,42.25,1
4.18,2.213,0.236,0.0363,0.0433,17.5,255,0.079,1464.6,125.5,8.5,Permanent,0,4.9294,1415.3,49.3,5.7,0.03048,0.312,7.26,40.0,65.4,0
3.081,2.427,0.737,0.0291,0.0355,11.6,1216,0.12,1473.6,97.1,32.5,Sand,1,3.9,1444.3,29.3,199.2,0.02817,0.392,158.53,8.68,54.71,1
3.351,2.184,0.367,0.0294,0.0406,7.8,635,0.152,1502.9,151.5,22.2,Die,2,4.0883,1438.7,64.2,68.65,0.03479,0.544,39.39,34.31,99.66,0
3.335,2.156,0.194,0.0292,0.0312,15.7,1484,0.175,1535.4,116.1,33.1,Permanent,0,4.0634,1439.4,96.1,430.24,0.02279,0.275,109.29,12.99,22.85,1
3.341,1.972,0.369,0.0273,0.0638,5.1,845,0.143,1553.8,176.3,15.0,Permanent,0,4.0073,1440.7,113.2,113.83,0.05761,0.657,22.64,40.0,93.88,0
3.386,1.958,0.329,0.0427,0.0407,6.4,807,0.156,1543.2,191.6,21.5,Permanent,0,4.0528,1439.5,103.6,113.28,0.03574,0.488,46.07,29.34,92.13,0
3.559,2.059,0.509,0.0102,0.0582,4.6,844,0.178,1507.0,269.4,26.0,Permanent,0,4.2485,1433.9,73.1,141.91,0.05311,0.672,67.61,18.31,97.42,0
3.629,2.499,0.349,0.0466,0.0583,7.1,888,0.154,1521.8,258.6,33.8,Sand,1,4.4781,1428.4,93.4,135.99,0.05055,0.604,171.22,7.38,94.39,0
3.319,1.954,0.273,0.0236,0.0385,4.8,624,0.101,1516.6,229.9,47.0,Permanent,0,3.9778,1441.4,75.2,44.19,0.03494,0.485,220.54,5.83,99.21,0
3.652,2.505,0.459,0.0173,0.0604,2.3,560,0.138,1538.2,211.1,46.9,Permanent,0,4.4927,1427.7,110.4,48.49,0.05771,0.715,219.72,6.04,100.0,0
3.956,2.552,0.558,0.0204,0.0444,7.6,1522,0.115,1584.5,55.6,50.0,Sand,1,4.813,1418.8,165.7,299.11,0.03817,0.523,375.27,4.07,34.12,1
3.305,2.242,0.293,0.0932,0.0369,14.2,1590,0.163,1483.2,64.1,23.0,Sand,1,4.0837,1439.5,43.7,462.1,0.02773,0.35,79.04,17.95,4.77,1
3.637,2.289,0.276,0.02,0.0498,14.8,271,0.224,1566.2,80.6,78.6,Permanent,0,4.4066,1429.9,136.4,18.45,0.03706,0.372,618.1,2.4,80.64,0
3.043,2.609,0.779,0.0393,0.0425,9.3,1378,0.152,1440.5,58.2,86.9,Sand,1,3.9256,1443.9,-3.4,322.93,0.03532,0.468,1133.5,1.22,16.62,1
3.452,2.553,0.348,0.0372,0.0681,4.2,696,0.158,1520.6,179.7,23.7,Die,2,4.3159,1432.9,87.7,85.66,0.06256,0.696,44.8,29.93,100.0,0
3.859,1.798,0.724,0.0837,0.0523,13.7,558,0.174,1604.4,84.6,50.6,Permanent,0,4.4866,1427.6,176.8,60.63,0.03974,0.385,256.26,5.93,79.73,0
3.31,2.168,0.325,0.0149,0.0688,2.8,756,0.117,1521.9,235.1,39.5,Sand,1,4.038,1440.0,82.0,74.59,0.06495,0.789,234.12,5.5,100.0,0
3.338,2.504,0.408,0.0136,0.0646,2.6,777,0.124,1513.9,262.2,56.6,Permanent,0,4.177,1436.5,77.4,83.55,0.06135,0.713,319.99,3.91,100.0,0
3.454,2.628,0.385,0.0417,0.0675,6.3,790,0.105,1539.3,227.2,39.4,Sand,1,4.3437,1432.3,107.0,72.98,0.05949,0.703,232.72,5.64,100.0,0
3.401,2.437,0.408,0.0114,0.0465,2.5,587,0.084,1511.3,216.8,13.4,Permanent,0,4.217,1435.3,76.1,32.29,0.04427,0.575,18.04,40.0,98.51,0
3.531,2.014,0.52,0.0238,0.0521,4.0,615,0.09,1528.4,225.4,43.7,Permanent,0,4.2107,1435.0,93.3,38.03,0.0481,0.689,191.21,6.81,100.0,0
3.643,2.322,0.468,0.0226,0.0688,2.2,708,0.122,1543.6,214.7,11.5,Permanent,0,4.4241,1429.4,114.1,68.16,0.06579,0.859,13.34,40.0,100.0,0
3.636,2.192,0.446,0.0319,0.0625,7.6,583,0.123,1546.8,177.6,20.7,Sand,1,4.3771,1430.7,116.1,46.89,0.05364,0.686,64.47,21.24,100.0,0
3.127,2.596,0.706,0.0889,0.02,14.7,1403,0.138,1534.4,137.4,25.2,Die,2,4.022,1441.7,92.7,302.81,0.0149,0.176,50.92,27.44,38.74,1
3.683,2.629,0.25,0.0169,0.0717,4.5,508,0.119,1521.3,179.7,26.2,Die,2,4.5651,1425.8,95.5,34.28,0.06554,0.805,54.76,24.5,99.11,0
3.992,2.664,0.164,0.0359,0.0259,17.8,495,0.165,1490.4,79.1,44.5,Permanent,0,4.8922,1416.9,73.5,45.3,0.01815,0.168,197.79,7.14,72.11,0
3.662,1.936,0.472,0.0347,0.0422,5.5,703,0.128,1559.5,152.9,58.3,Permanent,0,4.3191,1432.0,127.5,70.77,0.03786,0.461,339.49,4.14,100.0,0
3.777,2.554,0.522,0.0411,0.0709,2.1,656,0.104,1504.5,178.6,18.8,Permanent,0,4.642,1423.8,80.6,50.09,0.0679,0.796,35.45,37.4,100.0,0
4.102,2.938,0.503,0.0354,0.0496,13.7,300,0.075,1448.0,95.1,18.1,Permanent,0,5.0931,1411.6,36.4,7.59,0.03772,0.448,32.84,40.0,69.47,0
3.508,2.32,0.185,0.0244,0.0449,12.2,1462,0.12,1579.2,75.4,60.2,Permanent,0,4.2899,1433.2,146.0,287.64,0.03524,0.427,362.92,4.14,48.58,1
3.678,2.932,0.799,0.0997,0.0421,12.9,497,0.21,1451.7,144.3,47.5,Sand,1,4.6887,1423.6,28.2,58.16,0.03249,0.358,338.93,3.86,86.32,0
3.383,2.377,0.256,0.0479,0.074,2.2,696,0.161,1541.1,271.2,51.1,Permanent,0,4.1911,1436.3,104.8,87.04,0.07073,0.839,261.29,4.86,100.0,0
4.19,2.887,0.635,0.0428,0.0247,10.4,1433,0.176,1594.8,50.5,22.8,Die,2,5.1668,1409.6,185.2,402.87,0.02009,0.296,41.65,37.08,0.0,1
3.4,2.156,0.502,0.0449,0.0671,5.5,564,0.115,1539.6,292.8,57.3,Permanent,0,4.1338,1437.5,102.1,40.75,0.0601,0.707,327.93,3.8,100.0,0
3.59,2.366,0.252,0.0348,0.0614,6.6,620,0.153,1513.2,212.6,47.6,Permanent,0,4.3902,1430.6,82.7,65.57,0.05388,0.702,226.68,5.74,100.0,0
3.429,1.627,0.322,0.0889,0.0569,7.2,318,0.177,1480.4,158.4,11.6,Die,2,4.0013,1441.0,39.5,19.98,0.04927,0.586,10.75,40.0,85.21,0
3.54,1.785,0.668,0.0272,0.0449,13.4,1510,0.131,1504.7,122.6,78.9,Permanent,0,4.1444,1436.6,68.1,334.11,0.03434,0.461,622.88,2.22,54.3,1
3.611,2.443,0.168,0.0522,0.0546,16.1,251,0.102,1523.9,95.8,16.1,Permanent,0,4.4424,1429.4,94.6,7.15,0.03955,0.349,26.05,40.0,85.32,0
3.416,2.483,0.515,0.0371,0.0507,3.1,705,0.121,1527.9,170.6,58.1,Sand,1,4.256,1434.5,93.4,67.03,0.0476,0.671,506.34,2.68,96.35,0
3.151,2.765,0.41,0.0259,0.0585,15.2,1365,0.085,1450.2,130.7,69.2,Permanent,0,4.0808,1439.7,10.5,176.35,0.04311,0.469,478.43,2.76,69.46,0
4.065,2.68,0.507,0.0647,0.0381,13.3,1331,0.245,1552.6,78.8,62.8,Permanent,0,4.9798,1414.7,137.9,485.18,0.02919,0.296,393.85,3.74,2.36,1
3.46,2.575,0.359,0.0344,0.0576,4.8,617,0.169,1525.5,201.8,33.9,Sand,1,4.3299,1432.5,93.0,71.92,0.05227,0.673,172.05,7.69,100.0,0
3.721,2.561,0.469,0.0294,0.0457,7.7,544,0.124,1512.3,267.4,15.4,Die,2,4.5845,1425.3,87.0,41.16,0.03916,0.459,18.93,40.0,100.0,0
3.467,2.691,0.358,0.0416,0.0425,6.3,601,0.138,1552.4,183.0,46.3,Sand,1,4.3778,1431.4,121.0,55.53,0.03747,0.595,321.43,4.26,100.0,0
3.542,2.208,0.414,0.0154,0.0574,2.1,597,0.123,1559.0,179.8,48.8,Permanent,0,4.2835,1433.1,125.8,49.05,0.05512,0.777,237.87,5.8,100.0,0
3.332,2.156,0.32,0.0258,0.0608,4.9,539,0.099,1501.0,276.2,22.9,Sand,1,4.0594,1439.5,61.5,32.34,0.05506,0.708,78.58,15.59,97.81,0
4.076,1.529,0.185,0.0491,0.0314,10.1,1549,0.184,1505.8,90.4,25.4,Sand,1,4.6022,1423.6,82.1,494.44,0.02564,0.369,96.45,14.67,11.5,1
3.423,1.933,0.553,0.0724,0.0564,5.4,581,0.223,1548.5,156.4,61.3,Permanent,0,4.0919,1438.7,109.8,83.96,0.05064,0.619,376.33,3.7,100.0,0
3.595,1.982,0.518,0.0136,0.0435,6.5,747,0.108,1558.9,227.9,56.9,Sand,1,4.2603,1433.5,125.4,67.28,0.03821,0.497,485.67,2.74,98.78,0
3.462,2.341,0.466,0.0257,0.0647,6.0,767,0.176,1503.2,246.4,49.2,Permanent,0,4.251,1434.3,68.9,115.76,0.05744,0.743,241.65,5.2,100.0,0
3.498,2.482,0.277,0.021,0.0696,7.2,876,0.11,1547.1,237.7,41.4,Permanent,0,4.3326,1432.2,114.9,94.12,0.0603,0.697,171.03,7.66,100.0,0
3.747,1.932,0.447,0.0364,0.0455,5.9,744,0.103,1508.7,186.9,37.1,Permanent,0,4.4032,1429.6,79.1,63.71,0.04037,0.599,137.83,9.59,100.0,0
3.634,1.911,0.313,0.038,0.0726,2.2,840,0.13,1504.7,177.5,28.1,Die,2,4.2834,1433.0,71.7,102.45,0.06949,0.89,63.07,21.04,100.0,0
3.869,3.082,0.6,0.0386,0.0436,10.5,521,0.238,1462.0,122.7,15.9,Sand,1,4.909,1417.0,45.0,72.4,0.03531,0.436,37.76,35.47,86.82,0
4.07,2.369,0.772,0.0463,0.0285,5.9,1337,0.198,1515.7,86.8,9.5,Sand,1,4.8755,1417.1,98.7,395.82,0.02534,0.422,13.46,40.0,21.35,1
3.094,2.086,0.567,0.095,0.0504,16.0,317,0.11,1534.5,147.8,88.2,Permanent,0,3.8213,1446.7,87.9,12.34,0.03659,0.357,777.55,1.78,88.79,0
3.498,2.375,0.294,0.0247,0.0577,7.2,761,0.175,1537.4,230.3,13.3,Permanent,0,4.2983,1433.0,104.3,113.5,0.04995,0.573,17.61,40.0,95.52,0
3.5,2.081,0.345,0.0198,0.0651,3.9,708,0.154,1532.9,184.9,41.6,Permanent,0,4.2008,1435.3,97.5,86.32,0.06015,0.733,172.93,7.79,100.0,0
4.188,2.596,0.212,0.0404,0.0407,13.4,509,0.069,1506.5,142.4,9.6,Permanent,0,5.067,1412.0,94.5,20.02,0.0311,0.361,9.22,40.0,79.74,0
3.909,3.068,0.356,0.0465,0.0288,13.8,1216,0.06,1604.9,96.5,65.1,Sand,1,4.9468,1416.0,188.9,98.44,0.02181,0.308,635.22,2.37,61.25,1
3.693,2.648,0.344,0.0144,0.0628,3.9,857,0.09,1522.4,265.8,49.1,Permanent,0,4.5805,1425.4,97.0,73.94,0.05805,0.716,241.49,5.2,100.0,0
3.378,1.968,0.461,0.0164,0.0475,8.0,676,0.151,1541.9,179.3,22.3,Permanent,0,4.0398,1439.7,102.3,76.94,0.04049,0.55,49.55,27.5,95.53,0
3.357,2.537,0.366,0.022,0.0619,3.9,888,0.158,1538.5,211.3,38.0,Permanent,0,4.2103,1435.7,102.8,139.1,0.05727,0.738,144.17,9.21,94.35,0
3.384,2.405,0.45,0.0209,0.0438,2.5,883,0.097,1539.3,236.5,14.6,Permanent,0,4.1931,1436.0,103.3,84.13,0.04167,0.641,21.17,40.0,98.21,0
3.371,2.651,0.336,0.0445,0.0748,6.5,868,0.136,1509.9,163.3,59.6,Die,2,4.27,1434.4,75.5,114.31,0.06568,0.749,284.5,4.73,94.61,0
3.519,2.374,0.356,0.0378,0.0673,7.1,529,0.091,1543.8,172.4,30.3,Permanent,0,4.3228,1432.5,111.3,28.52,0.0584,0.696,91.86,14.93,100.0,0
3.036,2.521,0.661,0.0607,0.0542,13.0,1402,0.148,1468.5,84.8,60.3,Permanent,0,3.8962,1444.8,23.7,324.63,0.0418,0.464,363.81,3.8,27.94,1
3.317,1.918,0.518,0.0442,0.0635,4.1,609,0.16,1508.5,212.8,15.2,Die,2,3.9711,1441.8,66.7,66.33,0.05852,0.661,18.47,40.0,95.33,0
3.185,1.896,0.673,0.07,0.0549,9.7,1141,0.23,1596.9,87.0,42.7,Sand,1,3.8397,1445.7,151.2,335.47,0.04529,0.516,273.09,5.53,34.78,1
3.691,2.399,0.466,0.0152,0.0452,3.0,766,0.112,1529.4,193.5,35.1,Die,2,4.4957,1427.5,102.0,73.54,0.04256,0.574,98.45,13.57,100.0,0
3.505,2.413,0.265,0.014,0.0604,7.9,522,0.119,1550.9,279.1,51.1,Permanent,0,4.3138,1432.6,118.3,36.16,0.05156,0.669,261.45,4.86,100.0,0
3.32,1.987,0.444,0.0489,0.061,6.1,806,0.11,1538.9,155.5,38.9,Permanent,0,3.9987,1441.1,97.7,79.72,0.054,0.693,151.1,9.16,100.0,0
3.692,2.594,0.533,0.0192,0.0406,4.2,753,0.134,1554.1,279.0,22.6,Sand,1,4.5629,1425.9,128.2,85.2,0.03735,0.56,76.38,16.69,100.0,0
3.64,2.895,0.258,0.0288,0.0445,5.1,393,0.187,1608.1,68.8,46.2,Die,2,4.6144,1424.9,183.2,32.3,0.04018,0.575,170.56,9.03,76.18,0
3.343,2.354,0.442,0.0139,0.0641,6.6,665,0.166,1520.3,282.6,29.0,Sand,1,4.1321,1437.6,82.7,82.14,0.05612,0.721,126.4,9.79,100.0,0
3.78,1.822,0.596,0.0675,0.0323,11.0,1119,0.055,1561.9,127.6,20.6,Sand,1,4.4103,1429.6,132.3,77.62,0.02593,0.336,63.36,22.64,88.62,0
3.793,1.903,0.398,0.0901,0.0525,9.2,1339,0.077,1547.2,77.8,41.1,Sand,1,4.4574,1428.6,118.7,154.83,0.04362,0.575,253.79,5.79,89.18,0
3.866,1.887,0.719,0.0791,0.0263,8.6,1317,0.088,1602.8,116.8,21.7,Sand,1,4.5218,1426.6,176.2,171.14,0.02217,0.436,70.42,21.1,55.19,1
3.549,2.303,0.389,0.0117,0.0561,5.9,860,0.108,1531.2,238.4,59.1,Permanent,0,4.3206,1432.2,99.0,89.04,0.04987,0.629,349.4,3.7,98.93,0
3.5,3.168,0.688,0.0289,0.0547,5.3,306,0.243,1512.4,92.5,76.8,Sand,1,4.5656,1426.7,85.7,25.38,0.04917,0.597,884.96,1.6,92.39,0
3.336,2.234,0.313,0.0462,0.0646,5.9,718,0.152,1506.2,277.0,14.6,Permanent,0,4.0964,1438.7,67.5,87.84,0.05738,0.678,21.19,40.0,99.82,0
3.64,2.579,0.533,0.017,0.0458,6.7,566,0.168,1531.6,239.8,34.5,Permanent,0,4.5055,1427.4,104.2,60.26,0.04009,0.579,119.17,10.84,100.0,0
3.781,2.212,0.339,0.0363,0.0491,6.8,667,0.089,1554.6,203.8,35.3,Sand,1,4.5298,1426.5,128.2,43.99,0.04289,0.579,186.41,7.25,100.0,0
3.741,1.967,0.291,0.0244,0.04,2.2,559,0.119,1501.3,201.4,56.4,Sand,1,4.4052,1429.5,71.8,41.41,0.03829,0.6,477.49,2.72,100.0,0
3.424,2.077,0.422,0.031,0.0436,5.9,862,0.131,1508.0,253.0,49.5,Sand,1,4.1265,1437.5,70.5,108.68,0.03877,0.502,367.69,3.41,98.34,0
4.036,2.279,0.754,0.0821,0.0583,7.9,423,0.067,1589.9,61.8,24.7,Permanent,0,4.8229,1418.8,171.1,13.38,0.04982,0.598,60.8,25.13,66.94,0
3.478,2.198,0.505,0.0329,0.0531,5.1,519,0.151,1550.1,164.7,18.0,Die,2,4.2221,1435.0,115.1,45.42,0.04803,0.637,25.79,40.0,100.0,0
3.261,2.604,0.236,0.0712,0.0489,14.8,231,0.192,1591.7,65.4,45.6,Die,2,4.1525,1437.9,153.9,11.47,0.03637,0.366,166.41,9.17,70.62,0
3.636,2.233,0.273,0.0483,0.0413,3.6,562,0.085,1528.2,191.1,22.0,Die,2,4.3968,1430.3,97.9,29.97,0.03843,0.553,38.84,34.42,100.0,0
3.731,2.653,0.426,0.0386,0.0672,6.7,861,0.107,1504.6,299.0,16.9,Die,2,4.6282,1424.3,80.3,88.8,0.0588,0.716,22.8,40.0,100.0,0
3.613,1.69,0.61,0.0373,0.0202,15.1,292,0.175,1593.3,84.5,22.1,Permanent,0,4.1886,1435.3,157.9,16.64,0.01489,0.232,48.98,30.8,57.42,1
3.422,2.182,0.453,0.032,0.0529,14.3,205,0.14,1559.9,118.4,81.8,Permanent,0,4.1604,1436.7,123.1,6.54,0.03976,0.421,669.81,2.15,86.49,0
3.235,1.69,0.733,0.0931,0.039,9.2,298,0.246,1512.5,92.2,71.8,Permanent,0,3.8294,1445.9,66.6,24.39,0.03245,0.429,515.95,2.75,80.59,0
3.382,2.559,0.543,0.0338,0.0677,2.7,713,0.178,1515.7,242.2,27.3,Permanent,0,4.2458,1434.8,80.9,101.19,0.06412,0.784,74.4,17.12,100.0,0
3.492,2.376,0.313,0.0363,0.0739,3.0,882,0.119,1518.7,155.2,28.4,Sand,1,4.2961,1433.2,85.5,103.78,0.06965,0.87,120.82,11.29,100.0,0
3.152,2.057,0.745,0.0825,0.0491,14.0,331,0.105,1553.1,157.1,24.5,Permanent,0,3.8652,1445.3,107.8,12.78,0.0371,0.425,60.08,23.24,90.65,0
3.444,2.322,0.424,0.0394,0.0537,2.8,671,0.148,1536.4,222.4,11.7,Die,2,4.2307,1435.0,101.4,74.51,0.05075,0.687,11.03,40.0,100.0,0
3.312,2.45,0.285,0.0382,0.0707,2.6,715,0.167,1525.5,192.6,21.3,Die,2,4.1414,1437.7,87.8,95.64,0.06714,0.88,36.45,36.57,100.0,0
3.481,2.622,0.458,0.0171,0.0661,3.2,663,0.151,1548.6,273.2,15.4,Permanent,0,4.3609,1431.6,117.0,74.24,0.06197,0.736,23.58,40.0,100.0,0
3.61,2.698,0.329,0.011,0.0571,2.9,836,0.147,1514.7,260.8,48.9,Permanent,0,4.5131,1427.3,87.3,115.02,0.05393,0.658,238.92,5.25,96.33,0
3.601,1.735,0.676,0.0888,0.0268,14.9,211,0.15,1595.5,111.2,69.1,Permanent,0,4.2087,1435.3,160.2,7.48,0.01988,0.156,476.8,3.11,58.51,1
3.468,2.493,0.413,0.0258,0.0741,3.8,812,0.147,1517.6,214.3,27.7,Die,2,4.3073,1433.0,84.6,108.61,0.06871,0.83,61.32,21.25,99.42,0
3.441,2.143,0.523,0.0398,0.0645,6.9,695,0.129,1506.0,184.0,36.9,Permanent,0,4.1683,1436.5,69.5,69.69,0.05615,0.722,136.37,9.69,100.0,0
3.257,2.792,0.365,0.0662,0.0308,15.1,1452,0.209,1479.7,127.7,60.5,Permanent,0,4.2098,1436.5,43.2,492.73,0.02277,0.33,366.16,3.69,6.54,1
3.585,3.107,0.703,0.0756,0.0302,6.2,1483,0.076,1516.8,71.2,71.6,Permanent,0,4.6457,1424.8,92.0,185.72,0.02669,0.411,512.94,2.82,69.97,0
4.057,1.964,0.408,0.0878,0.0355,8.2,1157,0.08,1510.8,124.6,27.6,Die,2,4.7403,1420.7,90.1,119.67,0.03012,0.401,61.16,22.67,88.72,0
3.758,2.95,0.707,0.0224,0.0398,7.0,1488,0.123,1453.0,123.5,32.1,Die,2,4.7489,1421.2,31.9,304.79,0.03461,0.395,82.42,16.13,42.56,1
3.776,3.187,0.694,0.042,0.0322,13.2,1136,0.106,1480.2,113.0,77.9,Die,2,4.8521,1418.8,61.5,153.59,0.02478,0.289,485.54,2.82,67.77,0
3.731,2.564,0.604,0.0605,0.0481,7.3,499,0.074,1582.5,128.3,16.6,Sand,1,4.6055,1425.0,157.4,20.45,0.04157,0.494,41.54,35.01,81.71,0
3.407,2.184,0.522,0.0273,0.044,4.6,895,0.112,1549.0,186.2,53.5,Sand,1,4.1447,1437.1,111.9,100.16,0.04016,0.617,428.76,3.18,98.04,0
3.651,2.155,0.741,0.0912,0.023,12.0,1212,0.194,1475.1,106.6,9.7,Permanent,0,4.3993,1430.5,44.6,318.77,0.01808,0.286,9.45,40.0,29.02,1
3.217,2.591,0.54,0.0504,0.044,9.2,1338,0.241,1579.4,155.8,86.4,Permanent,0,4.0972,1439.2,140.2,483.04,0.03662,0.473,746.45,1.91,17.46,1
3.166,3.136,0.203,0.0739,0.0331,14.0,1137,0.162,1472.8,62.8,87.9,Die,2,4.236,1436.3,36.5,234.09,0.02503,0.277,617.85,2.28,50.59,1
3.525,2.107,0.29,0.0381,0.0683,6.8,675,0.131,1558.1,282.8,44.3,Permanent,0,4.2396,1434.5,123.6,66.59,0.05961,0.636,196.44,6.49,100.0,0
3.314,2.016,0.444,0.0191,0.0634,6.0,885,0.149,1526.6,226.3,40.0,Permanent,0,3.992,1441.1,85.6,130.82,0.05625,0.624,159.98,8.13,93.8,0
3.557,2.675,0.349,0.0255,0.0702,2.5,721,0.17,1505.3,283.1,22.3,Sand,1,4.4571,1429.0,76.3,98.91,0.06672,0.77,74.88,16.32,98.83,0
3.76,2.625,0.3,0.0268,0.0742,5.8,703,0.097,1529.1,154.0,33.4,Die,2,4.6445,1423.7,105.4,53.5,0.06613,0.789,89.41,15.38,97.26,0
3.576,2.171,0.472,0.0168,0.0622,6.4,636,0.166,1515.9,296.0,26.4,Permanent,0,4.3055,1432.5,83.4,75.27,0.05473,0.602,69.88,17.46,100.0,0
3.813,2.245,0.514,0.0829,0.0484,15.9,534,0.204,1566.2,107.7,16.7,Die,2,4.5892,1425.3,140.9,65.02,0.03526,0.381,22.29,40.0,93.01,0
3.669,1.945,0.462,0.0325,0.0646,4.7,506,0.124,1515.1,259.7,43.3,Sand,1,4.3284,1431.7,83.4,35.53,0.05874,0.834,281.63,4.46,100.0,0
4.049,2.701,0.586,0.028,0.0316,13.1,1359,0.127,1511.0,78.2,21.7,Die,2,4.9582,1415.0,95.9,262.13,0.02435,0.297,37.6,38.1,49.41,1
3.441,2.167,0.517,0.0324,0.0605,5.8,656,0.129,1501.9,268.3,39.9,Sand,1,4.1737,1436.3,65.6,62.1,0.05383,0.672,238.32,5.18,100.0,0
3.756,2.4,0.494,0.0464,0.0708,3.6,734,0.125,1517.0,282.2,43.2,Permanent,0,4.5718,1425.6,91.4,75.61,0.06584,0.789,186.92,6.61,100.0,0
3.58,2.441,0.301,0.0455,0.0709,4.0,850,0.107,1555.5,293.9,47.9,Sand,1,4.4093,1430.2,125.3,86.35,0.06547,0.728,344.85,3.66,99.81,0
3.678,2.035,0.314,0.0424,0.0695,6.4,761,0.092,1519.6,159.5,40.3,Die,2,4.3701,1430.7,88.8,59.53,0.06111,0.665,129.95,10.47,100.0,0
4.162,1.731,0.789,0.0959,0.0317,6.6,318,0.19,1552.5,129.8,41.5,Sand,1,4.7711,1419.6,132.8,21.43,0.0278,0.419,258.09,5.51,78.43,0
3.347,2.729,0.297,0.0537,0.0569,13.3,1541,0.132,1470.9,91.4,88.4,Permanent,0,4.2749,1434.4,36.5,350.42,0.04362,0.463,782.07,1.76,37.8,1
3.313,2.64,0.306,0.0111,0.062,6.8,828,0.151,1543.7,182.8,53.0,Permanent,0,4.1962,1436.1,107.6,115.99,0.05409,0.724,280.69,4.85,100.0,0
3.305,2.596,0.38,0.0426,0.0697,2.6,520,0.131,1518.9,182.5,58.7,Permanent,0,4.1845,1436.7,82.2,39.76,0.06613,0.779,344.64,3.88,100.0,0
3.514,2.043,0.266,0.0324,0.0606,3.2,737,0.151,1516.3,173.7,39.9,Sand,1,4.2055,1435.3,81.0,91.65,0.0568,0.688,238.24,5.64,100.0,0
3.559,2.454,0.451,0.0269,0.0709,3.4,865,0.164,1553.4,267.1,15.9,Permanent,0,4.3863,1430.7,122.7,136.97,0.0663,0.758,25.26,40.0,88.69,0
3.246,2.048,0.289,0.0362,0.0476,9.5,1482,0.052,1445.5,81.9,36.1,Permanent,0,3.9404,1442.7,2.8,128.56,0.03938,0.536,130.11,10.48,67.93,0
3.743,1.55,0.232,0.0952,0.0201,17.1,1105,0.135,1584.2,155.8,23.3,Sand,1,4.2918,1432.8,151.4,184.68,0.01431,0.15,81.29,17.57,55.7,1
3.62,1.928,0.351,0.035,0.0743,5.0,866,0.119,1547.0,176.5,48.8,Permanent,0,4.2746,1433.2,113.8,99.36,0.06731,0.846,238.46,5.75,99.66,0
3.621,2.115,0.207,0.0568,0.0464,10.0,522,0.216,1513.3,84.0,45.3,Permanent,0,4.3454,1431.7,81.7,65.83,0.03806,0.483,205.06,6.97,100.0,0
3.342,2.658,0.324,0.0131,0.0724,6.2,739,0.111,1513.8,179.4,23.6,Permanent,0,4.2325,1435.2,78.7,67.84,0.06397,0.798,55.71,23.95,99.92,0
3.826,1.479,0.726,0.0713,0.0249,5.4,441,0.072,1453.5,65.4,13.5,Permanent,0,4.3429,1431.0,22.5,15.69,0.02233,0.415,18.21,40.0,63.84,0
3.722,2.489,0.437,0.0262,0.0571,4.2,684,0.096,1519.3,192.7,48.1,Die,2,4.5602,1425.9,93.5,50.2,0.05249,0.665,185.31,7.16,100.0,0
3.376,1.944,0.308,0.0446,0.0727,6.8,797,0.1,1528.5,224.1,54.3,Sand,1,4.0383,1439.9,88.6,70.74,0.0635,0.73,441.98,2.95,96.8,0
3.365,1.94,0.544,0.0125,0.041,2.1,624,0.151,1558.1,167.4,51.8,Sand,1,4.0161,1440.3,117.9,65.6,0.03934,0.652,402.62,3.45,98.7,0
3.683,2.025,0.326,0.0422,0.0605,7.6,551,0.132,1528.0,151.3,46.1,Permanent,0,4.3718,1430.7,97.3,44.88,0.05199,0.628,212.17,6.49,100.0,0
3.708,2.171,0.4,0.0461,0.0663,7.5,649,0.106,1521.0,199.5,30.8,Permanent,0,4.4471,1428.8,92.2,49.75,0.05704,0.68,94.75,13.95,100.0,0
3.54,3.148,0.242,0.0482,0.0484,16.4,567,0.151,1538.6,142.8,51.2,Die,2,4.6054,1425.7,112.9,54.14,0.03487,0.352,209.71,6.66,98.51,0
3.579,2.506,0.254,0.0416,0.075,5.3,767,0.101,1521.6,163.4,43.9,Permanent,0,4.4282,1429.7,91.9,66.43,0.0674,0.766,192.75,7.05,99.71,0
3.782,2.567,0.332,0.0122,0.0561,7.4,793,0.083,1557.1,253.8,49.8,Permanent,0,4.6416,1423.6,133.5,58.17,0.04842,0.613,248.44,5.25,91.67,0
3.423,2.647,0.508,0.0483,0.065,4.8,567,0.162,1508.5,225.5,26.2,Permanent,0,4.321,1433.0,75.5,58.26,0.05898,0.724,68.82,18.64,100.0,0
3.488,2.558,0.359,0.011,0.0492,7.7,757,0.166,1507.3,269.8,59.6,Permanent,0,4.344,1431.9,75.5,106.38,0.04217,0.547,355.51,3.48,100.0,0
3.7,2.109,0.446,0.0476,0.0728,7.3,765,0.125,1535.3,266.6,55.3,Die,2,4.4186,1429.5,105.7,81.97,0.06288,0.66,244.54,5.19,100.0,0
3.776,2.673,0.401,0.0217,0.0705,4.5,563,0.168,1517.5,193.8,29.1,Sand,1,4.674,1422.9,94.6,59.45,0.0644,0.742,127.07,10.42,100.0,0
3.156,2.395,0.564,0.0892,0.0459,5.8,1506,0.111,1546.3,129.2,28.8,Permanent,0,3.9839,1442.5,103.8,281.39,0.04087,0.557,82.76,17.12,63.96,0
3.327,2.224,0.522,0.0242,0.0386,6.2,899,0.09,1519.0,224.3,28.9,Permanent,0,4.0769,1439.0,79.9,81.71,0.03414,0.443,83.24,15.55,100.0,0
3.609,1.941,0.285,0.0153,0.0468,2.8,668,0.138,1535.4,272.7,49.1,Sand,1,4.261,1433.4,102.0,69.0,0.04427,0.657,361.79,3.49,100.0,0
3.61,2.596,0.27,0.0241,0.0598,4.5,578,0.098,1559.9,256.1,20.6,Die,2,4.483,1428.2,131.7,36.67,0.05461,0.637,33.82,38.56,99.79,0
3.102,2.304,0.528,0.07,0.028,7.3,484,0.176,1608.8,97.8,58.0,Sand,1,3.8936,1444.7,164.1,46.09,0.02423,0.369,505.08,2.99,66.6,0
3.435,2.691,0.532,0.0317,0.05,4.8,684,0.171,1519.2,194.5,23.2,Sand,1,4.3429,1432.3,86.9,89.5,0.04544,0.621,80.83,16.39,100.0,0
3.479,1.913,0.161,0.0837,0.0294,10.4,1427,0.221,1596.6,143.6,56.5,Die,2,4.1445,1437.3,159.4,503.26,0.02384,0.294,254.98,5.7,0.0,1
3.524,1.496,0.171,0.0333,0.026,8.3,1188,0.248,1452.3,80.3,51.1,Sand,1,4.0338,1439.4,13.0,391.17,0.02205,0.395,392.1,3.5,3.55,1
3.469,2.209,0.486,0.0235,0.0721,3.8,698,0.081,1505.9,170.1,47.2,Sand,1,4.2128,1435.2,70.7,44.28,0.06677,0.744,333.92,4.0,95.11,0
3.501,2.355,0.5,0.0476,0.0565,6.7,550,0.164,1532.7,257.4,10.3,Permanent,0,4.3017,1433.1,99.6,55.49,0.04939,0.626,10.59,40.0,100.0,0
3.09,2.493,0.365,0.0698,0.0425,10.3,1144,0.111,1560.2,118.2,36.1,Sand,1,3.944,1443.5,116.7,161.62,0.03461,0.418,195.02,7.39,83.67,0
3.557,2.159,0.36,0.0207,0.0448,7.0,570,0.104,1523.2,169.6,49.3,Permanent,0,4.2837,1433.1,90.1,37.66,0.03896,0.527,242.97,5.57,100.0,0
3.634,2.442,0.47,0.0203,0.0644,4.4,822,0.141,1532.4,233.3,50.0,Sand,1,4.4546,1428.7,103.7,106.59,0.05906,0.712,375.67,3.46,100.0,0
3.647,2.053,0.355,0.0433,0.0554,5.7,701,0.159,1520.1,251.9,39.3,Die,2,4.3461,1431.5,88.6,87.23,0.04943,0.594,123.76,10.25,100.0,0
3.172,2.011,0.569,0.0266,0.033,13.6,1161,0.227,1534.3,55.5,43.1,Permanent,0,3.8509,1445.1,89.2,342.78,0.0251,0.219,185.38,7.98,27.25,1
3.701,2.249,0.381,0.0178,0.0388,4.2,676,0.163,1520.1,266.3,52.1,Sand,1,4.457,1428.4,91.7,83.22,0.03566,0.487,406.56,3.08,100.0,0
3.651,2.282,0.33,0.0138,0.0567,5.9,655,0.088,1510.2,235.3,47.3,Permanent,0,4.4162,1429.5,80.7,42.15,0.05044,0.563,223.57,5.7,100.0,0
3.546,2.522,0.544,0.0436,0.0447,3.7,654,0.147,1543.0,243.6,45.9,Sand,1,4.4011,1430.5,112.4,70.46,0.04154,0.568,315.68,4.12,100.0,0
3.517,1.946,0.523,0.0458,0.054,5.2,889,0.089,1506.8,175.4,52.3,Permanent,0,4.1806,1436.0,70.9,78.41,0.04874,0.653,273.32,4.87,100.0,0
3.204,2.786,0.21,0.0716,0.0225,14.1,1300,0.193,1530.3,150.3,13.2,Sand,1,4.1564,1438.0,92.2,365.08,0.01697,0.304,26.19,40.0,29.36,1
3.464,1.928,0.348,0.068,0.0534,17.5,310,0.071,1530.9,72.7,26.0,Sand,1,4.1293,1437.6,93.4,7.65,0.03763,0.4,101.13,14.42,80.2,0
3.813,1.866,0.482,0.0702,0.0346,9.7,1443,0.123,1546.6,140.7,11.0,Permanent,0,4.4581,1428.3,118.2,286.68,0.02854,0.43,12.21,40.0,57.48,1
3.395,2.362,0.43,0.0347,0.0621,7.2,510,0.129,1506.8,183.5,49.7,Permanent,0,4.1945,1436.0,70.8,37.35,0.05373,0.701,247.37,5.35,100.0,0
3.79,2.087,0.368,0.0232,0.0396,4.8,750,0.178,1513.9,298.2,19.7,Permanent,0,4.4933,1427.2,86.8,111.76,0.03594,0.577,38.78,31.35,100.0,0
3.452,2.061,0.374,0.0295,0.0468,6.3,689,0.12,1538.4,170.8,54.9,Permanent,0,4.1485,1436.9,101.5,63.62,0.04124,0.624,301.86,4.53,98.42,0
3.389,2.339,0.424,0.0407,0.0413,2.8,791,0.14,1505.6,228.8,43.6,Permanent,0,4.1816,1436.4,69.2,98.05,0.03902,0.593,190.27,6.71,99.79,0
3.39,2.383,0.385,0.0442,0.0406,7.8,583,0.132,1511.7,211.3,30.3,Permanent,0,4.1987,1436.0,75.7,50.0,0.03472,0.497,91.76,14.17,100.0,0
3.589,2.541,0.312,0.0389,0.0546,3.4,618,0.107,1505.5,231.6,53.0,Permanent,0,4.449,1429.2,76.3,45.67,0.05102,0.619,281.21,4.53,100.0,0
3.445,2.357,0.466,0.0315,0.0687,2.3,865,0.145,1550.9,249.9,22.7,Permanent,0,4.241,1434.7,116.2,121.25,0.06564,0.752,51.33,25.35,93.59,0
3.763,2.503,0.307,0.0355,0.0582,7.4,703,0.118,1520.8,226.0,25.0,Permanent,0,4.6093,1424.6,96.2,65.48,0.05023,0.637,62.28,20.79,100.0,0
3.538,2.269,0.265,0.0318,0.0655,6.1,681,0.147,1503.5,247.0,23.7,Sand,1,4.305,1432.8,70.8,76.26,0.05797,0.642,83.97,14.96,100.0,0
3.56,1.985,0.372,0.0439,0.0458,3.7,890,0.093,1551.6,229.9,43.0,Sand,1,4.2359,1434.5,117.2,82.7,0.04249,0.601,276.77,4.78,100.0,0
3.337,2.15,0.358,0.0333,0.0683,4.2,691,0.144,1506.1,225.0,37.1,Sand,1,4.0649,1439.4,66.7,76.94,0.06274,0.824,206.2,6.21,98.75,0
3.485,2.167,0.522,0.0217,0.038,4.9,799,0.109,1536.6,285.7,54.4,Sand,1,4.2143,1435.1,101.5,78.01,0.03451,0.518,444.27,2.82,97.8,0
3.996,3.098,0.73,0.0322,0.0552,16.2,1338,0.065,1549.1,136.8,79.8,Sand,1,5.0398,1413.3,135.7,130.0,0.03996,0.412,954.49,1.48,79.89,0
3.33,2.353,0.668,0.0679,0.0445,8.6,1410,0.059,1589.7,122.6,86.9,Die,2,4.1372,1437.9,151.8,131.73,0.03743,0.473,603.56,2.43,83.04,0
3.337,2.2,0.45,0.0475,0.0718,5.2,627,0.087,1527.9,220.8,23.2,Permanent,0,4.086,1439.0,88.9,38.07,0.0647,0.794,53.91,24.25,96.51,0
3.765,2.091,0.497,0.037,0.0491,5.6,618,0.136,1544.6,259.2,53.0,Die,2,4.474,1427.9,116.7,58.16,0.04389,0.61,224.93,5.71,100.0,0
3.638,1.996,0.702,0.0932,0.0541,8.1,512,0.227,1584.3,103.0,55.1,Permanent,0,4.3342,1432.2,152.1,66.56,0.04601,0.59,303.48,4.88,86.36,0
4.076,1.632,0.681,0.0521,0.0365,13.2,1432,0.092,1467.4,56.7,79.9,Permanent,0,4.637,1422.8,44.6,211.64,0.02805,0.374,638.3,2.21,58.61,1
3.672,3.197,0.448,0.0241,0.0387,16.9,1278,0.204,1521.0,62.3,28.4,Permanent,0,4.7457,1421.6,99.4,373.03,0.0276,0.263,80.48,18.12,29.15,1
3.579,2.568,0.381,0.0409,0.0443,5.2,792,0.175,1509.5,168.5,46.0,Die,2,4.4488,1429.2,80.3,122.43,0.03991,0.66,168.98,7.94,97.08,0
3.566,2.033,0.29,0.0466,0.0636,6.2,880,0.179,1533.7,177.3,28.2,Permanent,0,4.2588,1433.9,99.8,155.15,0.05622,0.663,79.69,17.02,92.05,0
3.399,2.33,0.38,0.0438,0.0447,7.9,601,0.107,1550.5,225.9,33.7,Permanent,0,4.1908,1436.2,114.3,43.27,0.0381,0.491,113.53,11.67,100.0,0
3.334,2.528,0.341,0.0257,0.0689,3.6,518,0.148,1534.4,226.1,27.1,Die,2,4.1846,1436.4,98.0,44.36,0.06412,0.741,58.57,22.34,100.0,0
4.186,2.337,0.544,0.091,0.0277,14.4,464,0.19,1471.3,101.7,6.4,Die,2,4.9954,1414.1,57.2,45.73,0.02078,0.265,3.26,40.0,75.13,0
3.668,2.605,0.427,0.0161,0.0549,6.9,839,0.168,1555.0,286.0,45.7,Permanent,0,4.5421,1426.4,128.5,132.47,0.04781,0.602,209.3,6.06,92.76,0
3.543,2.531,0.504,0.0956,0.0375,11.0,1123,0.063,1602.1,151.8,89.1,Sand,1,4.4189,1430.5,171.6,89.36,0.03013,0.384,1191.72,1.22,84.04,0
3.677,2.382,0.327,0.0472,0.0564,5.4,536,0.173,1555.3,203.0,23.0,Permanent,0,4.4864,1428.0,127.3,55.5,0.05056,0.69,53.06,25.49,100.0,0
3.408,1.983,0.396,0.0239,0.0382,5.7,666,0.178,1523.0,219.8,55.1,Sand,1,4.0768,1438.7,84.3,88.36,0.03408,0.514,455.08,2.86,99.0,0
3.473,2.302,0.25,0.0321,0.0718,2.2,705,0.136,1503.8,261.0,53.3,Permanent,0,4.2514,1434.3,69.5,75.47,0.06873,0.868,284.59,4.37,100.0,0
3.499,2.016,0.477,0.0444,0.0575,7.4,676,0.136,1531.7,154.8,57.0,Die,2,4.1854,1435.9,95.7,69.29,0.04952,0.523,259.85,5.3,100.0,0
3.313,2.584,0.334,0.0197,0.0515,2.4,599,0.129,1528.9,289.8,38.9,Permanent,0,4.1806,1436.6,92.3,51.79,0.04908,0.662,151.2,8.2,100.0,0
3.304,3.175,0.781,0.0768,0.0389,13.7,478,0.123,1446.4,94.0,10.4,Permanent,0,4.3879,1432.1,14.4,31.46,0.02961,0.369,10.74,40.0,72.9,0
3.595,2.649,0.346,0.0191,0.065,7.0,501,0.108,1533.9,288.9,14.6,Permanent,0,4.4842,1428.2,105.8,30.16,0.05656,0.623,21.29,40.0,100.0,0
3.355,2.737,0.221,0.0731,0.0214,6.1,1530,0.179,1586.5,60.0,71.2,Die,2,4.292,1434.2,152.3,469.65,0.01896,0.338,405.78,3.76,0.0,1
3.609,2.207,0.489,0.0456,0.0566,6.7,899,0.147,1501.1,154.4,35.0,Permanent,0,4.3601,1431.3,69.9,132.87,0.04952,0.61,122.72,10.97,94.28,0
3.729,2.017,0.299,0.0126,0.0723,2.6,752,0.137,1533.4,246.7,19.4,Permanent,0,4.4058,1429.4,103.9,86.58,0.06859,0.823,37.55,34.27,100.0,0
3.36,2.51,0.486,0.0183,0.0744,6.8,857,0.116,1559.5,167.7,39.9,Die,2,4.203,1435.8,123.7,94.93,0.06495,0.711,127.11,10.95,100.0,0
3.728,2.549,0.398,0.0363,0.0686,7.9,850,0.146,1506.6,260.7,26.2,Permanent,0,4.5901,1425.2,81.4,117.76,0.05861,0.657,68.89,18.08,100.0,0
3.096,2.43,0.571,0.0745,0.0202,15.0,1338,0.078,1493.9,129.2,77.7,Permanent,0,3.9306,1443.9,50.0,155.88,0.01499,0.248,603.92,2.26,62.01,0
3.348,1.701,0.634,0.0244,0.0548,17.9,252,0.099,1575.5,93.9,45.4,Sand,1,3.9226,1442.7,132.8,7.0,0.03829,0.337,308.63,4.8,80.98,0
3.536,2.057,0.276,0.0156,0.058,5.8,767,0.163,1540.7,270.1,40.3,Permanent,0,4.227,1434.5,106.2,107.39,0.05162,0.588,162.43,7.82,98.8,0
3.826,2.06,0.44,0.0454,0.0289,16.1,336,0.18,1576.5,119.6,19.0,Sand,1,4.528,1426.4,150.1,22.68,0.02089,0.238,54.0,26.98,70.98,0
3.326,2.447,0.478,0.0337,0.0645,3.5,531,0.162,1506.6,199.9,54.1,Sand,1,4.1527,1437.3,69.3,51.03,0.0601,0.724,438.73,2.98,98.74,0
3.652,2.323,0.535,0.0272,0.0417,3.2,742,0.155,1514.4,195.6,32.9,Sand,1,4.4351,1429.2,85.2,95.55,0.03909,0.62,162.82,8.1,100.0,0
3.581,1.956,0.283,0.0437,0.0468,7.3,516,0.146,1521.3,268.8,57.1,Sand,1,4.2478,1434.1,87.3,43.56,0.04038,0.59,489.08,2.56,100.0,0
3.071,2.295,0.752,0.0303,0.0317,9.5,1365,0.134,1461.7,87.0,33.2,Permanent,0,3.846,1445.7,16.1,278.82,0.02625,0.34,110.53,12.44,29.4,1
3.539,1.835,0.415,0.0655,0.0415,9.0,575,0.18,1468.8,98.8,55.3,Sand,1,4.173,1436.2,32.6,66.61,0.03471,0.476,459.41,2.98,87.01,0
3.109,2.559,0.292,0.0352,0.0548,5.3,325,0.195,1500.6,150.2,57.4,Permanent,0,3.9741,1442.5,58.1,22.94,0.04928,0.54,329.31,4.1,93.08,0
3.899,2.481,0.285,0.0411,0.0377,11.7,1454,0.244,1598.4,138.7,17.7,Permanent,0,4.7394,1421.0,177.4,575.75,0.02989,0.407,31.39,40.0,0.0,1
4.102,1.572,0.702,0.0582,0.0499,12.6,484,0.082,1573.8,89.0,66.9,Permanent,0,4.6459,1422.6,151.3,21.34,0.03883,0.453,447.92,3.31,83.71,0
3.658,2.185,0.384,0.0133,0.0699,3.4,742,0.098,1502.6,202.8,31.1,Sand,1,4.3906,1430.1,72.5,60.33,0.06527,0.791,144.92,8.97,100.0,0
3.331,2.634,0.346,0.0471,0.0473,4.5,642,0.08,1509.6,184.5,25.4,Permanent,0,4.2242,1435.7,73.9,37.08,0.04321,0.592,64.64,20.5,100.0,0
3.787,2.193,0.332,0.0366,0.0466,4.6,590,0.113,1523.6,161.1,20.5,Permanent,0,4.5304,1426.4,97.2,44.01,0.04247,0.546,42.07,32.39,100.0,0
3.315,2.119,0.486,0.0169,0.0408,3.5,851,0.112,1544.3,250.6,41.7,Die,2,4.0274,1440.2,104.1,90.93,0.03808,0.534,139.31,9.29,97.46,0
3.691,2.741,0.634,0.0915,0.0428,12.5,263,0.228,1498.4,95.1,62.3,Die,2,4.6349,1424.7,73.6,17.54,0.03336,0.356,310.71,4.52,92.72,0
3.896,2.766,0.263,0.0584,0.0573,5.5,1407,0.165,1478.5,111.1,11.1,Sand,1,4.8375,1418.8,59.7,365.83,0.05133,0.653,18.36,40.0,36.99,1
3.486,2.013,0.26,0.0426,0.0589,5.8,676,0.082,1539.7,256.1,25.7,Permanent,0,4.1707,1436.3,103.4,42.06,0.05245,0.588,65.85,19.49,98.66,0
3.509,2.214,0.549,0.037,0.066,7.9,832,0.132,1523.3,187.2,43.0,Permanent,0,4.2593,1434.0,89.3,101.81,0.05632,0.583,184.67,7.24,100.0,0
3.438,2.325,0.402,0.0209,0.0434,7.1,785,0.143,1502.4,177.0,29.9,Permanent,0,4.2196,1435.1,67.2,98.7,0.03763,0.568,89.1,14.87,95.76,0
3.759,2.291,0.313,0.0121,0.0446,7.9,775,0.145,1515.0,191.8,11.7,Permanent,0,4.5262,1426.4,88.6,97.07,0.03803,0.508,13.7,40.0,100.0,0
3.333,2.19,0.391,0.0466,0.0472,4.9,816,0.096,1555.5,234.1,21.0,Permanent,0,4.0781,1439.2,116.3,71.09,0.04273,0.523,44.03,30.01,98.75,0
3.688,2.243,0.411,0.0244,0.0613,5.8,835,0.139,1517.8,292.1,11.6,Permanent,0,4.4439,1428.8,89.0,108.78,0.05467,0.704,13.47,40.0,98.82,0
3.992,2.302,0.555,0.0576,0.0203,17.9,419,0.247,1594.6,95.9,59.9,Permanent,0,4.7782,1419.8,174.8,48.29,0.01419,0.125,358.48,4.18,59.66,1
3.311,2.215,0.328,0.0246,0.0478,4.4,617,0.094,1546.3,280.9,56.4,Permanent,0,4.0576,1439.6,106.7,39.86,0.04383,0.575,318.48,3.97,95.94,0
3.425,2.282,0.535,0.0272,0.041,3.4,638,0.121,1536.4,178.1,11.5,Sand,1,4.1948,1435.8,100.5,54.97,0.03828,0.571,19.72,40.0,97.55,0
3.753,2.358,0.303,0.0437,0.0678,5.5,873,0.129,1514.1,212.6,42.9,Permanent,0,4.5534,1426.1,88.0,109.84,0.0608,0.665,183.78,7.08,100.0,0
3.131,2.18,0.5,0.0396,0.0444,11.1,1316,0.061,1574.3,154.5,9.1,Sand,1,3.8706,1444.9,129.4,118.4,0.03559,0.457,12.4,40.0,89.41,0
3.174,2.985,0.793,0.0813,0.0579,13.9,446,0.122,1458.8,155.6,48.8,Sand,1,4.1964,1437.2,21.5,26.99,0.04391,0.434,356.55,3.65,83.79,0
3.377,2.717,0.403,0.052,0.0497,8.9,557,0.208,1510.5,157.1,39.9,Permanent,0,4.3005,1433.7,76.8,72.27,0.04162,0.414,158.91,8.52,100.0,0
3.303,2.572,0.437,0.0219,0.0509,5.5,517,0.12,1557.2,293.5,34.3,Permanent,0,4.1674,1436.9,120.2,35.77,0.04557,0.612,117.47,10.76,100.0,0
3.516,2.4,0.427,0.0386,0.0432,5.0,689,0.168,1505.8,294.6,36.1,Sand,1,4.3293,1432.3,73.4,89.41,0.03912,0.607,195.45,6.2,100.0,0
3.179,2.511,0.712,0.0854,0.0219,15.5,1259,0.219,1483.0,61.7,28.7,Permanent,0,4.0448,1440.9,42.1,388.31,0.01609,0.262,82.37,17.26,8.21,1
3.753,2.008,0.431,0.0132,0.0739,4.2,833,0.11,1511.8,271.8,40.6,Permanent,0,4.427,1428.8,82.9,85.46,0.06797,0.745,164.98,7.52,97.42,0
3.345,2.225,0.411,0.029,0.0472,2.8,788,0.108,1515.0,239.6,20.3,Permanent,0,4.0959,1438.6,76.4,75.01,0.04468,0.651,41.09,31.03,99.77,0
3.775,2.092,0.53,0.0242,0.0479,3.9,758,0.084,1504.0,160.3,42.1,Permanent,0,4.4807,1427.6,76.5,54.18,0.0443,0.592,177.03,7.59,100.0,0
3.6,1.979,0.286,0.0351,0.0499,5.0,369,0.19,1530.1,57.4,12.5,Permanent,0,4.2714,1433.4,96.8,28.86,0.04514,0.612,15.69,40.0,88.44,0
3.765,2.007,0.278,0.0369,0.0672,3.7,572,0.119,1539.7,250.5,47.0,Permanent,0,4.4458,1428.5,111.2,43.4,0.06239,0.703,220.82,5.84,100.0,0
3.346,2.159,0.261,0.0243,0.0629,2.3,800,0.102,1557.7,247.0,57.5,Die,2,4.0737,1439.0,118.7,73.22,0.06013,0.737,264.77,4.95,100.0,0
3.596,2.478,0.326,0.0341,0.0545,2.3,539,0.093,1516.8,170.1,23.3,Permanent,0,4.4329,1429.5,87.3,30.08,0.05204,0.654,54.37,24.77,96.27,0
3.318,2.372,0.177,0.0589,0.0258,7.1,1558,0.083,1441.1,112.3,82.2,Die,2,4.1284,1438.1,3.0,226.41,0.02243,0.314,540.06,2.46,41.2,1
3.572,2.32,0.388,0.0364,0.047,5.6,793,0.118,1559.8,287.9,41.2,Sand,1,4.3575,1431.4,128.4,82.7,0.04202,0.523,254.59,5.0,97.42,0
3.596,2.55,0.336,0.026,0.0683,7.0,868,0.094,1538.5,284.6,19.1,Permanent,0,4.4547,1428.9,109.5,79.15,0.05939,0.688,36.65,34.21,100.0,0
3.365,2.682,0.486,0.0156,0.0509,8.0,620,0.118,1514.1,220.3,10.3,Permanent,0,4.2643,1434.3,79.8,50.68,0.04343,0.49,10.54,40.0,100.0,0
3.692,2.007,0.509,0.0465,0.0598,3.0,621,0.113,1550.8,166.7,15.6,Sand,1,4.377,1430.6,120.3,48.69,0.05635,0.721,36.34,38.08,100.0,0
3.153,1.465,0.518,0.0718,0.0595,5.4,1476,0.144,1449.6,122.8,40.5,Permanent,0,3.6656,1450.0,-0.4,350.78,0.05339,0.688,164.12,8.08,24.85,1
3.377,2.254,0.353,0.0295,0.0455,6.0,639,0.161,1557.8,194.3,48.5,Permanent,0,4.1385,1437.4,120.4,73.25,0.04037,0.594,235.01,5.8,100.0,0
3.416,1.95,0.266,0.027,0.0683,2.4,713,0.083,1523.9,254.9,22.8,Permanent,0,4.0744,1438.8,85.1,47.22,0.06516,0.871,51.76,24.51,100.0,0
3.749,2.158,0.527,0.0435,0.0519,3.4,814,0.171,1517.2,188.9,29.5,Permanent,0,4.4827,1427.8,89.4,126.87,0.04846,0.682,87.16,15.24,97.38,0
3.622,2.601,0.29,0.0137,0.0563,6.1,678,0.126,1536.5,243.6,49.4,Sand,1,4.4935,1427.8,108.7,64.51,0.04976,0.573,366.1,3.53,100.0,0
3.425,2.147,0.363,0.0305,0.0493,5.3,533,0.173,1523.9,172.5,29.3,Permanent,0,4.151,1436.9,87.0,54.79,0.04437,0.612,85.81,15.75,100.0,0
3.433,2.642,0.504,0.024,0.0605,3.3,538,0.178,1551.6,258.7,47.8,Permanent,0,4.321,1432.8,118.9,57.7,0.05662,0.755,228.83,5.65,100.0,0
3.429,2.592,0.53,0.0462,0.045,4.7,848,0.109,1540.5,204.8,16.9,Permanent,0,4.3087,1433.2,107.3,87.85,0.04095,0.534,28.51,40.0,100.0,0
4.078,2.64,0.492,0.0927,0.0597,16.1,1517,0.181,1451.5,55.0,78.4,Permanent,0,4.9891,1414.7,36.8,464.97,0.04327,0.464,615.33,2.27,4.7,1
3.387,2.125,0.393,0.0409,0.0704,5.4,790,0.123,1540.2,294.8,39.5,Permanent,0,4.1091,1438.2,102.0,85.69,0.0632,0.716,156.08,7.98,100.0,0
3.397,3.026,0.561,0.0665,0.0242,16.0,1469,0.212,1578.1,72.8,51.0,Permanent,0,4.4279,1430.7,147.4,511.71,0.01753,0.217,260.35,5.78,0.0,1
3.685,2.455,0.342,0.0213,0.0733,3.0,761,0.116,1526.6,204.0,39.9,Die,2,4.5101,1427.2,99.4,74.81,0.06906,0.867,127.07,10.41,98.94,0
3.336,2.358,0.41,0.049,0.0569,6.6,866,0.135,1548.4,166.4,39.0,Permanent,0,4.1388,1437.7,110.7,112.88,0.04979,0.594,151.84,9.1,99.68,0
3.731,2.017,0.285,0.0126,0.057,4.6,882,0.127,1514.0,192.9,59.4,Permanent,0,4.4077,1429.4,84.6,110.78,0.05195,0.649,352.36,3.75,100.0,0
3.621,2.568,0.518,0.0213,0.0677,7.9,545,0.143,1550.5,245.2,22.6,Permanent,0,4.484,1428.1,122.4,47.41,0.05779,0.696,51.05,25.57,100.0,0
3.398,2.246,0.313,0.0262,0.0607,3.5,681,0.14,1558.9,167.8,22.8,Permanent,0,4.1558,1436.9,122.0,72.45,0.05654,0.735,51.85,26.83,100.0,0
3.521,2.091,0.489,0.0336,0.0671,6.3,805,0.086,1528.4,233.3,10.3,Sand,1,4.2296,1434.7,93.7,62.09,0.05913,0.607,16.0,40.0,99.92,0
3.096,2.696,0.23,0.0435,0.043,14.9,598,0.14,1445.5,66.4,74.7,Permanent,0,4.0093,1441.7,3.7,56.21,0.03193,0.287,557.36,2.47,66.09,0
3.841,2.572,0.795,0.0738,0.0355,11.5,1225,0.112,1525.2,107.8,67.2,Sand,1,4.7232,1421.9,103.3,188.17,0.02817,0.357,678.1,2.09,69.0,0
3.306,2.264,0.406,0.0234,0.0514,6.4,791,0.157,1542.8,200.0,23.8,Permanent,0,4.0684,1439.3,103.5,109.44,0.04519,0.567,56.88,23.61,91.59,0
3.364,2.58,0.407,0.028,0.0599,4.2,733,0.142,1538.7,272.9,46.4,Sand,1,4.2332,1435.2,103.5,85.39,0.05501,0.659,323.56,3.91,100.0,0
3.353,2.496,0.353,0.0214,0.074,4.8,816,0.107,1522.5,259.3,36.6,Sand,1,4.1917,1436.2,86.3,79.82,0.06724,0.866,200.41,6.3,98.43,0
3.646,1.817,0.42,0.0264,0.039,14.1,425,0.177,1527.9,96.7,70.4,Die,2,4.2608,1433.4,94.5,35.87,0.02941,0.383,396.92,3.61,91.93,0
3.449,2.548,0.362,0.0311,0.0407,3.7,790,0.178,1521.3,273.6,49.9,Permanent,0,4.3085,1433.1,88.3,124.1,0.03779,0.46,249.13,5.01,95.45,0
3.606,2.626,0.446,0.0392,0.0629,4.8,834,0.141,1540.2,255.7,48.6,Permanent,0,4.4943,1428.0,112.2,109.43,0.05721,0.745,236.29,5.44,100.0,0
3.736,2.3,0.469,0.0356,0.0496,4.7,839,0.179,1503.6,165.9,48.3,Sand,1,4.5143,1427.0,76.6,141.2,0.04507,0.564,349.82,3.82,94.52,0
3.397,2.635,0.458,0.0497,0.0715,6.2,759,0.171,1509.0,235.2,53.4,Sand,1,4.2923,1433.8,75.2,110.04,0.06314,0.721,428.46,2.97,99.87,0
3.319,2.267,0.418,0.0499,0.0393,7.0,889,0.081,1512.5,283.4,46.7,Permanent,0,4.0916,1438.9,73.6,71.72,0.03417,0.421,218.04,5.64,93.83,0
4.027,3.101,0.449,0.0654,0.0221,15.8,418,0.132,1523.9,153.7,17.4,Sand,1,5.0821,1412.4,111.4,25.84,0.0161,0.254,45.19,30.32,73.32,0
4.079,2.493,0.475,0.0225,0.0257,12.2,1373,0.183,1516.7,101.0,85.2,Sand,1,4.9169,1415.9,100.9,384.47,0.02008,0.3,1088.32,1.3,20.91,1
3.187,2.561,0.741,0.0993,0.0398,14.0,1595,0.067,1484.5,89.5,33.2,Die,2,4.0736,1440.3,44.2,191.59,0.03004,0.399,88.42,15.78,61.67,1
3.731,2.434,0.409,0.0466,0.0558,6.9,589,0.161,1529.0,219.5,29.4,Sand,1,4.5583,1426.0,103.0,62.47,0.04853,0.61,129.35,10.12,100.0,0
3.409,2.302,0.36,0.0413,0.0455,6.0,836,0.091,1530.9,207.7,18.9,Die,2,4.1906,1436.1,94.8,71.02,0.04043,0.531,28.63,40.0,100.0,0
3.51,2.573,0.307,0.0441,0.049,4.1,705,0.179,1520.5,227.4,45.0,Permanent,0,4.3821,1431.1,89.4,99.54,0.04508,0.582,202.22,6.39,100.0,0
3.152,1.955,0.168,0.085,0.0413,6.0,1413,0.131,1546.7,73.8,20.4,Permanent,0,3.8317,1446.1,100.6,293.12,0.03658,0.451,41.53,35.46,47.66,1
3.816,2.675,0.653,0.0956,0.0531,6.2,550,0.202,1528.4,90.1,33.5,Sand,1,4.7394,1421.8,106.6,68.36,0.04691,0.584,168.64,8.53,93.92,0
3.318,2.024,0.466,0.013,0.0615,7.1,775,0.164,1507.8,179.1,20.2,Sand,1,3.9973,1440.9,66.9,110.31,0.05337,0.644,61.01,21.78,93.97,0
3.59,1.936,0.508,0.0268,0.0408,2.8,792,0.103,1526.4,206.6,47.9,Die,2,4.2445,1434.0,92.4,72.35,0.03857,0.495,183.56,7.19,100.0,0
3.735,2.904,0.761,0.0208,0.0506,16.3,381,0.154,1602.0,61.1,38.8,Permanent,0,4.7103,1422.2,179.8,24.96,0.0365,0.395,150.24,10.26,65.05,0
3.386,1.965,0.254,0.0431,0.0746,7.7,892,0.17,1542.0,168.5,45.3,Permanent,0,4.0556,1439.5,102.5,151.61,0.06395,0.714,205.02,6.7,90.79,0
3.694,1.958,0.341,0.0148,0.0476,3.4,647,0.176,1554.4,234.7,12.2,Permanent,0,4.352,1430.9,123.6,82.27,0.04446,0.605,14.8,40.0,99.0,0
3.107,2.207,0.379,0.0961,0.04,12.6,358,0.127,1533.8,63.0,87.5,Permanent,0,3.8751,1445.3,88.4,18.23,0.03108,0.331,766.37,1.92,72.9,0
3.419,1.939,0.368,0.0427,0.0408,2.1,780,0.128,1516.5,200.2,47.6,Sand,1,4.0796,1438.8,77.7,87.34,0.03913,0.55,339.37,3.88,96.59,0
3.598,2.235,0.527,0.0344,0.0581,5.4,580,0.089,1504.2,198.4,12.2,Permanent,0,4.3539,1431.4,72.8,33.46,0.0522,0.645,14.9,40.0,99.91,0
3.44,2.06,0.568,0.0939,0.0502,13.4,1446,0.132,1451.7,78.3,43.4,Permanent,0,4.1582,1437.2,14.5,308.52,0.03838,0.415,188.31,7.29,36.35,1
3.565,1.986,0.178,0.0399,0.0331,7.9,1170,0.115,1507.7,76.6,57.1,Sand,1,4.24,1434.3,73.4,176.65,0.02827,0.338,489.88,2.92,71.68,0
3.56,2.215,0.377,0.0362,0.0735,4.3,669,0.086,1548.4,226.4,50.7,Permanent,0,4.3099,1432.6,115.8,43.01,0.06746,0.881,256.7,5.15,99.71,0
3.682,2.12,0.306,0.0274,0.0714,6.1,689,0.128,1543.1,211.3,46.8,Sand,1,4.3983,1429.9,113.2,67.99,0.06328,0.689,327.93,4.06,99.76,0
3.631,2.282,0.374,0.0302,0.0432,3.9,701,0.108,1550.5,288.4,14.4,Permanent,0,4.4013,1430.1,120.4,59.14,0.03999,0.624,20.85,40.0,100.0,0
3.747,2.304,0.395,0.0333,0.0598,6.4,687,0.109,1534.8,247.9,17.1,Permanent,0,4.5267,1426.6,108.2,57.59,0.0526,0.621,29.27,40.0,100.0,0
3.531,2.082,0.387,0.0593,0.0249,5.4,1315,0.224,1520.6,65.5,5.9,Sand,1,4.2449,1434.5,86.1,431.76,0.02237,0.434,5.22,40.0,15.7,1
3.774,1.913,0.462,0.0372,0.0528,3.8,620,0.176,1523.0,166.8,58.9,Permanent,0,4.4238,1429.0,94.0,75.61,0.0489,0.637,347.15,3.91,100.0,0
4.196,2.931,0.218,0.0803,0.0559,9.2,1351,0.179,1564.9,57.9,23.7,Permanent,0,5.1995,1409.1,155.9,364.97,0.04653,0.532,56.12,26.85,16.73,1
3.349,2.184,0.385,0.0136,0.0531,7.1,581,0.143,1536.4,268.4,34.5,Sand,1,4.0815,1438.8,97.6,54.07,0.0461,0.582,178.12,7.12,98.81,0
3.514,2.431,0.451,0.0451,0.0395,7.9,876,0.084,1511.4,212.7,17.8,Permanent,0,4.3394,1432.2,79.2,72.2,0.0337,0.446,31.66,40.0,100.0,0
3.72,2.174,0.352,0.0256,0.0749,4.4,783,0.098,1513.2,179.0,44.3,Permanent,0,4.4538,1428.4,84.8,67.16,0.06851,0.841,196.68,6.78,100.0,0
3.474,2.393,0.307,0.0217,0.067,5.6,891,0.101,1558.9,298.0,54.2,Sand,1,4.2785,1433.6,125.3,89.57,0.0599,0.652,441.03,2.86,100.0,0
3.462,2.214,0.496,0.0419,0.0649,7.3,528,0.113,1559.0,195.5,56.4,Sand,1,4.2143,1435.3,123.6,35.07,0.0561,0.647,477.78,2.85,100.0,0
3.452,2.141,0.349,0.0145,0.0619,2.6,650,0.156,1502.4,238.3,44.2,Permanent,0,4.171,1436.2,66.1,73.37,0.05871,0.714,195.26,6.47,100.0,0
3.31,1.608,0.507,0.0372,0.022,15.7,1194,0.16,1586.5,120.4,38.2,Permanent,0,3.8586,1444.5,142.1,254.88,0.01609,0.233,145.92,10.05,41.56,1
3.666,2.556,0.474,0.0189,0.0466,2.8,674,0.095,1532.0,173.4,21.6,Sand,1,4.524,1426.9,105.0,48.13,0.04413,0.538,70.01,19.4,100.0,0
3.43,2.308,0.32,0.0267,0.0507,6.4,659,0.15,1505.1,219.0,18.9,Permanent,0,4.2083,1435.5,69.6,73.05,0.04462,0.623,35.72,36.01,100.0,0
3.534,2.673,0.448,0.0366,0.0417,3.1,750,0.17,1516.9,193.0,39.8,Die,2,4.4367,1429.7,87.2,106.96,0.03918,0.539,126.95,10.43,100.0,0
3.463,2.268,0.523,0.0489,0.0744,7.8,628,0.128,1542.6,219.1,39.1,Sand,1,4.2348,1434.9,107.7,56.4,0.06373,0.731,229.0,5.78,100.0,0
3.747,1.996,0.311,0.0384,0.0449,7.1,667,0.13,1501.6,185.5,58.4,Sand,1,4.4253,1429.1,72.5,64.4,0.03898,0.432,511.59,2.57,100.0,0
3.878,2.543,0.666,0.0376,0.0223,9.2,1323,0.072,1557.3,65.2,85.0,Die,2,4.738,1421.1,136.2,140.94,0.01853,0.301,578.57,2.58,64.5,0
3.172,3.174,0.529,0.0719,0.0325,13.5,269,0.058,1527.1,107.3,79.0,Sand,1,4.2539,1435.8,91.3,4.69,0.02482,0.291,936.54,1.52,73.0,0
3.784,2.2,0.439,0.0386,0.0542,7.5,817,0.142,1528.8,274.7,35.5,Permanent,0,4.5302,1426.4,102.3,105.82,0.04668,0.578,126.22,9.94,98.79,0
3.931,1.708,0.755,0.0355,0.0343,15.9,1558,0.104,1522.6,70.8,41.9,Die,2,4.5127,1426.3,96.3,283.45,0.02499,0.295,140.66,10.32,49.08,1
3.612,2.419,0.502,0.0114,0.039,2.2,847,0.118,1517.7,224.0,57.9,Sand,1,4.4226,1429.5,88.2,94.41,0.03727,0.665,503.39,2.57,99.15,0
3.318,2.137,0.52,0.0279,0.0623,4.8,709,0.108,1553.9,242.7,49.5,Sand,1,4.0399,1440.0,114.0,60.94,0.05657,0.672,367.35,3.57,96.48,0
3.815,2.117,0.491,0.0222,0.0517,17.8,304,0.225,1579.1,143.8,28.8,Permanent,0,4.5278,1426.3,152.8,23.34,0.03625,0.363,83.06,17.28,85.71,0
3.449,2.092,0.327,0.0126,0.0463,2.8,796,0.084,1523.2,262.0,32.4,Permanent,0,4.1502,1436.7,86.5,59.17,0.04374,0.601,104.94,12.02,100.0,0
3.874,1.585,0.248,0.0583,0.0265,7.3,1418,0.065,1502.3,144.9,32.2,Die,2,4.4218,1428.8,73.5,145.76,0.02292,0.4,83.02,16.35,84.23,0
4.139,1.629,0.231,0.0988,0.0537,11.8,1358,0.146,1462.1,125.6,37.3,Die,2,4.7147,1421.1,41.0,300.3,0.04243,0.413,111.44,11.99,53.16,1
3.357,2.449,0.342,0.0249,0.0397,5.8,629,0.089,1538.4,180.3,48.3,Permanent,0,4.1822,1436.4,102.0,39.46,0.03534,0.519,233.41,5.82,100.0,0
3.437,1.949,0.332,0.0217,0.0725,2.8,524,0.117,1515.3,297.2,36.6,Sand,1,4.0933,1438.2,77.1,35.89,0.06855,0.78,201.28,6.05,98.3,0
3.687,2.51,0.386,0.016,0.0543,6.3,891,0.137,1508.3,196.8,33.0,Sand,1,4.5289,1426.7,81.6,121.43,0.04784,0.531,163.31,8.03,96.89,0
3.41,2.741,0.49,0.0575,0.0302,10.3,1445,0.055,1550.5,102.9,39.6,Permanent,0,4.3423,1432.6,117.9,128.66,0.02457,0.352,157.12,9.21,80.78,0
3.462,2.376,0.363,0.0238,0.0451,6.2,834,0.133,1521.1,209.7,57.7,Permanent,0,4.2618,1434.1,87.1,103.71,0.03983,0.544,333.28,3.93,100.0,0
3.531,1.99,0.508,0.0373,0.0511,6.2,862,0.167,1549.0,226.0,54.4,Permanent,0,4.2069,1435.2,113.8,138.63,0.04517,0.569,295.8,4.47,95.61,0
3.376,2.658,0.492,0.0347,0.0409,2.2,589,0.159,1544.2,163.5,48.1,Sand,1,4.2736,1434.2,110.0,61.52,0.03912,0.61,346.57,3.98,100.0,0
3.295,2.896,0.635,0.0789,0.0482,16.0,1530,0.226,1441.0,156.5,49.7,Sand,1,4.2863,1434.6,6.4,592.42,0.03503,0.425,369.87,3.47,0.0,1
3.486,2.417,0.51,0.0237,0.0697,7.9,700,0.159,1512.8,182.3,44.1,Permanent,0,4.2998,1433.0,79.8,87.18,0.05961,0.635,194.68,6.83,100.0,0
3.925,2.234,0.782,0.0776,0.0502,11.8,489,0.06,1545.0,105.4,38.1,Die,2,4.6958,1422.2,122.8,15.9,0.03966,0.487,115.83,12.43,93.27,0
3.826,2.846,0.325,0.0562,0.0537,12.9,1589,0.078,1540.5,117.4,44.8,Sand,1,4.7931,1420.1,120.4,219.2,0.04148,0.424,301.49,4.72,73.08,0
3.036,1.498,0.206,0.0991,0.0402,15.0,1523,0.235,1470.2,108.6,40.7,Die,2,3.5686,1453.0,17.2,609.22,0.02975,0.341,132.34,10.29,0.0,1
3.585,2.353,0.443,0.0369,0.0744,6.7,801,0.147,1537.3,247.5,25.5,Permanent,0,4.3819,1430.8,106.5,105.15,0.06511,0.732,65.15,19.8,100.0,0
3.463,2.163,0.256,0.0229,0.0548,3.6,529,0.151,1547.1,151.5,42.5,Die,2,4.1911,1435.7,111.4,47.11,0.05103,0.73,144.77,9.64,100.0,0
3.329,2.215,0.517,0.0354,0.038,5.0,522,0.16,1556.3,269.0,24.0,Permanent,0,4.0792,1439.1,117.2,48.63,0.03436,0.511,57.77,22.28,94.94,0
3.654,2.658,0.522,0.0347,0.041,2.1,613,0.11,1529.8,259.8,44.6,Permanent,0,4.5513,1426.4,103.3,46.32,0.03932,0.597,198.76,6.39,100.0,0
3.357,2.164,0.484,0.0116,0.0574,7.1,783,0.085,1551.4,256.5,58.3,Permanent,0,4.0821,1438.7,112.7,58.63,0.04982,0.648,340.24,3.81,97.75,0
3.467,2.086,0.254,0.032,0.0738,4.5,587,0.125,1537.6,294.1,49.1,Sand,1,4.1731,1436.2,101.4,47.96,0.06755,0.808,361.83,3.44,98.41,0
3.453,2.088,0.379,0.0392,0.0697,7.1,739,0.09,1505.8,238.0,12.6,Die,2,4.1618,1436.6,69.1,54.69,0.06049,0.718,12.69,40.0,98.84,0
3.012,2.619,0.391,0.062,0.0398,10.2,359,0.123,1474.1,157.5,12.5,Permanent,0,3.9057,1444.7,29.4,17.65,0.03244,0.471,15.56,40.0,76.93,0
3.496,1.816,0.219,0.0241,0.0397,5.0,574,0.18,1461.4,158.8,17.6,Permanent,0,4.1093,1437.6,23.8,66.26,0.03588,0.535,31.02,40.0,89.08,0
3.571,1.978,0.509,0.0369,0.0549,4.2,861,0.086,1521.2,247.8,41.5,Sand,1,4.2423,1434.2,87.0,70.9,0.05047,0.716,258.95,4.92,100.0,0
3.754,2.025,0.255,0.0394,0.0397,2.4,563,0.084,1511.5,298.5,18.5,Permanent,0,4.4419,1428.7,82.8,29.68,0.03784,0.522,34.34,35.33,100.0,0
3.758,2.057,0.387,0.0384,0.0451,3.4,884,0.119,1512.5,244.7,53.9,Die,2,4.4562,1428.3,84.2,103.97,0.04217,0.593,232.49,5.45,100.0,0
3.757,2.193,0.544,0.0289,0.0614,7.8,519,0.104,1528.6,166.0,18.5,Permanent,0,4.4978,1427.3,101.4,31.19,0.05256,0.616,34.15,39.9,96.98,0
3.648,2.246,0.32,0.0366,0.053,2.9,781,0.113,1502.7,176.9,47.3,Die,2,4.4093,1429.9,72.8,77.3,0.05006,0.639,178.95,7.41,100.0,0
3.373,2.239,0.207,0.0327,0.0458,13.0,1329,0.248,1577.6,148.5,16.7,Sand,1,4.1303,1437.6,139.9,489.59,0.03526,0.429,41.89,34.12,18.25,1
3.45,2.543,0.4,0.0285,0.0723,4.2,887,0.164,1546.8,259.0,19.8,Permanent,0,4.3069,1433.1,113.7,144.05,0.06648,0.793,39.08,32.95,83.18,0
3.23,2.222,0.416,0.0251,0.037,16.4,1246,0.199,1479.9,87.6,59.4,Sand,1,3.9794,1441.8,38.1,344.9,0.02666,0.196,530.12,2.63,31.73,1
3.591,2.128,0.457,0.0231,0.0522,6.5,858,0.115,1559.6,154.5,54.0,Permanent,0,4.3075,1432.4,127.1,94.47,0.04577,0.631,291.37,4.82,97.72,0
3.631,2.005,0.41,0.0202,0.0648,6.1,640,0.153,1544.1,208.3,13.2,Die,2,4.3058,1432.3,111.8,70.06,0.05735,0.722,13.9,40.0,100.0,0
3.315,1.955,0.696,0.0297,0.0446,15.2,407,0.199,1448.6,76.9,29.6,Permanent,0,3.9769,1441.5,7.1,36.84,0.03297,0.359,87.5,15.68,70.14,0
3.488,2.03,0.445,0.0189,0.0581,4.6,848,0.098,1529.5,237.5,38.7,Permanent,0,4.1712,1436.1,93.4,78.86,0.05306,0.685,149.56,8.64,99.39,0
3.424,2.592,0.322,0.0197,0.0549,5.9,597,0.087,1501.8,258.1,10.4,Sand,1,4.2947,1433.4,68.4,34.75,0.04878,0.568,16.29,40.0,99.92,0
3.435,2.749,0.602,0.0854,0.0415,8.8,1410,0.081,1462.6,59.1,15.6,Sand,1,4.38,1431.8,30.8,179.59,0.03478,0.424,36.65,38.3,62.65,0
3.625,2.214,0.36,0.0309,0.0666,2.1,764,0.143,1524.3,274.8,34.5,Permanent,0,4.373,1430.8,93.5,93.12,0.06393,0.685,118.98,10.5,100.0,0
3.528,2.609,0.44,0.0468,0.0508,5.1,665,0.096,1504.8,155.6,15.8,Permanent,0,4.4135,1430.3,74.4,47.54,0.04586,0.577,25.09,40.0,100.0,0
3.333,2.128,0.543,0.0441,0.0605,6.7,791,0.162,1508.1,150.5,45.7,Sand,1,4.0575,1439.6,68.4,113.51,0.05295,0.633,313.71,4.33,96.04,0
3.354,2.375,0.45,0.0325,0.0603,4.2,608,0.091,1508.1,189.0,22.8,Permanent,0,4.156,1437.1,71.0,37.76,0.05544,0.717,51.82,25.46,100.0,0
3.633,2.363,0.269,0.0349,0.0435,5.4,843,0.148,1541.9,267.9,47.3,Die,2,4.4317,1429.4,112.5,117.68,0.03913,0.498,178.61,7.13,98.27,0
3.586,1.968,0.393,0.0148,0.0711,4.6,892,0.081,1548.9,288.5,30.4,Permanent,0,4.2468,1433.9,115.0,72.3,0.06488,0.804,92.61,13.61,100.0,0
3.731,2.356,0.298,0.0949,0.022,7.5,1269,0.178,1599.6,135.2,26.9,Die,2,4.5476,1426.7,173.0,320.31,0.01891,0.358,58.1,25.21,26.23,1
3.546,2.4,0.25,0.0253,0.0551,6.1,574,0.151,1553.3,254.8,23.0,Permanent,0,4.3548,1431.5,121.8,55.43,0.04879,0.655,52.89,24.55,100.0,0
3.578,2.42,0.251,0.0497,0.0416,5.7,1399,0.169,1525.4,119.3,29.4,Permanent,0,4.4009,1430.5,94.9,370.59,0.03715,0.561,86.34,16.29,46.21,1
3.355,2.184,0.383,0.0204,0.0665,4.8,691,0.093,1525.9,154.8,13.5,Sand,1,4.09,1438.6,87.3,49.43,0.06041,0.732,27.28,40.0,100.0,0
3.433,2.17,0.385,0.0436,0.074,6.0,890,0.091,1533.5,260.4,45.0,Sand,1,4.1706,1436.5,97.0,80.63,0.06562,0.765,303.7,4.19,99.28,0
4.134,2.745,0.622,0.0856,0.0466,5.7,1198,0.092,1536.1,94.0,15.6,Permanent,0,5.0778,1412.3,123.8,148.13,0.04157,0.536,24.38,40.0,74.27,0
3.948,1.403,0.424,0.0806,0.0599,12.7,419,0.115,1486.7,71.9,17.0,Permanent,0,4.4426,1428.2,58.5,22.56,0.04643,0.493,29.03,40.0,84.96,0
3.573,2.687,0.454,0.0474,0.0614,3.5,744,0.086,1553.8,265.6,30.7,Permanent,0,4.4849,1428.4,125.3,52.96,0.05719,0.727,94.2,13.67,100.0,0
3.729,2.142,0.346,0.03,0.0521,7.4,795,0.097,1557.0,274.3,32.5,Permanent,0,4.4535,1428.4,128.6,68.58,0.04491,0.596,105.34,12.18,100.0,0
3.518,1.484,0.209,0.0745,0.0347,7.9,1530,0.057,1602.5,151.9,28.9,Sand,1,4.037,1439.6,162.9,150.19,0.02963,0.436,125.34,11.57,71.65,0
3.781,2.091,0.534,0.0329,0.0509,3.7,813,0.085,1501.4,284.6,10.3,Permanent,0,4.489,1427.4,74.0,62.8,0.04732,0.719,10.71,40.0,100.0,0
3.68,2.045,0.352,0.0493,0.0462,2.0,538,0.088,1542.0,211.4,10.4,Die,2,4.3779,1430.6,111.4,28.57,0.0444,0.644,8.71,40.0,96.92,0
3.293,3.08,0.21,0.0809,0.0471,9.0,1575,0.235,1588.7,137.8,18.7,Permanent,0,4.3463,1433.2,155.5,652.4,0.03929,0.394,35.15,40.0,0.0,1
3.444,2.587,0.421,0.0402,0.073,5.0,564,0.154,1550.6,295.8,21.1,Permanent,0,4.3194,1432.9,117.7,54.69,0.06597,0.749,44.34,28.3,99.69,0
3.229,2.818,0.301,0.0874,0.0289,6.9,226,0.054,1456.3,79.1,88.1,Sand,1,4.1975,1437.0,19.3,3.05,0.02515,0.375,1164.51,1.18,62.64,0
3.722,1.87,0.24,0.0674,0.0458,14.1,1585,0.224,1526.5,99.1,52.2,Sand,1,4.3678,1430.8,95.7,629.63,0.03454,0.366,408.15,3.5,0.0,1
3.677,2.001,0.26,0.0354,0.0607,7.4,502,0.11,1538.3,207.5,24.7,Sand,1,4.3557,1431.0,107.3,30.98,0.05238,0.577,91.82,14.49,100.0,0
3.284,1.959,0.784,0.0725,0.0354,13.5,406,0.068,1537.2,88.7,79.2,Permanent,0,3.961,1442.4,94.8,12.61,0.02699,0.259,627.62,2.31,80.57,0
3.091,2.844,0.272,0.0594,0.0244,8.0,527,0.239,1481.3,56.3,73.8,Permanent,0,4.0586,1440.7,40.6,74.39,0.02084,0.33,544.23,2.62,71.14,0
3.739,2.552,0.637,0.0844,0.0437,6.3,1239,0.239,1444.8,108.5,54.0,Permanent,0,4.6173,1424.9,19.9,409.57,0.0386,0.545,291.68,4.58,20.49,1
3.523,2.235,0.281,0.05,0.0473,2.8,650,0.147,1555.5,222.9,40.3,Die,2,4.2848,1433.5,122.1,69.39,0.04473,0.652,130.13,10.24,99.22,0
3.353,2.117,0.383,0.0293,0.0518,6.0,604,0.112,1558.4,186.1,43.0,Permanent,0,4.0682,1439.2,119.2,45.55,0.04594,0.559,184.98,7.42,98.56,0
3.848,3.148,0.22,0.0268,0.0343,6.6,380,0.116,1463.7,67.3,12.4,Sand,1,4.9063,1417.1,46.7,18.75,0.03006,0.486,22.89,40.0,74.78,0
3.194,2.065,0.325,0.0511,0.0283,17.8,1553,0.227,1602.9,118.4,87.3,Permanent,0,3.8998,1444.0,158.8,613.18,0.01985,0.183,761.4,1.95,0.0,1
3.568,2.209,0.433,0.0367,0.0549,6.8,808,0.084,1555.7,171.7,16.7,Sand,1,4.3162,1432.4,123.3,61.52,0.04792,0.567,42.0,32.95,100.0,0
3.546,2.515,0.525,0.0153,0.0432,2.3,729,0.115,1536.7,160.8,34.4,Permanent,0,4.3894,1430.6,106.1,68.45,0.04123,0.592,118.65,11.6,100.0,0
3.771,1.539,0.762,0.0276,0.0245,7.8,1577,0.216,1457.9,58.5,59.7,Die,2,4.2932,1432.1,25.8,601.28,0.02094,0.271,285.06,4.91,0.0,1
3.505,2.561,0.258,0.0359,0.0588,2.4,765,0.126,1526.2,206.8,59.8,Sand,1,4.3707,1431.4,94.8,82.25,0.05601,0.715,536.81,2.46,100.0,0
3.418,2.153,0.432,0.037,0.0435,3.8,502,0.179,1514.3,201.5,35.3,Die,2,4.148,1437.1,77.2,50.4,0.04032,0.515,99.76,13.16,98.58,0
3.594,2.331,0.711,0.073,0.0274,6.1,1277,0.05,1523.5,124.4,27.6,Sand,1,4.3956,1430.7,92.8,91.52,0.02424,0.394,113.87,12.29,90.03,0
3.634,2.28,0.526,0.0233,0.0571,2.4,515,0.175,1522.2,244.1,10.8,Sand,1,4.4015,1430.0,92.2,52.0,0.05438,0.682,17.39,40.0,100.0,0
3.719,2.493,0.508,0.0209,0.0495,6.3,778,0.17,1556.3,255.1,34.5,Sand,1,4.5571,1425.9,130.4,115.4,0.04365,0.605,178.03,7.31,93.93,0
3.337,2.419,0.532,0.0115,0.0531,5.2,799,0.163,1519.2,180.6,31.1,Permanent,0,4.1467,1437.2,82.0,116.47,0.04787,0.583,96.6,13.86,100.0,0
3.509,2.5,0.335,0.0322,0.0391,6.5,879,0.121,1520.2,150.7,52.8,Permanent,0,4.3528,1431.8,88.4,104.82,0.03432,0.582,278.87,4.91,99.1,0
3.434,2.375,0.402,0.0137,0.0724,7.6,891,0.18,1547.1,158.1,56.5,Permanent,0,4.23,1434.9,112.2,159.66,0.06223,0.667,318.86,4.36,89.92,0
3.529,2.257,0.441,0.0188,0.071,5.9,861,0.09,1551.4,152.2,14.2,Permanent,0,4.2877,1433.1,118.3,74.87,0.06315,0.712,20.21,40.0,100.0,0
3.988,2.237,0.547,0.1,0.0364,6.9,1521,0.058,1519.5,155.0,38.1,Permanent,0,4.7671,1420.4,99.1,150.88,0.03167,0.473,145.1,9.4,87.87,0
3.666,1.905,0.527,0.0236,0.0411,4.4,818,0.107,1511.3,159.6,25.9,Sand,1,4.309,1432.1,79.2,80.26,0.0376,0.523,100.26,13.48,100.0,0
3.714,2.335,0.301,0.0216,0.038,7.0,836,0.105,1536.4,203.6,55.2,Permanent,0,4.4998,1427.3,109.1,81.74,0.03308,0.511,305.05,4.37,100.0,0
3.625,2.511,0.465,0.0467,0.042,3.6,821,0.171,1508.3,183.1,59.6,Sand,1,4.4772,1428.4,79.8,128.86,0.03903,0.488,532.83,2.49,100.0,0
3.318,2.098,0.477,0.0208,0.0462,6.3,888,0.123,1515.6,212.4,51.3,Sand,1,4.0239,1440.3,75.2,108.73,0.04074,0.552,395.15,3.3,98.91,0
3.799,1.981,0.535,0.0202,0.0736,2.6,756,0.141,1510.1,281.3,18.8,Permanent,0,4.466,1427.8,82.3,89.86,0.06978,0.805,35.32,34.79,100.0,0
3.405,2.32,0.42,0.0182,0.0508,7.8,578,0.163,1528.8,166.4,55.8,Permanent,0,4.1842,1436.1,92.7,60.82,0.04345,0.574,311.37,4.38,100.0,0
4.145,1.876,0.293,0.0957,0.0556,8.8,595,0.205,1586.7,151.9,77.9,Sand,1,4.802,1418.9,167.8,81.06,0.04661,0.552,910.06,1.58,87.66,0
3.559,2.476,0.45,0.0105,0.0735,6.4,871,0.16,1527.8,189.0,47.4,Die,2,4.3881,1430.5,97.2,135.36,0.06467,0.754,179.93,7.44,95.75,0
3.313,2.188,0.27,0.0342,0.0646,4.4,662,0.121,1513.0,238.6,34.3,Die,2,4.0538,1439.7,73.3,59.04,0.05912,0.758,93.88,13.58,98.96,0
3.329,2.343,0.391,0.0431,0.0474,7.0,652,0.083,1543.8,210.7,32.9,Permanent,0,4.1244,1438.0,105.7,39.2,0.04128,0.595,108.12,12.33,100.0,0
3.633,2.308,0.518,0.0373,0.0467,4.4,879,0.13,1557.1,174.6,10.7,Die,2,4.4152,1429.8,127.3,112.17,0.04276,0.605,9.08,40.0,96.76,0
3.476,1.951,0.693,0.0284,0.0257,13.9,201,0.158,1486.0,125.0,48.0,Permanent,0,4.1363,1437.1,48.9,7.16,0.0195,0.329,230.01,5.92,66.56,0
3.62,2.541,0.473,0.0459,0.0535,7.7,723,0.141,1530.6,272.2,33.2,Permanent,0,4.4829,1428.3,102.3,82.39,0.04584,0.519,110.39,11.4,100.0,0
3.602,2.553,0.382,0.0249,0.0656,5.3,796,0.118,1515.1,225.1,46.8,Die,2,4.4612,1428.7,86.4,83.85,0.05906,0.692,175.15,7.37,100.0,0
3.31,2.006,0.391,0.0439,0.0558,6.5,734,0.15,1532.6,279.1,16.5,Sand,1,3.9928,1441.3,91.3,90.61,0.04904,0.582,40.75,30.76,96.72,0
3.505,2.004,0.418,0.0116,0.0539,2.8,713,0.105,1500.5,291.7,20.7,Permanent,0,4.1765,1435.8,64.6,59.42,0.05101,0.683,42.8,28.24,98.85,0
3.372,2.274,0.605,0.0591,0.0265,13.2,521,0.176,1505.0,127.1,18.3,Permanent,0,4.1501,1437.4,67.7,53.43,0.02035,0.286,33.39,40.0,81.64,0
3.31,2.67,0.354,0.0226,0.0645,4.0,689,0.109,1545.0,249.1,55.6,Permanent,0,4.2079,1435.9,109.0,57.97,0.05948,0.707,309.01,4.19,99.99,0
3.816,1.7,0.344,0.0672,0.0471,8.5,568,0.243,1506.2,66.5,40.7,Permanent,0,4.4048,1429.6,76.7,87.68,0.03974,0.549,165.66,8.69,93.74,0
3.477,1.913,0.479,0.016,0.0656,7.2,812,0.084,1555.4,278.3,42.8,Permanent,0,4.1205,1437.3,118.1,62.22,0.05689,0.526,182.92,6.98,100.0,0
3.618,1.998,0.259,0.0153,0.0611,7.2,582,0.1,1536.9,268.9,39.4,Die,2,4.2893,1432.7,104.2,37.83,0.0529,0.671,124.4,10.19,100.0,0
3.34,2.37,0.448,0.0389,0.054,3.2,573,0.146,1554.5,226.1,36.8,Sand,1,4.1427,1437.5,116.9,53.55,0.05067,0.647,202.87,6.55,100.0,0
3.797,2.22,0.455,0.0101,0.0396,5.1,822,0.177,1534.6,177.3,37.4,Permanent,0,4.5404,1425.9,108.7,133.64,0.03574,0.539,140.06,9.69,95.45,0
3.542,2.382,0.404,0.0138,0.0628,2.8,857,0.143,1521.1,233.0,44.3,Die,2,4.3404,1431.8,89.3,117.55,0.05937,0.695,156.74,8.22,94.08,0
3.63,2.268,0.42,0.0217,0.0619,6.3,618,0.108,1503.1,154.6,13.8,Sand,1,4.393,1430.2,72.9,46.12,0.05459,0.665,28.67,40.0,100.0,0
3.718,2.352,0.339,0.017,0.0465,2.3,650,0.104,1523.6,278.9,49.4,Permanent,0,4.5076,1427.1,96.5,49.19,0.04444,0.644,243.8,5.11,100.0,0
3.347,2.561,0.437,0.0383,0.0627,2.1,838,0.1,1529.5,176.5,57.7,Sand,1,4.2135,1435.8,93.7,78.53,0.06012,0.804,499.78,2.71,100.0,0
3.781,2.593,0.344,0.049,0.0688,7.0,663,0.13,1515.8,208.3,24.9,Permanent,0,4.6622,1423.4,92.4,63.7,0.05981,0.723,62.11,21.05,100.0,0
3.703,2.015,0.541,0.0402,0.0668,6.3,506,0.13,1525.0,218.8,55.3,Sand,1,4.388,1430.2,94.8,37.36,0.05881,0.633,458.21,2.85,100.0,0
3.827,1.982,0.738,0.0472,0.054,5.0,501,0.07,1452.5,111.4,68.9,Permanent,0,4.5038,1427.0,25.5,19.49,0.04884,0.627,475.11,2.82,81.85,0
4.015,2.623,0.461,0.0967,0.0446,14.2,1297,0.212,1543.1,106.9,11.8,Sand,1,4.9222,1416.6,126.5,398.6,0.03354,0.405,20.75,40.0,28.04,1
3.537,2.647,0.446,0.036,0.0518,6.7,522,0.137,1518.3,260.4,19.8,Permanent,0,4.4314,1429.8,88.5,41.74,0.04526,0.551,39.09,32.18,99.47,0
3.669,2.06,0.281,0.0144,0.0411,3.8,584,0.099,1518.6,220.2,49.3,Sand,1,4.3607,1430.8,87.9,37.69,0.03811,0.49,364.22,3.56,100.0,0
3.083,1.401,0.72,0.0763,0.054,6.4,1581,0.083,1558.7,51.5,71.3,Permanent,0,3.576,1452.5,106.2,231.21,0.04753,0.6,508.67,2.96,57.24,1
4.019,2.25,0.749,0.0915,0.0466,5.3,283,0.059,1580.6,126.1,39.8,Permanent,0,4.7999,1419.5,161.1,5.28,0.04193,0.514,158.1,9.2,74.56,0
3.849,1.835,0.453,0.0387,0.0295,12.4,552,0.05,1465.4,148.2,39.4,Permanent,0,4.4735,1427.5,37.8,17.2,0.02304,0.288,155.08,8.49,77.22,0
3.44,2.363,0.344,0.0367,0.0662,6.5,885,0.153,1547.4,288.2,13.2,Die,2,4.2398,1434.8,112.7,133.7,0.05806,0.643,13.96,40.0,97.01,0
3.401,2.51,0.442,0.0137,0.0639,2.2,621,0.134,1534.9,292.8,20.7,Permanent,0,4.2421,1434.7,100.2,57.71,0.06117,0.759,42.67,29.11,95.39,0
3.572,1.857,0.159,0.0671,0.0474,10.1,332,0.2,1490.7,150.4,36.1,Die,2,4.2129,1435.1,55.5,24.64,0.03869,0.516,104.26,12.86,98.39,0
3.362,2.486,0.409,0.0236,0.0622,4.2,595,0.15,1511.9,153.5,57.0,Permanent,0,4.198,1436.0,75.9,59.22,0.05724,0.733,324.43,4.19,100.0,0
4.006,3.031,0.531,0.0858,0.0386,5.7,1162,0.102,1567.8,84.3,58.0,Sand,1,5.0447,1413.6,154.2,154.41,0.03442,0.55,505.03,2.94,66.38,0
3.648,2.37,0.28,0.0441,0.0679,5.1,785,0.148,1536.5,232.0,44.4,Permanent,0,4.453,1428.9,107.6,102.15,0.06133,0.748,197.37,6.61,100.0,0
3.774,1.919,0.286,0.025,0.0515,7.0,871,0.173,1516.4,268.9,17.6,Permanent,0,4.4223,1429.0,87.5,146.51,0.04475,0.573,31.12,40.0,91.34,0
3.765,2.556,0.536,0.0199,0.043,4.0,583,0.091,1507.3,283.5,21.0,Permanent,0,4.6234,1424.1,83.2,34.45,0.0397,0.623,44.05,27.78,97.83,0
3.454,2.532,0.439,0.0296,0.045,4.0,728,0.152,1522.8,171.3,56.0,Permanent,0,4.3078,1433.0,89.7,90.25,0.04152,0.528,313.99,4.3,100.0,0
4.007,2.045,0.522,0.0816,0.0253,16.0,334,0.115,1570.5,55.4,29.9,Permanent,0,4.7158,1421.4,149.0,14.3,0.01837,0.278,89.65,16.9,64.46,0
3.581,2.801,0.678,0.0326,0.0335,10.7,1597,0.168,1551.2,126.6,33.0,Die,2,4.5256,1427.3,123.9,479.32,0.02702,0.391,86.91,16.39,19.03,1
3.988,2.402,0.54,0.0435,0.0426,17.6,202,0.209,1451.6,107.9,18.2,Permanent,0,4.8026,1419.1,32.5,9.52,0.02994,0.326,32.96,40.0,71.75,0
4.004,3.077,0.442,0.0581,0.0528,13.2,558,0.117,1459.4,154.0,43.3,Die,2,5.0494,1413.3,46.2,40.65,0.04058,0.418,150.11,8.7,84.75,0
3.676,2.28,0.339,0.013,0.0727,4.4,640,0.167,1516.2,169.4,23.2,Sand,1,4.4399,1428.8,87.3,76.44,0.06655,0.747,80.91,16.64,100.0,0
3.267,2.676,0.667,0.0442,0.0332,5.9,363,0.104,1524.0,146.1,25.9,Sand,1,4.174,1437.1,86.9,15.32,0.02946,0.462,100.48,13.71,87.23,0
3.976,3.03,0.33,0.0234,0.0281,14.5,332,0.248,1565.8,62.2,79.4,Permanent,0,4.9942,1414.4,151.4,30.58,0.02105,0.218,630.58,2.38,59.93,1
3.438,2.634,0.266,0.0417,0.0527,3.9,895,0.171,1539.2,184.1,19.7,Sand,1,4.3303,1432.7,106.6,153.55,0.04879,0.628,57.93,23.39,92.12,0
3.617,2.989,0.491,0.0487,0.0307,17.1,1249,0.173,1576.7,128.1,88.0,Permanent,0,4.6294,1424.8,151.9,302.44,0.02176,0.216,774.95,1.87,41.51,1
3.628,2.656,0.335,0.0146,0.0451,7.8,807,0.099,1523.1,287.2,30.7,Die,2,4.5178,1427.2,95.9,72.32,0.0386,0.488,75.59,16.35,100.0,0
3.675,2.379,0.459,0.0102,0.065,7.3,512,0.169,1520.1,265.0,46.6,Permanent,0,4.4713,1428.1,92.0,49.44,0.05614,0.625,216.96,5.78,100.0,0
4.183,2.602,0.706,0.0689,0.0244,8.5,1365,0.223,1500.4,77.2,41.4,Die,2,5.0735,1412.1,88.4,463.7,0.02061,0.288,136.91,10.4,0.0,1
3.68,1.984,0.26,0.0157,0.0531,3.7,811,0.118,1549.0,189.2,16.5,Sand,1,4.3468,1431.1,117.9,86.91,0.04934,0.673,40.7,33.41,98.1,0
3.91,1.499,0.528,0.0788,0.0583,13.2,223,0.124,1604.8,114.3,10.1,Permanent,0,4.4361,1428.5,176.3,6.93,0.04475,0.482,10.27,40.0,70.93,0
3.749,2.666,0.339,0.0339,0.0453,7.6,621,0.163,1523.9,175.1,58.7,Sand,1,4.6491,1423.7,100.2,70.25,0.03891,0.466,517.14,2.61,100.0,0
3.322,2.389,0.375,0.0432,0.0676,7.7,805,0.165,1500.9,161.7,48.7,Permanent,0,4.1324,1437.9,63.0,119.65,0.05789,0.676,237.65,5.64,100.0,0
3.13,2.886,0.224,0.0319,0.0259,13.4,449,0.239,1547.2,115.6,48.5,Sand,1,4.1029,1439.3,108.0,53.75,0.01982,0.26,352.77,4.06,83.17,0
3.398,2.057,0.346,0.0184,0.0552,2.1,692,0.148,1534.5,241.3,59.7,Permanent,0,4.0898,1438.4,96.1,79.12,0.05297,0.671,355.91,3.63,100.0,0
3.467,2.074,0.367,0.0346,0.0481,5.5,734,0.089,1534.7,228.3,58.3,Sand,1,4.17,1436.3,98.3,53.74,0.04313,0.601,510.12,2.56,99.6,0
3.653,2.629,0.537,0.0149,0.0633,4.9,750,0.095,1530.8,197.9,44.0,Die,2,4.5346,1426.7,104.1,59.42,0.05746,0.701,155.22,8.59,100.0,0
3.225,1.422,0.314,0.0948,0.0443,5.7,1539,0.225,1496.0,157.0,44.7,Die,2,3.731,1448.3,47.7,594.83,0.0395,0.599,160.17,8.36,0.0,1
3.094,2.229,0.598,0.0379,0.0247,14.0,205,0.205,1499.2,141.8,72.1,Permanent,0,3.8495,1445.5,53.6,9.66,0.01869,0.225,519.59,2.61,72.17,0
3.541,2.366,0.401,0.0145,0.0668,8.0,668,0.121,1554.0,214.2,21.1,Permanent,0,4.3341,1431.9,122.1,60.34,0.05698,0.668,44.41,30.17,98.77,0
3.588,2.257,0.264,0.0403,0.0456,3.1,796,0.13,1527.7,205.9,26.0,Die,2,4.3543,1431.5,96.2,92.05,0.04286,0.673,53.92,24.51,98.78,0
3.942,2.622,0.747,0.0796,0.0306,10.3,1124,0.135,1524.4,86.7,37.8,Permanent,0,4.8425,1418.6,105.8,190.16,0.02497,0.365,142.94,10.06,62.91,0
3.617,2.075,0.41,0.0387,0.0668,7.0,553,0.136,1534.5,211.8,50.6,Die,2,4.3213,1432.1,102.4,46.66,0.05816,0.633,204.56,6.47,98.63,0
3.385,2.539,0.335,0.0404,0.0681,4.4,838,0.165,1546.4,231.0,13.8,Permanent,0,4.2449,1434.9,111.5,129.8,0.06245,0.728,19.04,40.0,97.15,0
3.798,2.489,0.512,0.0186,0.0672,5.1,814,0.18,1540.1,183.2,40.9,Die,2,4.6341,1423.7,116.3,133.32,0.06075,0.78,133.79,10.14,96.74,0
3.247,3.192,0.158,0.0963,0.02,5.0,442,0.215,1578.3,142.6,51.3,Permanent,0,4.3427,1433.6,144.7,47.05,0.01812,0.438,263.3,5.45,80.02,0
3.529,2.068,0.618,0.0373,0.0246,16.0,522,0.229,1490.5,150.1,26.7,Permanent,0,4.2302,1434.7,55.9,69.72,0.01786,0.198,71.47,18.76,85.42,0
3.338,2.18,0.48,0.0167,0.0697,4.4,579,0.101,1510.3,153.0,10.3,Permanent,0,4.0704,1439.1,71.2,37.99,0.06377,0.728,10.54,40.0,98.5,0
3.617,1.669,0.154,0.0908,0.0325,7.9,356,0.233,1520.2,56.9,78.5,Die,2,4.204,1435.4,84.9,33.0,0.02779,0.449,493.11,2.97,83.78,0
3.52,1.49,0.523,0.0947,0.0506,5.6,244,0.091,1591.7,109.8,14.3,Sand,1,4.0477,1439.5,152.2,6.09,0.04524,0.558,30.85,40.0,74.54,0
3.456,2.829,0.196,0.0209,0.0489,17.1,574,0.144,1519.3,77.4,63.2,Permanent,0,4.4055,1430.6,88.7,52.95,0.03476,0.339,398.94,3.61,90.89,0
3.686,2.338,0.24,0.0593,0.0461,8.0,475,0.062,1588.8,140.4,83.1,Permanent,0,4.485,1428.1,160.7,15.65,0.03931,0.403,690.14,2.1,80.57,0
3.572,2.56,0.358,0.0195,0.0468,6.2,601,0.115,1555.1,228.3,24.8,Permanent,0,4.4315,1429.5,125.6,46.5,0.04135,0.614,61.31,21.64,100.0,0
3.18,2.771,0.188,0.0974,0.0552,8.1,1184,0.156,1459.7,94.0,6.5,Sand,1,4.1358,1438.8,20.9,244.26,0.04701,0.578,6.38,40.0,50.97,1
3.681,2.065,0.445,0.0467,0.0582,6.3,672,0.174,1543.5,288.4,39.3,Sand,1,4.385,1430.4,113.1,87.72,0.05135,0.614,232.0,5.41,100.0,0
3.952,2.064,0.212,0.0265,0.0428,10.7,1269,0.158,1529.3,56.0,11.4,Die,2,4.6487,1422.8,106.5,284.14,0.0346,0.446,10.32,40.0,55.54,1
3.639,2.095,0.319,0.0498,0.0633,5.2,811,0.157,1556.3,214.0,49.9,Permanent,0,4.3536,1431.4,125.0,115.67,0.05703,0.719,249.34,5.38,94.49,0
3.487,2.129,0.262,0.0115,0.0407,3.4,809,0.102,1544.8,183.5,40.5,Sand,1,4.2008,1435.3,109.4,74.47,0.038,0.497,245.67,5.54,100.0,0
3.366,2.673,0.287,0.0385,0.052,6.3,562,0.093,1555.8,294.6,48.0,Die,2,4.2696,1434.4,121.4,32.74,0.04578,0.553,183.98,6.85,100.0,0
3.455,2.508,0.288,0.0336,0.0398,4.8,831,0.14,1506.8,183.7,59.8,Die,2,4.302,1433.2,73.6,108.31,0.03617,0.516,286.52,4.62,96.34,0
3.174,1.789,0.437,0.0976,0.0507,16.7,439,0.128,1517.0,83.7,64.8,Sand,1,3.8032,1446.8,70.2,27.54,0.03629,0.3,629.79,2.28,78.32,0
3.534,2.236,0.371,0.0381,0.0422,7.6,754,0.177,1501.8,279.4,39.3,Die,2,4.2923,1433.2,68.7,112.87,0.03625,0.473,123.63,9.89,98.31,0
3.751,2.288,0.507,0.0496,0.0633,7.8,541,0.119,1558.0,299.1,35.5,Permanent,0,4.5301,1426.7,131.4,39.01,0.05413,0.614,126.28,9.97,99.16,0
3.447,2.553,0.402,0.0121,0.0506,5.6,888,0.123,1518.9,242.5,31.2,Permanent,0,4.3017,1433.1,85.8,108.18,0.04523,0.561,97.37,13.11,100.0,0
3.442,2.107,0.383,0.04,0.0675,3.2,764,0.106,1558.8,264.3,16.6,Permanent,0,4.1581,1436.8,122.1,69.1,0.06329,0.75,27.71,40.0,95.58,0
3.663,1.945,0.529,0.0243,0.0613,3.1,646,0.084,1547.9,286.9,14.5,Permanent,0,4.3194,1431.9,116.0,39.37,0.05768,0.719,21.05,40.0,100.0,0
4.026,1.438,0.664,0.0479,0.0419,7.5,1386,0.118,1562.3,122.3,74.7,Permanent,0,4.5218,1425.8,136.5,254.36,0.03606,0.421,557.86,2.58,65.43,0
3.74,2.676,0.375,0.0144,0.0589,5.0,701,0.163,1531.2,230.8,15.4,Permanent,0,4.6369,1423.9,107.4,89.47,0.05325,0.697,23.7,40.0,100.0,0
4.109,2.816,0.734,0.0434,0.0268,15.1,1303,0.056,1499.9,53.2,18.1,Sand,1,5.062,1412.4,87.5,107.14,0.01978,0.263,48.92,29.57,68.79,0
3.495,3.189,0.667,0.0545,0.0452,6.4,311,0.225,1445.9,109.7,32.2,Permanent,0,4.5768,1426.6,19.3,24.45,0.03973,0.519,103.79,12.87,84.68,0
3.468,2.269,0.376,0.0352,0.0546,4.4,696,0.162,1542.1,184.4,54.4,Sand,1,4.2355,1434.8,107.3,87.36,0.05002,0.649,443.56,3.06,100.0,0
3.346,2.327,0.542,0.0175,0.0688,7.1,746,0.102,1520.7,264.4,42.2,Die,2,4.1277,1437.7,83.0,63.67,0.05965,0.683,142.23,8.83,100.0,0
3.338,2.577,0.459,0.0428,0.0682,7.5,661,0.126,1509.5,269.5,30.6,Die,2,4.2119,1435.9,73.6,61.7,0.05871,0.747,75.06,16.52,100.0,0
3.617,2.194,0.405,0.0256,0.0485,6.3,503,0.144,1533.9,183.6,18.5,Die,2,4.3565,1431.2,102.7,40.65,0.04272,0.534,27.24,40.0,98.44,0
3.656,2.692,0.294,0.0489,0.0524,3.7,744,0.118,1502.3,187.9,23.8,Permanent,0,4.5698,1426.1,76.2,73.33,0.04862,0.659,56.88,23.11,100.0,0
3.385,2.117,0.346,0.0162,0.0682,2.7,599,0.152,1512.9,151.6,11.5,Sand,1,4.0959,1438.3,74.6,61.09,0.06464,0.694,19.84,40.0,95.29,0
3.437,2.637,0.47,0.0225,0.053,7.5,879,0.159,1518.0,241.0,40.1,Sand,1,4.323,1432.7,85.3,137.05,0.04563,0.578,241.08,5.3,97.86,0
3.616,2.201,0.297,0.0367,0.0434,3.9,716,0.159,1542.0,244.7,22.2,Die,2,4.3622,1431.1,110.9,90.83,0.04016,0.56,39.29,33.02,100.0,0
3.114,1.87,0.188,0.0587,0.0227,5.0,1342,0.197,1507.7,130.4,61.3,Permanent,0,3.7569,1447.8,59.9,395.96,0.02051,0.415,375.34,3.67,23.19,1
3.548,2.513,0.291,0.0277,0.0555,2.8,586,0.117,1511.7,193.3,58.0,Sand,1,4.3951,1430.5,81.2,44.74,0.05248,0.7,504.57,2.61,100.0,0
3.444,2.44,0.429,0.0369,0.0522,4.2,823,0.156,1520.9,221.4,45.7,Permanent,0,4.2701,1434.0,86.9,118.04,0.04799,0.634,208.76,6.22,95.83,0
3.745,2.597,0.492,0.0371,0.0501,2.2,544,0.172,1527.2,205.0,16.7,Permanent,0,4.623,1424.4,102.8,56.92,0.04799,0.672,28.01,40.0,100.0,0
3.564,1.916,0.303,0.039,0.0667,7.1,593,0.091,1517.6,273.7,39.3,Sand,1,4.2162,1434.9,82.7,35.86,0.05786,0.703,231.25,5.38,99.17,0
3.424,2.14,0.424,0.043,0.0395,7.3,843,0.153,1523.2,178.1,41.6,Permanent,0,4.1513,1437.0,86.2,121.36,0.03411,0.468,173.43,7.76,95.61,0
3.443,1.911,0.4,0.0463,0.0391,5.4,804,0.146,1509.8,200.2,51.4,Sand,1,4.0952,1438.3,71.4,105.47,0.0351,0.501,396.65,3.3,99.14,0
3.159,2.019,0.326,0.0258,0.0344,14.5,302,0.175,1521.6,133.9,76.0,Permanent,0,3.8411,1445.4,76.2,17.85,0.02571,0.343,577.22,2.4,81.13,0
3.308,2.42,0.49,0.043,0.0593,2.9,612,0.13,1512.0,207.8,49.5,Permanent,0,4.1295,1438.0,74.0,54.64,0.05602,0.726,245.24,5.32,100.0,0
3.414,2.416,0.491,0.0409,0.0597,3.7,665,0.173,1523.3,225.7,22.4,Sand,1,4.2333,1435.1,88.2,85.54,0.05547,0.674,74.99,17.3,100.0,0
3.427,1.99,0.365,0.0327,0.0562,2.9,786,0.142,1532.9,156.9,56.1,Sand,1,4.101,1438.1,94.8,98.4,0.05308,0.714,471.69,2.92,98.5,0
3.714,2.573,0.404,0.0414,0.0735,7.2,854,0.091,1530.0,281.1,21.3,Permanent,0,4.5852,1425.4,104.6,74.21,0.06366,0.707,45.39,27.51,95.55,0
3.573,2.406,0.702,0.0551,0.0507,17.8,520,0.198,1574.0,145.0,73.0,Sand,1,4.393,1430.7,143.2,59.72,0.03549,0.277,798.31,1.79,93.68,0
3.394,1.916,0.381,0.0214,0.0479,7.5,575,0.177,1541.7,170.3,38.3,Die,2,4.0396,1439.6,102.0,65.2,0.04123,0.55,117.39,11.68,93.35,0
3.399,2.344,0.252,0.0466,0.0571,3.5,883,0.101,1518.7,287.4,45.1,Permanent,0,4.1963,1436.1,82.6,88.25,0.05327,0.673,203.49,6.05,99.54,0
3.53,2.123,0.368,0.0461,0.0484,3.1,752,0.167,1503.6,234.9,46.3,Die,2,4.2528,1434.2,69.5,105.79,0.04549,0.558,171.43,7.4,100.0,0
3.154,2.712,0.291,0.0435,0.0374,17.5,1312,0.152,1558.8,60.4,6.9,Sand,1,4.0722,1440.0,118.8,292.25,0.02634,0.21,7.15,40.0,45.28,1
3.516,2.686,0.499,0.0417,0.0424,4.0,786,0.131,1537.4,162.9,32.3,Permanent,0,4.4256,1430.1,107.3,90.71,0.03913,0.593,104.22,13.19,100.0,0
3.699,1.901,0.446,0.0287,0.0733,3.7,771,0.159,1514.8,233.6,59.6,Die,2,4.3421,1431.2,83.6,105.43,0.0681,0.814,284.48,4.5,100.0,0
3.553,2.474,0.321,0.0405,0.0391,2.3,899,0.125,1550.3,286.4,22.4,Sand,1,4.3913,1430.7,119.6,112.62,0.03733,0.573,75.09,16.83,100.0,0
3.792,2.602,0.219,0.0837,0.0208,11.5,1513,0.06,1590.4,84.0,61.2,Sand,1,4.6876,1423.0,167.4,154.2,0.01653,0.293,560.92,2.69,53.91,1
3.732,2.287,0.351,0.0264,0.0449,5.0,865,0.13,1513.7,258.4,42.6,Permanent,0,4.5025,1427.2,86.5,109.13,0.04064,0.588,181.25,6.93,100.0,0
3.511,2.213,0.505,0.0287,0.0559,2.1,614,0.114,1554.6,278.6,18.1,Permanent,0,4.2578,1434.0,120.6,47.94,0.05357,0.742,32.75,38.97,100.0,0
3.755,2.626,0.425,0.0231,0.0505,5.3,772,0.147,1539.7,290.1,15.3,Sand,1,4.6383,1423.8,115.9,97.75,0.04541,0.629,35.07,35.64,100.0,0
3.334,2.538,0.432,0.028,0.0573,7.9,858,0.165,1535.0,298.3,16.1,Sand,1,4.1895,1436.3,98.6,136.21,0.04891,0.564,38.91,31.78,96.16,0
3.728,2.333,0.401,0.0168,0.0553,7.7,524,0.113,1545.0,218.1,41.3,Sand,1,4.5111,1427.0,118.0,34.62,0.04738,0.484,255.35,5.2,99.5,0
3.617,2.315,0.279,0.0164,0.0679,3.9,656,0.132,1549.0,201.5,39.2,Permanent,0,4.3939,1430.2,118.8,63.61,0.06282,0.736,153.57,8.77,100.0,0
3.637,2.039,0.282,0.0277,0.0606,4.3,573,0.149,1520.9,273.5,11.6,Die,2,4.326,1431.8,89.0,54.76,0.05566,0.793,10.71,40.0,99.89,0
3.325,2.561,0.36,0.0409,0.0524,3.4,774,0.158,1510.8,189.8,14.2,Die,2,4.1924,1436.4,74.4,105.75,0.04895,0.686,16.14,40.0,98.47,0
3.388,2.415,0.513,0.0392,0.0538,4.6,900,0.174,1530.2,286.6,12.1,Sand,1,4.2063,1435.8,94.4,157.43,0.0491,0.622,21.78,40.0,89.14,0
3.279,1.801,0.233,0.0352,0.025,9.8,205,0.218,1474.0,112.2,89.6,Sand,1,3.891,1443.8,30.2,10.2,0.02052,0.313,1204.63,1.13,61.16,1
3.477,2.011,0.385,0.014,0.0432,5.9,868,0.117,1533.8,160.8,40.1,Die,2,4.1521,1436.6,97.2,98.41,0.03839,0.583,128.39,10.69,100.0,0
3.594,2.433,0.28,0.0286,0.0745,3.4,795,0.151,1501.0,165.0,11.5,Permanent,0,4.4148,1429.9,71.1,106.9,0.06959,0.774,13.31,40.0,95.73,0
3.326,2.277,0.531,0.0214,0.0575,5.3,846,0.163,1515.2,237.0,53.0,Sand,1,4.092,1438.7,76.5,129.93,0.0517,0.675,421.03,3.04,95.19,0
3.709,2.659,0.289,0.0177,0.0547,7.3,628,0.102,1557.9,240.1,10.4,Permanent,0,4.601,1424.9,133.0,44.95,0.04731,0.527,10.71,40.0,100.0,0
3.338,1.85,0.184,0.083,0.0395,6.1,402,0.201,1578.9,150.7,16.1,Permanent,0,3.9818,1441.8,137.2,36.2,0.03494,0.548,25.98,40.0,82.65,0
3.554,2.525,0.496,0.0139,0.0437,7.8,563,0.157,1541.7,233.5,28.0,Sand,1,4.3998,1430.3,111.4,55.76,0.03741,0.494,117.24,11.16,97.94,0
3.382,2.197,0.42,0.0242,0.0722,2.4,730,0.103,1537.0,258.3,25.6,Sand,1,4.1227,1437.7,99.3,61.55,0.06888,0.869,98.59,12.97,100.0,0
3.477,2.646,0.301,0.0481,0.0575,5.8,827,0.126,1540.7,230.9,22.8,Permanent,0,4.3748,1431.5,109.2,96.45,0.05123,0.62,51.92,25.23,100.0,0
3.765,2.148,0.353,0.0445,0.0726,5.8,661,0.106,1523.7,251.3,11.3,Sand,1,4.4954,1427.4,96.2,51.52,0.06455,0.823,19.06,40.0,100.0,0
3.031,1.986,0.492,0.0895,0.0214,14.3,1397,0.112,1606.3,131.3,17.5,Permanent,0,3.7235,1449.2,157.1,243.47,0.01606,0.239,30.69,40.0,31.4,1
3.884,1.637,0.384,0.0394,0.0262,8.7,254,0.234,1578.4,99.2,37.5,Die,2,4.4423,1428.2,150.2,16.91,0.02207,0.385,112.42,13.16,71.14,0
3.156,2.357,0.565,0.0607,0.044,12.3,1482,0.085,1601.0,153.4,46.1,Permanent,0,3.9619,1442.8,158.2,207.62,0.03436,0.45,212.74,6.8,61.37,1
3.495,1.985,0.481,0.035,0.0527,6.6,808,0.082,1523.2,291.2,34.6,Permanent,0,4.1688,1436.2,87.0,59.87,0.04622,0.656,119.95,10.27,100.0,0
3.423,2.524,0.488,0.0404,0.0627,6.6,674,0.123,1501.2,160.9,33.6,Sand,1,4.2781,1434.0,67.2,62.63,0.0549,0.645,169.0,7.93,100.0,0
3.361,2.258,0.332,0.0209,0.0638,6.2,538,0.177,1524.7,291.6,51.9,Permanent,0,4.121,1437.8,86.9,57.27,0.05643,0.68,269.54,4.57,97.21,0
3.193,2.14,0.492,0.0874,0.02,17.8,454,0.202,1587.6,133.9,31.3,Permanent,0,3.9356,1443.5,144.1,46.48,0.01403,0.176,97.82,14.86,71.51,0
3.45,2.292,0.401,0.0113,0.0577,2.9,592,0.122,1547.0,172.4,13.5,Permanent,0,4.2176,1435.1,111.9,47.75,0.05454,0.758,18.3,40.0,100.0,0
3.709,2.643,0.428,0.0282,0.055,2.9,703,0.125,1546.8,184.2,17.2,Permanent,0,4.5991,1425.0,121.8,69.24,0.05184,0.722,29.72,40.0,100.0,0
3.562,2.325,0.408,0.0377,0.0673,2.5,722,0.121,1518.2,162.8,47.3,Die,2,4.35,1431.7,86.5,70.2,0.06402,0.718,178.9,7.58,100.0,0
3.744,2.644,0.444,0.0217,0.0705,3.1,765,0.086,1540.1,286.5,10.7,Sand,1,4.6326,1424.0,116.1,56.28,0.06633,0.744,17.16,40.0,100.0,0
3.226,2.119,0.489,0.0844,0.0285,13.4,1105,0.212,1496.1,94.6,44.5,Permanent,0,3.9606,1442.7,53.4,288.89,0.02179,0.317,198.13,7.07,41.23,1
3.398,2.176,0.339,0.026,0.0557,4.7,754,0.083,1527.9,295.1,50.1,Sand,1,4.1325,1437.4,90.5,53.1,0.05071,0.718,375.82,3.28,100.0,0
3.172,2.604,0.46,0.1,0.0394,14.6,558,0.236,1488.0,137.3,61.3,Die,2,4.0737,1440.3,47.6,82.14,0.02945,0.312,300.61,4.49,84.99,0
3.722,2.561,0.451,0.0264,0.0488,8.0,867,0.167,1527.4,287.7,29.6,Sand,1,4.5847,1425.3,102.1,140.15,0.04162,0.552,131.18,9.45,100.0,0
3.403,2.167,0.493,0.0239,0.0592,5.4,564,0.152,1511.3,155.4,30.5,Permanent,0,4.1331,1437.4,74.0,53.98,0.05317,0.641,93.2,14.55,100.0,0
3.769,2.214,0.295,0.0286,0.0629,2.7,648,0.122,1507.2,263.0,43.0,Permanent,0,4.5163,1426.8,80.4,57.5,0.05967,0.758,184.66,6.74,100.0,0
3.6,2.393,0.38,0.0251,0.0491,5.9,894,0.134,1506.7,206.7,21.7,Permanent,0,4.4064,1430.0,76.7,120.03,0.04371,0.546,46.93,27.7,96.72,0
3.734,1.979,0.444,0.0382,0.0653,5.4,560,0.17,1526.9,248.3,20.1,Permanent,0,4.4065,1429.6,97.3,59.75,0.05861,0.681,40.41,31.64,100.0,0
3.637,2.584,0.479,0.0233,0.0725,3.2,629,0.134,1554.2,270.2,51.6,Permanent,0,4.506,1427.5,126.7,59.12,0.06797,0.804,266.19,4.82,97.28,0
3.194,3.104,0.733,0.0479,0.0298,7.7,478,0.144,1574.3,135.0,27.3,Permanent,0,4.2448,1435.7,138.6,36.69,0.0256,0.415,74.3,19.37,86.26,0
3.668,2.229,0.419,0.0427,0.0498,4.4,639,0.09,1548.6,275.7,15.6,Permanent,0,4.425,1429.5,119.1,41.3,0.04567,0.675,24.28,40.0,100.0,0
3.279,2.755,0.666,0.0525,0.0565,13.8,1257,0.188,1562.2,129.1,37.4,Die,2,4.2143,1436.2,126.0,332.02,0.04288,0.419,111.68,12.83,52.53,1
3.313,2.491,0.539,0.0422,0.0695,3.1,531,0.142,1550.5,175.7,12.1,Permanent,0,4.1573,1437.3,113.2,44.63,0.0654,0.851,14.7,40.0,97.86,0
3.414,2.1,0.373,0.0485,0.0629,4.9,833,0.095,1536.0,287.9,23.9,Permanent,0,4.13,1437.6,98.4,74.03,0.05705,0.726,57.27,21.79,100.0,0
3.343,1.995,0.272,0.0109,0.0461,6.4,533,0.133,1535.4,179.1,30.3,Permanent,0,4.0119,1440.4,95.0,42.37,0.04054,0.518,91.94,14.75,99.79,0
3.32,3.164,0.624,0.0742,0.0502,16.7,1107,0.214,1590.9,67.4,83.0,Permanent,0,4.3999,1431.7,159.2,292.72,0.03597,0.325,688.46,2.21,40.04,1
3.08,2.92,0.276,0.0626,0.0562,7.1,1409,0.121,1477.7,58.0,78.6,Sand,1,4.0745,1440.4,37.3,268.62,0.04881,0.551,926.39,1.53,45.74,1
3.577,2.34,0.254,0.0395,0.074,3.1,603,0.136,1538.9,164.2,56.5,Sand,1,4.37,1431.1,107.7,55.34,0.06957,0.792,478.3,2.87,96.39,0
4.154,2.0,0.493,0.0724,0.0355,12.5,1447,0.229,1533.0,135.7,59.3,Sand,1,4.8445,1417.7,115.3,536.24,0.02767,0.288,527.89,2.65,3.5,1
3.661,2.277,0.392,0.0184,0.0741,4.6,581,0.091,1505.6,274.5,31.9,Sand,1,4.4263,1429.3,76.4,34.47,0.0676,0.787,152.33,8.08,100.0,0
3.348,2.314,0.271,0.045,0.0593,5.9,629,0.118,1539.7,217.5,33.3,Sand,1,4.1343,1437.7,102.0,52.12,0.05273,0.632,166.24,7.95,99.95,0
3.366,2.187,0.463,0.0513,0.0288,16.8,565,0.197,1454.1,156.8,61.1,Die,2,4.1118,1438.3,15.8,70.21,0.02058,0.198,299.07,4.34,72.39,0
3.58,2.433,0.542,0.0392,0.0396,3.0,896,0.153,1546.4,185.8,21.2,Sand,1,4.4039,1430.3,116.1,137.81,0.03727,0.616,67.53,20.15,94.32,0
3.792,1.939,0.368,0.0224,0.0567,3.1,505,0.12,1551.6,208.1,29.7,Permanent,0,4.4459,1428.3,123.3,34.29,0.05332,0.701,88.04,15.26,100.0,0
3.708,2.513,0.313,0.045,0.0709,3.0,763,0.142,1549.7,181.1,33.2,Permanent,0,4.5611,1426.1,123.6,92.69,0.06673,0.816,110.52,12.38,100.0,0
3.614,1.956,0.521,0.0112,0.0631,2.3,535,0.115,1516.6,247.8,23.6,Sand,1,4.2695,1433.2,83.4,36.71,0.06025,0.804,83.59,15.18,100.0,0
3.728,2.108,0.677,0.0385,0.0206,10.2,1415,0.119,1571.4,76.0,50.5,Sand,1,4.4431,1428.8,142.7,267.32,0.01676,0.25,382.25,3.91,42.69,1
3.684,2.604,0.535,0.0448,0.0414,2.7,589,0.112,1526.3,292.6,49.2,Sand,1,4.567,1426.0,100.3,43.43,0.03923,0.581,363.55,3.39,100.0,0
3.336,2.243,0.288,0.0138,0.0429,4.0,817,0.147,1540.1,299.1,10.2,Permanent,0,4.0878,1438.7,101.4,109.71,0.0396,0.615,10.47,40.0,98.06,0
3.768,2.417,0.395,0.0359,0.0421,4.5,611,0.14,1525.8,211.2,28.4,Sand,1,4.5861,1425.1,100.6,58.51,0.03848,0.498,120.58,10.9,100.0,0
3.659,2.465,0.446,0.0232,0.0668,6.3,646,0.164,1500.9,287.4,28.2,Sand,1,4.4885,1427.8,73.0,76.54,0.05885,0.704,119.37,10.17,100.0,0
3.532,2.162,0.417,0.0223,0.039,3.6,890,0.15,1520.4,168.8,26.8,Permanent,0,4.2599,1433.8,86.5,132.81,0.0363,0.611,72.04,18.76,97.79,0
3.734,2.182,0.304,0.0455,0.0481,7.3,684,0.174,1504.5,258.7,11.2,Sand,1,4.4766,1428.0,76.5,91.18,0.04156,0.465,18.66,40.0,98.64,0
3.401,2.618,0.536,0.0195,0.0405,2.5,526,0.101,1545.1,285.7,42.0,Permanent,0,4.2798,1433.8,111.2,31.38,0.03854,0.645,176.19,7.15,100.0,0
3.794,2.277,0.384,0.0339,0.0443,4.8,782,0.114,1549.2,153.2,42.6,Permanent,0,4.5643,1425.6,123.6,78.06,0.04031,0.597,181.81,7.68,100.0,0
3.537,2.179,0.488,0.0358,0.0594,3.7,865,0.095,1523.7,201.8,16.8,Sand,1,4.2749,1433.5,90.2,79.45,0.05518,0.709,42.43,31.16,100.0,0
3.648,2.494,0.457,0.0373,0.066,4.1,602,0.114,1508.2,156.4,58.4,Permanent,0,4.4912,1427.9,80.3,46.03,0.06078,0.785,341.2,3.96,100.0,0
3.42,2.218,0.281,0.0431,0.0703,3.4,871,0.098,1527.0,168.2,51.8,Die,2,4.1736,1436.5,90.5,83.0,0.06563,0.803,214.9,6.32,100.0,0
3.697,2.471,0.531,0.0194,0.0564,3.4,789,0.131,1502.5,237.8,16.7,Permanent,0,4.5267,1426.7,75.7,91.34,0.05277,0.648,27.86,40.0,100.0,0
3.346,1.929,0.398,0.0153,0.0714,5.8,886,0.155,1543.5,215.7,27.0,Permanent,0,3.9938,1440.9,102.6,135.92,0.06357,0.72,72.83,18.23,86.13,0
3.551,2.263,0.34,0.027,0.0538,2.6,721,0.121,1553.6,293.9,38.0,Sand,1,4.3148,1432.5,121.2,70.31,0.05111,0.682,216.12,5.83,100.0,0
3.476,2.006,0.416,0.026,0.0395,9.1,564,0.154,1464.4,153.3,79.0,Permanent,0,4.153,1436.6,27.8,55.02,0.03295,0.467,623.33,2.1,90.51,0
3.433,2.115,0.532,0.0251,0.065,3.1,819,0.151,1549.2,154.5,10.1,Sand,1,4.1461,1437.0,112.3,113.2,0.06102,0.727,15.21,40.0,97.02,0
3.401,2.492,0.447,0.0182,0.0418,4.0,514,0.1,1508.1,240.7,53.7,Die,2,4.2379,1434.8,73.3,29.41,0.03858,0.57,230.95,5.49,100.0,0
3.322,2.105,0.411,0.0316,0.062,3.6,780,0.112,1508.5,222.7,28.0,Die,2,4.034,1440.1,68.4,76.0,0.05769,0.725,62.93,20.43,94.97,0
3.551,2.674,0.383,0.0441,0.0641,5.6,538,0.084,1532.4,235.4,18.0,Permanent,0,4.4575,1429.2,103.3,27.27,0.0573,0.696,32.25,40.0,96.18,0
4.007,2.328,0.751,0.0464,0.0595,11.6,410,0.116,1493.5,88.6,64.8,Sand,1,4.7981,1419.2,74.3,21.68,0.04714,0.547,630.04,2.23,91.38,0
3.72,2.347,0.482,0.015,0.072,2.7,675,0.178,1549.6,195.6,16.8,Permanent,0,4.5071,1427.1,122.6,90.51,0.06824,0.803,28.35,40.0,96.25,0
3.486,2.41,0.59,0.0359,0.038,16.2,378,0.187,1464.6,155.2,10.7,Permanent,0,4.3019,1433.1,31.5,29.92,0.02747,0.254,11.47,40.0,79.49,0
3.417,1.469,0.459,0.0584,0.0386,5.5,1261,0.054,1470.3,107.5,36.3,Permanent,0,3.9267,1442.6,27.7,96.19,0.03457,0.503,131.72,10.35,80.9,0
3.502,2.466,0.301,0.0349,0.0406,6.2,741,0.11,1520.6,187.6,41.2,Sand,1,4.3356,1432.2,88.4,67.5,0.03582,0.446,254.57,5.24,100.0,0
4.108,2.702,0.758,0.0885,0.0471,8.1,1328,0.066,1509.0,85.0,30.8,Permanent,0,5.0385,1413.4,95.6,130.9,0.04005,0.535,95.1,14.97,73.91,0
3.544,2.191,0.276,0.0346,0.0424,5.4,579,0.104,1554.6,235.0,46.3,Die,2,4.2853,1433.3,121.3,39.04,0.03799,0.557,171.33,7.7,100.0,0
3.757,2.506,0.286,0.0192,0.0695,6.0,505,0.093,1522.5,222.5,50.3,Permanent,0,4.599,1424.7,97.7,26.41,0.06163,0.726,253.16,5.14,100.0,0
4.058,1.84,0.187,0.0923,0.0593,11.4,418,0.133,1537.7,60.5,43.1,Sand,1,4.7025,1421.6,116.0,25.96,0.04721,0.47,278.77,5.3,89.49,0
3.549,2.524,0.428,0.0442,0.0582,6.0,788,0.084,1504.7,267.0,24.8,Die,2,4.4052,1430.4,74.3,58.16,0.05167,0.601,49.07,25.22,100.0,0
3.771,1.715,0.234,0.0529,0.0538,6.6,478,0.218,1577.9,84.3,32.6,Die,2,4.3607,1430.7,147.2,55.86,0.04711,0.658,85.03,17.57,87.74,0
3.32,2.286,0.296,0.0192,0.0554,2.7,600,0.179,1502.1,165.0,42.2,Permanent,0,4.0887,1438.7,63.3,71.99,0.05256,0.685,177.76,7.52,100.0,0
3.312,2.42,0.259,0.0478,0.0545,4.6,565,0.172,1513.7,231.8,12.1,Permanent,0,4.1346,1437.9,75.8,61.39,0.04967,0.672,14.65,40.0,98.19,0
3.741,2.654,0.417,0.0153,0.0618,3.3,553,0.159,1534.5,160.9,31.5,Permanent,0,4.6311,1424.0,110.5,54.27,0.05778,0.832,99.21,13.85,100.0,0
3.669,2.618,0.335,0.0228,0.0667,3.5,805,0.162,1547.6,229.1,25.3,Permanent,0,4.5496,1426.3,121.3,116.99,0.06222,0.749,63.79,20.67,100.0,0
3.477,2.35,0.318,0.0353,0.0435,6.2,885,0.111,1537.8,276.5,17.4,Die,2,4.2721,1433.8,104.0,97.22,0.03846,0.55,24.13,40.0,100.0,0
3.578,2.694,0.4,0.0391,0.0561,3.5,868,0.174,1545.5,212.4,11.6,Die,2,4.4888,1428.3,117.2,146.52,0.05225,0.677,10.73,40.0,92.32,0
3.314,1.932,0.351,0.0421,0.0586,6.3,746,0.154,1548.2,191.6,26.4,Sand,1,3.9716,1441.8,106.5,95.65,0.05165,0.66,104.77,12.95,95.57,0
3.722,2.035,0.408,0.028,0.0692,3.4,585,0.178,1558.7,264.1,35.7,Die,2,4.41,1429.5,129.2,68.04,0.06464,0.802,102.2,12.67,100.0,0
3.411,2.04,0.502,0.0117,0.0405,5.3,892,0.123,1558.4,210.9,32.8,Permanent,0,4.0943,1438.2,120.3,109.85,0.03644,0.548,107.4,12.55,98.21,0
3.31,2.538,0.295,0.0113,0.0617,7.1,855,0.162,1523.3,294.6,19.9,Permanent,0,4.1595,1437.0,86.3,132.12,0.0535,0.696,39.68,30.97,92.75,0
3.03,2.483,0.54,0.0699,0.0493,10.0,1250,0.206,1554.2,62.1,55.7,Permanent,0,3.881,1445.3,108.9,359.43,0.04043,0.46,310.39,4.81,38.23,1
3.883,1.679,0.485,0.0612,0.0461,11.7,1286,0.115,1566.4,115.2,88.1,Sand,1,4.4636,1427.8,138.6,212.76,0.03645,0.439,1164.6,1.25,71.38,0
3.436,2.38,0.486,0.0318,0.0415,4.0,744,0.089,1538.6,253.5,28.4,Sand,1,4.2404,1434.7,103.9,55.11,0.03826,0.559,120.89,10.63,100.0,0
3.455,1.921,0.534,0.0138,0.0625,2.2,651,0.115,1526.3,268.3,40.5,Permanent,0,4.0997,1437.9,88.4,54.41,0.05983,0.72,163.75,7.68,95.07,0
3.617,2.337,0.454,0.0329,0.0455,4.3,853,0.168,1511.2,256.7,36.1,Die,2,4.407,1430.0,81.1,137.17,0.0418,0.592,104.49,12.01,90.29,0
3.775,2.36,0.301,0.0312,0.0504,7.1,744,0.117,1548.2,223.1,33.1,Permanent,0,4.5719,1425.4,122.8,72.3,0.04375,0.605,109.24,12.13,100.0,0
3.399,2.336,0.354,0.0177,0.055,6.7,589,0.084,1537.9,298.7,18.4,Permanent,0,4.1837,1436.1,101.8,32.74,0.04807,0.54,33.97,36.48,99.4,0
3.574,1.911,0.259,0.0178,0.044,3.5,549,0.114,1533.9,241.7,43.8,Sand,1,4.2166,1434.6,99.2,38.3,0.04102,0.631,288.29,4.48,99.41,0
3.829,2.748,0.295,0.0931,0.0266,5.3,416,0.24,1443.1,55.6,63.7,Permanent,0,4.7762,1420.8,22.3,46.34,0.02395,0.444,406.1,3.42,70.15,0
3.794,2.511,0.39,0.0226,0.0464,7.9,613,0.177,1536.1,198.5,18.2,Sand,1,4.6383,1423.7,112.4,74.4,0.03964,0.551,49.47,27.04,100.0,0
3.095,2.494,0.173,0.0315,0.0359,12.4,352,0.218,1559.0,137.6,75.9,Permanent,0,3.9369,1443.4,115.6,30.27,0.028,0.354,576.53,2.47,86.23,0
3.31,2.174,0.385,0.0407,0.0577,4.0,888,0.092,1537.5,254.3,45.3,Permanent,0,4.0483,1439.9,97.6,81.13,0.0532,0.8,204.79,6.27,100.0,0
3.568,2.544,0.5,0.0155,0.0714,4.4,552,0.086,1540.5,151.2,13.9,Permanent,0,4.4213,1429.7,110.8,29.33,0.06535,0.789,19.26,40.0,98.94,0
3.213,2.96,0.237,0.0952,0.0308,5.7,597,0.15,1512.3,68.9,29.3,Die,2,4.2316,1436.3,75.9,59.63,0.02749,0.459,68.54,21.06,89.86,0
3.628,2.509,0.407,0.0421,0.057,4.5,561,0.152,1509.3,193.6,46.0,Permanent,0,4.4787,1428.3,81.0,53.44,0.05213,0.669,211.56,6.22,100.0,0
3.791,2.353,0.33,0.0195,0.0465,6.4,573,0.084,1523.6,248.7,19.6,Permanent,0,4.5814,1425.0,98.6,30.82,0.0409,0.516,38.49,33.12,100.0,0
3.604,2.123,0.45,0.0399,0.0535,5.9,624,0.126,1559.9,201.8,51.2,Sand,1,4.3246,1432.1,127.8,54.87,0.04759,0.597,393.91,3.45,100.0,0
3.302,2.272,0.285,0.0102,0.0606,6.4,744,0.117,1503.0,282.8,44.1,Sand,1,4.0632,1439.4,63.7,72.54,0.0533,0.628,291.32,4.19,98.01,0
3.571,2.271,0.335,0.0104,0.0698,5.8,658,0.157,1506.2,157.5,13.6,Die,2,4.3318,1431.8,74.3,76.2,0.06218,0.75,14.86,40.0,98.35,0
3.407,2.005,0.665,0.0667,0.0301,8.4,1379,0.132,1598.3,151.6,41.5,Permanent,0,4.0978,1438.6,159.7,280.85,0.02546,0.432,172.11,8.41,42.65,1
3.39,2.467,0.286,0.0414,0.061,4.6,790,0.094,1540.4,276.3,43.1,Permanent,0,4.2258,1435.4,105.0,65.87,0.05564,0.735,186.11,6.79,100.0,0
3.083,2.403,0.542,0.0643,0.0417,9.3,1495,0.183,1570.0,133.0,23.4,Sand,1,3.9056,1444.4,125.5,456.56,0.03464,0.437,82.11,17.5,20.03,1
3.776,2.442,0.256,0.0405,0.051,7.1,672,0.139,1536.2,196.6,46.8,Die,2,4.6038,1424.7,111.4,70.02,0.04431,0.51,175.09,7.65,98.79,0
3.615,2.566,0.353,0.0377,0.041,4.8,680,0.137,1503.9,260.6,17.2,Permanent,0,4.4826,1428.3,75.6,70.97,0.03725,0.572,29.51,40.0,95.45,0
3.493,2.299,0.304,0.0144,0.0497,5.0,672,0.153,1532.7,289.4,40.6,Permanent,0,4.2645,1433.8,98.9,77.45,0.04501,0.567,165.03,7.53,100.0,0
3.459,2.625,0.263,0.041,0.0736,3.7,848,0.169,1522.0,277.4,59.5,Permanent,0,4.3474,1432.2,89.8,135.57,0.06835,0.854,353.79,3.52,96.02,0
3.275,2.127,0.308,0.0412,0.0484,15.8,1173,0.229,1445.0,53.5,26.3,Permanent,0,3.9979,1441.3,3.7,352.69,0.03532,0.382,69.4,20.05,15.42,1
3.799,1.986,0.594,0.0785,0.0343,12.6,1502,0.131,1557.1,93.1,35.5,Permanent,0,4.4876,1427.7,129.4,330.4,0.02662,0.363,126.36,11.59,40.62,1
3.954,1.681,0.734,0.0855,0.0542,11.7,1414,0.052,1551.7,83.9,11.2,Die,2,4.5428,1425.8,125.8,116.24,0.0429,0.457,10.05,40.0,87.67,0
3.719,2.46,0.455,0.0499,0.0679,7.7,896,0.108,1554.6,178.0,51.5,Permanent,0,4.5558,1426.2,128.4,96.54,0.05826,0.654,264.72,5.2,100.0,0
3.711,2.599,0.444,0.0493,0.0312,6.7,1358,0.059,1513.7,95.4,18.2,Permanent,0,4.5936,1425.3,88.4,121.42,0.02727,0.414,33.07,40.0,83.58,0
3.719,2.314,0.396,0.0137,0.047,5.5,623,0.121,1521.7,248.2,45.1,Die,2,4.4953,1427.3,94.4,52.73,0.04212,0.614,162.92,7.82,100.0,0
3.313,2.081,0.341,0.0147,0.0622,2.4,896,0.117,1535.3,165.3,26.7,Sand,1,4.0113,1440.6,94.7,105.16,0.05929,0.716,107.32,12.77,100.0,0
3.168,2.41,0.694,0.0327,0.0236,11.7,482,0.205,1537.9,65.1,35.8,Permanent,0,3.9822,1442.0,95.9,53.3,0.01868,0.327,128.46,11.46,76.81,0
3.332,1.644,0.515,0.0892,0.0384,14.6,493,0.136,1541.3,56.0,20.2,Sand,1,3.9095,1443.6,97.7,36.92,0.02869,0.362,61.04,24.33,77.12,0
3.391,2.453,0.288,0.0236,0.0618,6.2,746,0.102,1514.9,241.9,15.5,Permanent,0,4.2166,1435.4,79.5,63.48,0.05459,0.652,24.03,40.0,99.24,0
3.53,2.505,0.378,0.0493,0.0696,3.5,865,0.081,1535.8,255.4,15.9,Permanent,0,4.3813,1431.1,104.7,68.06,0.06493,0.853,25.39,40.0,100.0,0
3.471,2.099,0.296,0.0195,0.0445,6.3,691,0.106,1553.8,274.0,32.7,Permanent,0,4.1771,1436.0,117.8,56.63,0.03921,0.555,106.71,11.99,100.0,0
3.346,2.527,0.367,0.023,0.0629,5.4,694,0.091,1520.9,174.4,42.3,Permanent,0,4.1955,1436.1,84.8,49.13,0.05647,0.603,178.81,7.53,100.0,0
4.171,1.995,0.645,0.0208,0.0246,17.0,1116,0.148,1586.8,139.4,5.4,Permanent,0,4.8427,1417.3,169.5,206.3,0.01752,0.215,2.91,40.0,43.52,1
3.556,1.958,0.444,0.0253,0.0416,7.4,894,0.118,1546.4,257.4,12.8,Die,2,4.2167,1434.8,111.6,105.26,0.03586,0.451,13.15,40.0,98.11,0
3.516,2.422,0.389,0.0227,0.0522,3.6,595,0.086,1532.6,152.5,55.8,Sand,1,4.3314,1432.2,100.4,34.09,0.04856,0.633,467.61,2.95,100.0,0
3.685,2.326,0.298,0.0263,0.0681,4.7,632,0.169,1515.2,280.9,55.2,Permanent,0,4.4691,1428.2,87.0,75.47,0.06201,0.784,304.95,4.05,100.0,0
3.53,2.23,0.187,0.0569,0.053,15.9,1141,0.11,1517.6,90.6,32.0,Die,2,4.2921,1433.3,84.2,160.15,0.03853,0.353,81.9,17.42,86.75,0
3.613,2.127,0.462,0.0293,0.0617,5.7,672,0.139,1558.5,177.6,15.1,Permanent,0,4.3316,1431.8,126.6,69.94,0.0551,0.71,22.85,40.0,100.0,0
3.719,2.392,0.484,0.0323,0.0517,7.5,742,0.178,1529.9,203.1,11.8,Permanent,0,4.5268,1426.7,103.2,109.59,0.0445,0.558,13.83,40.0,99.1,0
3.477,2.593,0.287,0.038,0.029,10.1,537,0.174,1515.0,106.3,76.0,Die,2,4.3537,1431.9,83.1,56.08,0.02366,0.344,462.19,3.05,91.16,0
3.573,2.243,0.268,0.0406,0.0658,7.1,707,0.173,1529.6,247.1,57.6,Die,2,4.3346,1432.0,97.6,96.94,0.05707,0.615,265.33,4.83,100.0,0
3.582,2.222,0.347,0.0116,0.0435,4.4,576,0.122,1548.3,185.5,57.0,Permanent,0,4.3264,1431.9,116.4,45.09,0.03978,0.525,325.06,4.19,100.0,0
3.477,2.181,0.512,0.0494,0.0747,3.9,779,0.109,1558.6,185.3,46.2,Permanent,0,4.2205,1435.2,123.4,73.95,0.0691,0.847,213.22,6.44,100.0,0
3.775,2.416,0.396,0.0424,0.0525,3.9,635,0.18,1557.7,237.8,22.4,Sand,1,4.5946,1425.0,132.7,81.09,0.04861,0.625,75.15,17.56,100.0,0
3.461,1.965,0.398,0.0364,0.0569,3.5,514,0.15,1529.6,216.7,15.0,Die,2,4.128,1437.4,92.2,44.21,0.0531,0.676,18.05,40.0,100.0,0
3.595,1.961,0.514,0.0148,0.0475,4.9,735,0.083,1523.5,296.4,22.6,Permanent,0,4.2539,1433.6,89.9,50.26,0.04306,0.583,51.08,24.02,98.97,0
3.658,2.602,0.211,0.0898,0.0497,8.7,1549,0.176,1563.3,76.6,47.0,Permanent,0,4.5558,1426.7,136.6,470.91,0.04178,0.537,220.51,6.74,16.7,1
3.333,1.997,0.496,0.0265,0.0392,3.4,659,0.112,1539.7,274.0,46.8,Permanent,0,4.0074,1440.7,99.0,54.6,0.03664,0.629,219.45,5.77,97.27,0
3.099,2.204,0.744,0.0876,0.0466,15.5,1170,0.136,1561.8,152.1,15.2,Permanent,0,3.8629,1445.6,116.2,208.79,0.03417,0.38,23.08,40.0,67.98,0
3.111,1.671,0.46,0.0493,0.0244,10.8,1101,0.131,1477.7,144.2,76.4,Die,2,3.6843,1449.5,28.2,177.66,0.01962,0.418,467.33,2.85,49.12,1
3.175,3.181,0.698,0.0966,0.0515,14.1,1314,0.128,1568.3,150.4,76.4,Sand,1,4.2679,1435.6,132.7,247.29,0.03883,0.439,875.77,1.62,70.43,0
3.554,2.123,0.434,0.0465,0.0492,5.0,734,0.168,1544.1,265.7,26.7,Die,2,4.2774,1433.5,110.6,100.98,0.04451,0.548,57.09,22.39,100.0,0
3.419,2.105,0.394,0.0102,0.0391,6.5,816,0.108,1521.0,192.0,28.1,Permanent,0,4.1244,1437.4,83.6,80.53,0.03431,0.497,78.87,16.85,95.73,0
3.664,2.068,0.382,0.0166,0.0661,5.2,617,0.101,1546.6,154.2,48.1,Permanent,0,4.359,1430.9,115.7,43.12,0.05959,0.809,231.3,6.02,100.0,0
3.379,2.569,0.464,0.048,0.0472,7.0,789,0.179,1517.5,257.4,21.2,Permanent,0,4.2517,1434.8,82.6,124.97,0.04097,0.61,45.15,27.91,95.53,0
3.341,2.454,0.504,0.0116,0.05,7.7,507,0.151,1502.3,232.6,17.9,Permanent,0,4.1625,1436.8,65.5,43.54,0.04288,0.591,31.92,39.78,97.08,0
3.429,2.442,0.318,0.0276,0.0588,5.5,623,0.1,1512.3,151.1,46.9,Permanent,0,4.2521,1434.5,77.8,43.11,0.05262,0.588,220.4,6.18,100.0,0
3.381,2.115,0.534,0.0479,0.0553,3.6,605,0.085,1507.2,208.8,45.0,Permanent,0,4.1021,1438.4,68.8,34.83,0.05145,0.731,202.27,6.42,98.99,0
3.739,2.628,0.481,0.0363,0.0399,7.9,529,0.147,1551.8,199.1,52.0,Sand,1,4.6276,1424.3,127.5,46.14,0.03408,0.449,406.34,3.33,100.0,0
3.631,2.474,0.519,0.0224,0.0391,5.9,527,0.133,1539.2,163.1,13.5,Permanent,0,4.4633,1428.5,110.7,41.4,0.03472,0.516,18.1,40.0,99.68,0
3.515,2.018,0.427,0.0127,0.0515,5.9,856,0.119,1525.7,197.7,34.5,Sand,1,4.1922,1435.4,90.2,97.22,0.0458,0.594,178.83,7.43,95.97,0
3.522,2.04,0.44,0.0345,0.0602,3.7,572,0.168,1526.0,255.1,33.1,Sand,1,4.2131,1435.1,90.9,61.45,0.05583,0.695,164.71,7.72,100.0,0
3.599,1.978,0.517,0.0431,0.0714,2.3,517,0.151,1542.5,198.8,52.2,Permanent,0,4.2729,1433.4,109.1,45.11,0.06818,0.824,272.38,4.93,100.0,0
3.5,2.207,0.362,0.0468,0.0736,4.9,606,0.11,1537.1,253.2,37.1,Permanent,0,4.2509,1434.4,102.7,45.37,0.06668,0.76,137.53,9.34,100.0,0
3.252,2.172,0.227,0.0256,0.0351,6.9,1547,0.116,1528.7,92.6,69.9,Sand,1,3.9844,1441.6,87.1,309.64,0.03059,0.378,732.0,1.96,46.44,1
3.172,2.239,0.258,0.0311,0.0399,13.3,375,0.205,1568.7,57.5,45.4,Permanent,0,3.9283,1443.3,125.4,32.18,0.03062,0.311,205.95,7.34,78.29,0
3.367,2.454,0.253,0.0396,0.0574,3.4,542,0.14,1509.3,197.7,35.8,Die,2,4.198,1436.1,73.2,45.8,0.05367,0.719,102.37,12.81,100.0,0
3.504,2.02,0.314,0.0117,0.0708,3.0,691,0.09,1520.0,267.7,48.7,Permanent,0,4.1809,1435.7,84.2,48.05,0.06663,0.856,237.46,5.27,99.88,0
3.018,2.689,0.501,0.0807,0.0434,15.4,438,0.151,1538.2,78.8,37.5,Die,2,3.9415,1444.0,94.2,32.28,0.03189,0.345,112.23,13.0,86.73,0
3.265,1.411,0.794,0.0872,0.0527,12.6,414,0.152,1557.8,84.0,39.2,Permanent,0,3.764,1447.3,110.5,28.99,0.04101,0.484,154.03,9.57,84.44,0
3.629,2.499,0.491,0.0178,0.0489,3.1,635,0.115,1510.1,214.6,14.9,Permanent,0,4.4678,1428.4,81.7,51.65,0.04589,0.625,22.1,40.0,99.96,0
3.329,2.278,0.653,0.083,0.0235,8.2,1248,0.141,1600.0,74.6,23.4,Permanent,0,4.1156,1438.6,161.5,245.63,0.01998,0.342,54.74,27.87,36.62,1
3.49,2.413,0.434,0.0387,0.073,6.5,705,0.091,1512.0,177.4,19.4,Sand,1,4.3074,1433.0,79.1,50.41,0.06408,0.708,56.2,23.75,100.0,0
3.719,2.554,0.312,0.0144,0.0574,7.9,745,0.129,1550.6,252.1,10.5,Sand,1,4.5752,1425.4,125.2,79.67,0.04901,0.53,16.64,40.0,96.65,0
3.36,2.094,0.324,0.0101,0.0458,6.9,658,0.119,1512.9,158.7,26.0,Permanent,0,4.0614,1439.2,73.7,57.36,0.03989,0.55,67.77,19.98,96.71,0
3.573,2.456,0.435,0.012,0.0475,6.2,621,0.119,1514.0,290.0,12.3,Die,2,4.3952,1430.3,83.6,51.43,0.04196,0.549,12.19,40.0,100.0,0
3.321,2.378,0.318,0.0139,0.046,6.1,758,0.103,1514.1,217.8,27.8,Permanent,0,4.1181,1438.0,76.1,66.35,0.04071,0.593,77.12,16.81,100.0,0
3.654,2.005,0.314,0.0201,0.0433,7.5,674,0.134,1556.8,215.7,11.4,Sand,1,4.3294,1431.6,125.1,67.94,0.03724,0.523,19.53,40.0,100.0,0
3.64,2.697,0.344,0.0378,0.0416,2.1,796,0.122,1540.5,244.4,19.7,Permanent,0,4.5517,1426.5,114.0,86.13,0.0399,0.624,38.97,33.26,100.0,0
3.739,2.417,0.405,0.0149,0.0704,4.7,806,0.105,1550.2,168.0,47.9,Permanent,0,4.5496,1426.0,124.2,76.2,0.06404,0.757,229.39,6.03,98.69,0
3.532,2.561,0.349,0.0403,0.047,6.5,880,0.107,1545.6,260.7,50.7,Sand,1,4.3991,1430.6,115.0,92.51,0.04127,0.495,385.45,3.33,98.94,0
4.169,2.948,0.329,0.0584,0.0579,6.1,1384,0.075,1564.2,138.3,40.6,Permanent,0,5.171,1409.7,154.5,159.51,0.05133,0.592,164.96,8.64,71.99,0
3.342,2.087,0.285,0.05,0.0734,3.6,651,0.171,1543.7,233.8,44.5,Permanent,0,4.0541,1439.7,104.0,81.05,0.06832,0.793,198.3,6.61,98.68,0
3.645,1.467,0.631,0.0519,0.036,13.9,461,0.204,1500.8,113.2,59.0,Permanent,0,4.1509,1436.2,64.6,48.29,0.02725,0.364,348.12,3.99,91.11,0
3.326,2.267,0.342,0.0262,0.0543,4.2,589,0.083,1540.7,251.1,40.2,Permanent,0,4.0904,1438.7,101.9,32.04,0.04998,0.68,161.67,7.98,97.85,0
3.739,2.494,0.257,0.014,0.075,4.9,640,0.17,1558.8,253.4,51.5,Sand,1,4.5752,1425.4,133.4,77.9,0.06792,0.887,398.14,3.28,95.22,0
3.616,2.673,0.396,0.0444,0.0607,2.6,507,0.149,1516.4,217.0,23.3,Permanent,0,4.5216,1427.4,89.0,42.98,0.05756,0.69,54.29,23.93,100.0,0
4.197,2.77,0.76,0.0407,0.0507,11.8,1165,0.085,1448.2,154.0,9.2,Permanent,0,5.1344,1410.3,37.9,129.28,0.04004,0.495,8.38,40.0,77.33,0
3.223,2.22,0.696,0.0839,0.0389,10.5,285,0.106,1541.2,133.6,77.1,Sand,1,3.9909,1442.0,99.2,9.59,0.03158,0.371,891.61,1.58,80.1,0
3.513,2.252,0.499,0.0118,0.0726,7.0,731,0.113,1507.5,155.3,13.4,Permanent,0,4.2674,1433.6,73.8,67.52,0.06308,0.753,18.01,40.0,100.0,0
3.585,2.254,0.437,0.0458,0.0511,6.7,891,0.083,1510.8,175.8,58.4,Permanent,0,4.3514,1431.6,79.2,73.98,0.04464,0.58,340.74,3.92,100.0,0
3.424,2.127,0.289,0.0469,0.067,7.7,688,0.107,1539.3,156.4,51.7,Die,2,4.1483,1437.1,102.1,56.57,0.05738,0.596,214.01,6.46,100.0,0
3.426,2.627,0.29,0.0458,0.0641,5.1,532,0.096,1525.9,197.5,53.6,Permanent,0,4.3167,1433.1,92.8,30.39,0.05784,0.696,287.58,4.62,100.0,0
3.578,2.474,0.253,0.0431,0.0482,8.0,804,0.147,1506.1,197.3,30.4,Sand,1,4.4167,1430.0,76.1,106.36,0.04113,0.58,138.44,9.45,100.0,0
3.933,1.609,0.676,0.0469,0.0362,14.9,317,0.101,1463.4,74.2,85.9,Permanent,0,4.4851,1427.0,36.4,11.33,0.0269,0.308,737.57,1.88,73.55,0
3.475,2.54,0.467,0.0151,0.0402,3.1,586,0.111,1524.6,298.0,33.9,Sand,1,4.3269,1432.4,92.2,42.76,0.03781,0.587,172.58,7.11,100.0,0
3.273,2.656,0.738,0.0297,0.02,17.0,1211,0.183,1478.3,114.9,62.1,Permanent,0,4.1676,1437.1,41.2,300.77,0.01424,0.205,386.16,3.53,31.64,1
3.728,2.324,0.42,0.0164,0.0681,3.8,773,0.146,1557.9,180.4,24.1,Permanent,0,4.5077,1427.0,130.9,97.34,0.06308,0.744,57.88,23.8,99.19,0
3.344,2.857,0.326,0.0369,0.0208,14.4,544,0.079,1556.8,136.2,89.7,Permanent,0,4.3088,1433.5,123.3,26.25,0.01558,0.286,804.09,1.77,78.37,0
4.089,1.553,0.177,0.0298,0.0257,16.4,1528,0.165,1456.5,85.4,81.7,Die,2,4.6163,1423.1,33.4,431.63,0.01853,0.231,533.62,2.57,2.35,1
3.794,2.076,0.31,0.0415,0.0564,7.2,628,0.166,1536.0,256.8,27.3,Permanent,0,4.5,1427.2,108.9,73.25,0.04878,0.647,74.42,17.19,100.0,0
3.607,1.94,0.47,0.0217,0.0504,3.4,882,0.138,1550.5,175.6,54.4,Permanent,0,4.2609,1433.5,117.0,119.83,0.04704,0.655,295.85,4.65,94.27,0
3.613,2.264,0.437,0.0484,0.0703,4.1,569,0.173,1531.0,274.0,31.4,Permanent,0,4.3841,1430.7,100.3,62.54,0.06481,0.776,98.86,12.71,100.0,0
3.729,2.596,0.293,0.0341,0.0555,7.4,831,0.139,1501.5,242.9,50.8,Permanent,0,4.6052,1424.8,76.6,107.09,0.04785,0.562,258.27,4.87,99.9,0
3.623,2.503,0.449,0.019,0.0569,4.0,622,0.177,1546.4,164.6,13.2,Permanent,0,4.4634,1428.5,117.8,76.63,0.05249,0.707,17.5,40.0,98.74,0
3.375,2.125,0.519,0.0271,0.0675,6.5,814,0.157,1554.6,287.4,18.7,Sand,1,4.0926,1438.5,116.1,116.5,0.05937,0.677,52.49,24.14,99.6,0
3.554,2.287,0.331,0.033,0.0728,2.9,813,0.11,1504.8,211.2,52.4,Sand,1,4.3279,1432.2,72.6,81.05,0.06868,0.805,411.46,3.14,99.51,0
3.6,2.236,0.535,0.017,0.0591,2.9,725,0.156,1536.0,247.0,12.1,Permanent,0,4.3513,1431.3,104.7,91.34,0.05576,0.629,14.56,40.0,100.0,0
3.704,1.999,0.276,0.0279,0.0652,5.9,591,0.132,1550.3,186.7,27.2,Permanent,0,4.3795,1430.3,120.0,51.52,0.05801,0.655,74.15,18.39,100.0,0
3.584,1.718,0.762,0.0893,0.025,5.1,1295,0.14,1601.3,115.0,5.4,Sand,1,4.1865,1435.9,165.4,261.4,0.02261,0.391,4.45,40.0,40.35,1
3.543,3.143,0.235,0.0704,0.035,12.7,241,0.202,1577.4,71.2,50.1,Die,2,4.6143,1425.6,151.8,13.17,0.02711,0.338,200.91,7.5,74.41,0
3.431,2.287,0.296,0.0173,0.0587,5.5,855,0.16,1504.7,220.4,32.3,Permanent,0,4.1992,1435.6,69.1,131.04,0.05261,0.677,104.5,12.29,97.31,0
3.686,2.056,0.422,0.0491,0.0599,2.2,598,0.113,1504.2,292.9,13.3,Permanent,0,4.3874,1430.4,73.8,45.21,0.0574,0.718,17.61,40.0,100.0,0
3.706,2.032,0.306,0.0484,0.0488,6.5,679,0.121,1547.6,244.1,20.6,Die,2,4.4001,1430.0,117.6,62.33,0.04283,0.536,34.07,38.26,100.0,0
3.394,1.941,0.421,0.0292,0.0407,5.3,881,0.099,1506.7,201.5,34.2,Permanent,0,4.0508,1439.4,67.3,85.8,0.03659,0.585,116.86,11.17,99.69,0
3.63,2.545,0.395,0.0482,0.0612,6.1,643,0.134,1522.8,202.7,40.4,Sand,1,4.4944,1428.0,94.8,62.16,0.05426,0.695,244.73,5.39,100.0,0
3.457,2.438,0.307,0.0182,0.0732,4.1,824,0.163,1511.5,284.6,45.4,Sand,1,4.2753,1433.7,77.8,123.87,0.06735,0.781,309.56,3.96,97.62,0
3.548,2.275,0.399,0.0192,0.052,2.7,773,0.127,1549.3,267.3,38.5,Permanent,0,4.3132,1432.4,116.9,84.97,0.04924,0.648,148.01,8.66,100.0,0
3.772,2.668,0.434,0.0137,0.0395,7.1,738,0.085,1551.0,195.5,43.4,Permanent,0,4.666,1423.0,128.0,51.64,0.03423,0.439,188.44,7.19,96.97,0
3.728,1.844,0.248,0.0622,0.0229,10.9,493,0.099,1545.9,155.0,29.2,Sand,1,4.3636,1430.9,115.0,26.87,0.01844,0.316,127.9,10.87,82.0,0
3.574,1.908,0.387,0.0322,0.0399,2.8,663,0.125,1519.2,199.8,16.4,Permanent,0,4.2212,1434.7,84.5,61.42,0.0377,0.634,26.83,40.0,98.75,0
3.365,2.686,0.27,0.0136,0.0581,6.5,616,0.156,1542.4,202.6,21.3,Sand,1,4.265,1434.3,108.1,66.04,0.05105,0.608,68.37,19.6,100.0,0
3.781,2.657,0.371,0.032,0.0538,2.0,628,0.127,1534.2,195.4,50.2,Sand,1,4.6776,1422.9,111.3,56.03,0.05171,0.703,378.0,3.54,100.0,0
3.734,1.917,0.399,0.0116,0.0453,3.4,613,0.099,1515.7,227.8,21.6,Permanent,0,4.3768,1430.1,85.5,41.57,0.04232,0.618,46.75,27.55,100.0,0
3.453,2.45,0.47,0.0362,0.0725,5.4,663,0.138,1517.0,281.9,37.2,Sand,1,4.2816,1433.7,83.2,67.7,0.06508,0.728,208.02,5.94,100.0,0
3.384,2.493,0.366,0.0266,0.0591,4.7,894,0.178,1559.5,175.9,22.7,Permanent,0,4.2237,1435.3,124.2,158.7,0.05383,0.632,51.73,26.75,89.77,0
4.002,1.582,0.476,0.0459,0.0468,10.3,309,0.11,1525.5,124.9,51.1,Sand,1,4.5448,1425.3,100.2,11.69,0.03811,0.416,391.35,3.58,89.45,0
3.588,2.504,0.546,0.0319,0.0728,3.0,686,0.17,1546.9,287.5,15.9,Permanent,0,4.4335,1429.5,117.4,89.45,0.06852,0.867,25.13,40.0,100.0,0
3.422,2.643,0.542,0.0258,0.058,7.6,882,0.084,1536.3,282.5,29.1,Die,2,4.3116,1433.0,103.2,73.07,0.0498,0.588,67.58,18.55,100.0,0
3.131,2.222,0.549,0.0276,0.0517,16.5,1331,0.182,1562.8,82.2,37.9,Sand,1,3.8804,1444.6,118.2,360.51,0.0372,0.41,215.24,6.88,34.68,1
4.021,1.432,0.372,0.0662,0.0429,9.8,1485,0.068,1478.2,137.9,48.5,Permanent,0,4.5209,1425.9,52.3,166.35,0.03525,0.457,235.07,5.7,84.87,0
3.668,2.288,0.336,0.016,0.0705,4.0,717,0.09,1534.1,221.6,47.2,Die,2,4.4364,1429.0,105.2,51.73,0.06502,0.852,178.27,7.36,99.52,0
3.824,1.735,0.617,0.0741,0.0331,8.4,1492,0.124,1550.4,116.1,47.5,Permanent,0,4.4267,1429.1,121.3,308.8,0.02798,0.362,225.97,6.35,47.2,1
4.198,1.451,0.693,0.0208,0.0498,7.8,1319,0.243,1607.0,128.7,86.5,Permanent,0,4.6881,1420.9,186.2,473.25,0.0426,0.578,747.62,1.98,1.41,1
3.372,3.063,0.707,0.0247,0.0347,10.2,463,0.124,1486.3,106.3,63.1,Permanent,0,4.4018,1431.1,55.2,29.69,0.02828,0.376,397.78,3.47,86.33,0
3.569,2.93,0.629,0.0809,0.0378,10.7,511,0.153,1505.5,71.2,62.9,Permanent,0,4.5729,1426.6,78.8,44.79,0.03054,0.339,395.87,3.62,95.57,0
3.43,1.99,0.34,0.0462,0.0493,7.1,522,0.129,1548.1,182.4,46.2,Permanent,0,4.1087,1438.0,110.1,39.13,0.04276,0.528,213.09,6.41,100.0,0
3.37,2.359,0.26,0.044,0.0737,6.0,755,0.116,1505.9,187.4,43.4,Sand,1,4.1716,1436.8,69.2,73.61,0.06538,0.639,282.96,4.66,94.43,0
3.515,3.078,0.693,0.0428,0.0297,16.1,389,0.205,1442.7,131.6,53.9,Die,2,4.5554,1427.0,15.8,34.72,0.02153,0.175,232.06,5.65,68.04,0
3.614,2.605,0.343,0.0404,0.0498,5.8,564,0.08,1514.9,197.5,34.9,Die,2,4.496,1428.0,86.9,28.51,0.04433,0.609,97.66,13.49,98.87,0
3.435,2.328,0.355,0.0181,0.0707,8.0,856,0.099,1504.3,219.1,23.5,Sand,1,4.2168,1435.2,69.1,81.07,0.06022,0.674,83.15,15.46,100.0,0
3.751,2.203,0.457,0.0336,0.0539,4.3,792,0.153,1533.8,178.4,50.1,Permanent,0,4.4969,1427.3,106.5,107.06,0.04948,0.669,251.09,5.4,100.0,0
3.375,2.365,0.258,0.022,0.0653,6.0,708,0.176,1550.3,158.6,22.9,Permanent,0,4.1708,1436.6,113.7,98.87,0.05791,0.701,52.59,26.46,100.0,0
3.699,2.69,0.305,0.0145,0.0688,3.5,735,0.14,1506.0,241.4,44.7,Permanent,0,4.6001,1424.9,81.1,84.73,0.06421,0.776,200.17,6.32,100.0,0
4.173,1.901,0.343,0.0913,0.0379,12.1,338,0.084,1531.9,69.1,78.4,Permanent,0,4.8367,1418.0,113.9,10.76,0.02973,0.409,614.89,2.38,72.26,0
4.1,1.934,0.621,0.0434,0.0597,6.4,1381,0.176,1506.6,110.4,53.9,Die,2,4.7595,1419.7,86.9,375.33,0.05245,0.582,232.18,6.01,38.86,1
3.737,2.054,0.345,0.0148,0.0663,6.7,543,0.124,1556.6,290.4,34.1,Sand,1,4.4262,1428.9,127.7,40.84,0.058,0.717,174.55,7.25,100.0,0
4.156,2.226,0.711,0.0616,0.0415,11.3,401,0.063,1441.9,96.7,17.2,Permanent,0,4.919,1415.8,26.1,11.36,0.03314,0.403,29.61,40.0,61.85,1
3.534,2.559,0.434,0.0327,0.0509,7.3,532,0.122,1532.5,262.3,46.3,Sand,1,4.3984,1430.6,102.0,38.55,0.04394,0.559,321.79,3.95,100.0,0
3.423,2.525,0.306,0.0144,0.0672,5.2,645,0.16,1501.4,182.6,33.6,Sand,1,4.2696,1434.0,67.4,74.62,0.06055,0.778,169.44,7.78,100.0,0
3.479,2.242,0.264,0.0385,0.0511,6.0,839,0.096,1510.0,211.6,30.3,Sand,1,4.2393,1434.6,75.4,75.16,0.04527,0.53,137.34,9.45,100.0,0
3.69,2.381,0.506,0.0318,0.05,6.2,850,0.159,1540.5,216.9,35.7,Permanent,0,4.4939,1427.6,112.9,128.3,0.04425,0.6,127.62,10.37,98.74,0
3.867,1.695,0.298,0.0571,0.0586,10.6,1356,0.154,1555.4,80.0,24.3,Sand,1,4.4507,1428.2,127.3,315.94,0.04741,0.494,88.43,16.69,54.43,1
3.69,2.224,0.382,0.0186,0.0628,6.2,788,0.108,1511.2,168.2,29.7,Sand,1,4.4374,1428.9,82.3,74.85,0.05546,0.722,132.55,10.13,100.0,0
3.426,1.901,0.475,0.0441,0.0424,6.3,865,0.09,1513.5,176.1,51.9,Sand,1,4.0745,1438.9,74.6,75.14,0.03738,0.592,404.11,3.31,96.84,0
3.702,2.588,0.462,0.0361,0.0712,4.8,537,0.148,1504.6,280.9,11.0,Permanent,0,4.5768,1425.6,78.9,47.59,0.06469,0.788,12.09,40.0,100.0,0
3.34,2.69,0.459,0.0185,0.0503,3.7,819,0.108,1536.5,222.7,22.8,Sand,1,4.2431,1435.0,101.5,80.56,0.0467,0.673,77.75,16.9,100.0,0
3.713,2.619,0.277,0.0106,0.0684,7.3,589,0.09,1515.5,289.6,13.1,Sand,1,4.5897,1425.1,90.4,35.02,0.05903,0.594,25.63,40.0,98.3,0
3.794,2.056,0.389,0.013,0.0421,7.5,725,0.152,1508.5,157.8,53.2,Die,2,4.4835,1427.3,81.1,89.53,0.0362,0.466,226.25,5.97,100.0,0
3.426,2.684,0.36,0.0179,0.0625,2.7,825,0.099,1507.0,255.5,24.3,Sand,1,4.3261,1432.6,74.4,75.13,0.05925,0.749,88.23,14.18,100.0,0
3.665,2.371,0.424,0.0366,0.0401,5.7,745,0.162,1549.0,178.8,43.7,Permanent,0,4.467,1428.4,120.6,100.52,0.03576,0.529,191.04,7.17,100.0,0
3.49,2.553,0.301,0.0475,0.0401,4.3,881,0.155,1530.9,251.2,42.8,Permanent,0,4.3566,1431.9,99.1,134.89,0.03683,0.526,182.98,6.99,96.57,0
3.525,2.453,0.367,0.0409,0.0475,5.2,722,0.081,1506.1,202.3,13.5,Permanent,0,4.3563,1431.7,74.4,47.24,0.04286,0.562,18.14,40.0,100.0,0
3.77,2.365,0.529,0.033,0.0629,4.4,723,0.145,1514.8,164.3,33.3,Permanent,0,4.5689,1425.5,89.3,84.55,0.05764,0.68,110.88,12.18,100.0,0
4.189,3.114,0.556,0.0373,0.0544,17.0,1251,0.116,1526.0,107.3,26.2,Permanent,0,5.2394,1407.8,118.2,203.5,0.03868,0.371,68.77,20.63,64.44,0
3.69,2.342,0.392,0.0234,0.0471,3.8,729,0.165,1500.1,170.8,38.2,Permanent,0,4.4788,1427.9,72.2,97.91,0.04371,0.572,145.94,9.11,100.0,0
3.369,2.234,0.593,0.0875,0.021,14.8,280,0.202,1562.2,143.5,54.9,Sand,1,4.1432,1437.8,124.5,17.69,0.01565,0.141,452.19,3.14,75.37,0
3.381,2.116,0.483,0.0355,0.0518,7.7,802,0.093,1515.7,244.4,30.4,Permanent,0,4.0984,1438.4,77.3,67.14,0.04441,0.442,92.26,13.78,100.0,0
3.334,1.909,0.531,0.0392,0.0569,2.9,673,0.107,1540.1,198.4,51.0,Permanent,0,3.9832,1441.4,98.7,54.38,0.05375,0.722,260.01,5.16,96.55,0
3.746,2.447,0.548,0.0336,0.0679,2.3,761,0.116,1538.7,297.6,10.6,Permanent,0,4.5734,1425.5,113.2,75.07,0.06487,0.803,11.31,40.0,95.62,0
3.436,2.627,0.516,0.0219,0.0464,4.7,792,0.162,1532.1,290.2,18.9,Permanent,0,4.319,1432.8,99.3,113.54,0.04222,0.582,35.84,34.66,99.06,0
3.06,2.358,0.364,0.0593,0.0229,9.8,594,0.089,1526.0,95.0,35.5,Permanent,0,3.8663,1445.4,80.6,34.97,0.01877,0.357,126.05,11.35,78.33,0
3.425,2.28,0.303,0.0166,0.0709,2.4,522,0.169,1545.8,239.4,28.6,Permanent,0,4.1906,1435.9,109.9,51.57,0.06759,0.757,81.61,16.01,97.82,0
3.922,3.125,0.155,0.0429,0.0446,16.7,492,0.177,1514.5,79.6,19.7,Permanent,0,4.9783,1415.2,99.3,47.96,0.03194,0.315,38.74,37.04,82.37,0
3.523,2.258,0.513,0.0319,0.0576,5.0,734,0.145,1525.8,212.6,24.1,Sand,1,4.2867,1433.3,92.5,87.32,0.05214,0.715,87.04,15.09,100.0,0
3.678,2.612,0.409,0.0167,0.0624,4.5,841,0.131,1536.1,279.7,39.6,Permanent,0,4.5538,1426.1,110.0,103.73,0.05705,0.689,156.55,8.03,100.0,0
3.085,2.411,0.644,0.0424,0.054,7.5,249,0.147,1468.4,84.4,57.5,Permanent,0,3.9029,1444.3,24.1,10.21,0.04646,0.566,330.84,4.18,68.33,0
3.609,1.955,0.351,0.0218,0.0726,4.8,724,0.15,1516.0,219.6,33.1,Permanent,0,4.2679,1433.3,82.7,87.61,0.06594,0.809,109.72,11.82,100.0,0
3.377,2.125,0.465,0.0214,0.0525,3.0,761,0.166,1517.1,287.5,36.3,Sand,1,4.0926,1438.4,78.7,107.32,0.04947,0.656,197.85,6.21,100.0,0
3.782,2.454,0.378,0.0323,0.067,4.2,778,0.138,1544.7,169.8,50.6,Permanent,0,4.6104,1424.5,120.2,93.29,0.06152,0.671,256.53,5.36,100.0,0
3.326,2.186,0.477,0.039,0.0456,3.6,598,0.166,1535.6,211.9,12.0,Permanent,0,4.0675,1439.4,96.2,66.43,0.04245,0.595,14.41,40.0,95.02,0
3.915,2.036,0.271,0.0738,0.0447,5.7,333,0.134,1498.7,54.3,10.4,Sand,1,4.6186,1424.1,74.6,16.6,0.03986,0.522,16.25,40.0,82.83,0
3.621,2.193,0.443,0.0191,0.0661,2.5,586,0.089,1501.3,166.5,42.5,Sand,1,4.3587,1431.1,70.3,34.07,0.06292,0.732,271.15,4.92,100.0,0
3.5,2.023,0.468,0.07,0.0559,10.5,1416,0.245,1469.6,86.1,21.3,Die,2,4.1983,1435.8,33.8,549.17,0.04531,0.574,36.33,38.08,0.0,1
3.547,2.021,0.264,0.0381,0.059,3.7,681,0.174,1552.4,208.7,19.0,Permanent,0,4.2333,1434.5,117.9,90.1,0.05475,0.706,36.19,37.13,99.14,0
3.342,2.506,0.442,0.0349,0.0499,5.9,690,0.092,1548.7,203.8,52.3,Sand,1,4.1893,1436.4,112.4,48.96,0.04441,0.621,410.3,3.28,100.0,0
3.923,3.164,0.623,0.0551,0.0201,13.6,312,0.06,1533.1,158.2,46.1,Sand,1,4.9957,1414.9,118.3,6.52,0.01532,0.171,318.3,4.32,66.09,0
3.682,2.038,0.471,0.0107,0.0644,3.1,872,0.083,1546.3,230.5,33.7,Sand,1,4.3651,1430.6,115.7,70.25,0.06054,0.74,170.7,7.71,100.0,0
4.005,2.672,0.605,0.0421,0.0409,13.1,1135,0.126,1541.3,150.3,40.8,Die,2,4.9095,1416.5,124.8,181.32,0.03149,0.407,132.92,10.47,76.88,0
4.141,2.602,0.422,0.0707,0.0319,7.9,1495,0.222,1461.3,69.0,70.5,Die,2,5.0322,1413.2,48.1,555.14,0.02717,0.432,398.02,3.5,0.0,1
3.305,2.608,0.305,0.0336,0.0618,7.8,536,0.122,1549.0,298.2,16.0,Permanent,0,4.1851,1436.6,112.4,39.27,0.05282,0.67,25.62,40.0,100.0,0
3.63,2.169,0.311,0.0346,0.0422,6.9,680,0.092,1524.9,296.6,44.4,Sand,1,4.3646,1431.0,93.9,47.41,0.03672,0.486,295.36,4.16,100.0,0
3.188,2.751,0.691,0.0832,0.0277,5.9,466,0.119,1516.2,68.7,50.2,Sand,1,4.1327,1438.7,77.5,28.75,0.02466,0.429,378.1,3.83,77.78,0
3.574,1.942,0.516,0.0298,0.0723,3.1,682,0.118,1550.6,182.3,31.7,Permanent,0,4.2317,1434.4,116.2,61.31,0.06803,0.821,100.25,13.65,100.0,0
3.425,2.368,0.458,0.0236,0.0566,2.5,727,0.085,1521.9,228.7,32.1,Permanent,0,4.222,1435.2,86.7,49.92,0.05385,0.719,103.24,12.53,100.0,0
3.18,2.547,0.513,0.0836,0.0242,5.0,448,0.166,1503.3,98.4,84.1,Sand,1,4.0573,1440.6,62.8,37.36,0.02186,0.419,1062.07,1.32,80.67,0
3.452,1.798,0.659,0.0346,0.0527,17.4,436,0.064,1496.5,118.3,22.0,Permanent,0,4.0623,1439.0,57.5,13.47,0.03725,0.335,48.23,28.57,85.03,0
3.412,2.059,0.385,0.0467,0.0395,5.7,602,0.158,1533.1,199.4,43.3,Permanent,0,4.1142,1438.0,95.1,64.22,0.03522,0.542,187.8,7.1,100.0,0
3.085,2.733,0.222,0.0792,0.0254,6.2,280,0.094,1601.0,148.2,41.6,Sand,1,4.0225,1441.8,159.3,8.25,0.02242,0.427,259.22,5.6,68.27,0
3.527,2.587,0.367,0.0373,0.0435,6.2,542,0.154,1506.4,164.8,43.7,Permanent,0,4.402,1430.5,75.9,50.66,0.0384,0.539,191.33,7.01,100.0,0
3.552,2.612,0.351,0.0217,0.057,4.5,625,0.172,1534.4,201.7,35.1,Permanent,0,4.4297,1429.7,104.8,74.95,0.0521,0.636,123.16,10.82,100.0,0
3.667,2.237,0.376,0.0121,0.0644,2.1,540,0.141,1549.0,180.2,53.8,Permanent,0,4.4164,1429.4,119.5,45.89,0.06171,0.766,289.59,4.73,100.0,0
3.434,2.185,0.446,0.0272,0.0588,5.4,791,0.106,1559.4,200.4,14.4,Sand,1,4.1711,1436.4,123.0,74.0,0.05272,0.593,31.15,40.0,100.0,0
4.059,1.814,0.688,0.0819,0.0402,8.0,1121,0.194,1493.9,72.2,87.2,Sand,1,4.6906,1421.8,72.1,273.09,0.03426,0.45,1139.65,1.25,55.19,1
3.855,2.948,0.433,0.0851,0.0233,15.4,1278,0.097,1586.4,108.2,82.0,Sand,1,4.8658,1418.5,167.9,176.84,0.01714,0.223,1009.18,1.46,49.32,1
3.573,2.104,0.505,0.0303,0.0697,2.9,616,0.154,1513.8,198.9,51.9,Permanent,0,4.2843,1433.1,80.7,65.45,0.06575,0.836,269.06,4.89,98.73,0
3.319,2.586,0.262,0.0103,0.0699,5.7,895,0.12,1551.2,197.5,21.2,Permanent,0,4.1841,1436.4,114.8,107.88,0.06234,0.702,45.01,30.07,100.0,0
3.756,2.756,0.679,0.0993,0.0485,12.4,1238,0.077,1466.3,70.7,38.0,Sand,1,4.708,1422.8,43.6,132.17,0.0379,0.414,216.25,6.45,79.61,0
3.35,1.978,0.345,0.0496,0.073,6.4,845,0.15,1553.3,297.4,33.4,Sand,1,4.0257,1440.4,112.9,119.57,0.06423,0.77,167.05,7.52,93.31,0
3.366,2.84,0.155,0.0987,0.0236,15.8,333,0.182,1488.1,99.6,58.1,Sand,1,4.3453,1433.0,55.1,22.69,0.01719,0.265,505.8,2.75,71.33,0
3.448,2.291,0.473,0.0121,0.0438,3.6,843,0.178,1554.7,180.0,39.7,Permanent,0,4.2154,1435.1,119.6,141.31,0.04076,0.578,157.29,8.74,94.17,0
3.37,2.325,0.451,0.0382,0.0555,4.1,873,0.108,1553.4,190.9,39.3,Permanent,0,4.1578,1437.0,116.3,92.01,0.05115,0.689,154.22,8.83,100.0,0
3.345,2.341,0.463,0.0336,0.0564,5.9,749,0.124,1550.0,280.7,41.2,Permanent,0,4.1366,1437.6,112.4,78.02,0.05009,0.594,170.01,7.47,100.0,0
3.371,2.369,0.456,0.0187,0.0692,6.3,899,0.146,1512.7,250.7,48.2,Sand,1,4.1671,1436.7,76.1,132.21,0.06102,0.716,348.84,3.62,92.44,0
4.067,2.144,0.602,0.0787,0.0277,17.6,1506,0.079,1580.5,98.5,72.6,Sand,1,4.808,1419.0,161.5,199.94,0.01948,0.205,790.84,1.87,50.89,1
3.648,2.589,0.345,0.0362,0.0463,7.7,593,0.162,1558.9,230.6,19.2,Permanent,0,4.5234,1427.1,131.8,63.87,0.03969,0.474,36.89,36.01,96.45,0
3.731,1.968,0.331,0.0483,0.0452,4.8,765,0.124,1537.3,208.0,56.6,Sand,1,4.4036,1429.8,107.5,81.07,0.0411,0.584,480.36,2.77,100.0,0
3.339,2.575,0.344,0.0198,0.0705,7.3,663,0.15,1524.0,213.6,26.0,Sand,1,4.2035,1435.9,88.0,73.79,0.06089,0.674,101.01,12.97,100.0,0
3.183,2.562,0.652,0.0763,0.05,17.8,1200,0.193,1447.8,119.4,82.9,Permanent,0,4.0621,1440.4,7.4,310.91,0.03499,0.397,687.7,1.93,33.5,1
3.392,2.351,0.396,0.0164,0.0387,5.3,509,0.082,1543.7,176.8,29.9,Permanent,0,4.1815,1436.2,107.5,23.8,0.03484,0.49,89.23,15.32,99.8,0
3.736,2.202,0.312,0.0275,0.0399,4.7,578,0.15,1506.8,222.9,16.5,Permanent,0,4.4789,1427.8,79.0,55.93,0.03632,0.468,27.12,40.0,97.39,0
3.526,2.552,0.279,0.0111,0.0677,6.1,598,0.122,1513.2,239.7,10.2,Die,2,4.3803,1430.9,82.4,48.95,0.05999,0.707,8.24,40.0,100.0,0
3.444,2.69,0.337,0.0235,0.0476,6.4,526,0.084,1501.7,158.3,14.4,Permanent,0,4.3489,1432.0,69.7,25.83,0.04187,0.582,20.74,40.0,100.0,0
3.509,2.526,0.314,0.0458,0.0522,2.7,711,0.092,1551.1,174.1,23.5,Permanent,0,4.3659,1431.5,119.5,51.91,0.04947,0.659,55.06,25.01,100.0,0
3.381,2.955,0.476,0.0777,0.0289,12.2,1366,0.168,1443.7,81.9,89.0,Sand,1,4.3919,1431.7,12.0,350.06,0.02261,0.33,1189.28,1.15,15.72,1
3.974,2.648,0.233,0.0906,0.0367,12.6,582,0.13,1591.8,106.5,83.2,Permanent,0,4.8865,1417.6,174.2,49.34,0.02849,0.385,692.67,2.14,71.55,0
4.15,2.755,0.246,0.034,0.0258,17.5,1368,0.189,1595.5,73.5,37.2,Sand,1,5.0797,1411.8,183.8,395.64,0.01818,0.185,207.84,7.32,0.0,1
3.339,2.266,0.408,0.0403,0.0526,3.0,850,0.139,1535.7,263.0,11.5,Sand,1,4.1081,1438.4,97.3,112.38,0.04958,0.771,19.92,40.0,100.0,0
3.912,2.19,0.749,0.0685,0.0366,16.7,1262,0.143,1536.9,101.7,10.8,Die,2,4.6648,1422.9,114.0,254.42,0.02623,0.264,9.3,40.0,60.12,1
3.654,1.964,0.261,0.0273,0.0737,5.8,739,0.136,1525.5,192.2,40.0,Permanent,0,4.3176,1432.0,93.5,83.17,0.06563,0.828,160.2,8.32,100.0,0
3.517,2.001,0.423,0.0223,0.0666,3.6,839,0.175,1528.5,298.2,39.2,Permanent,0,4.1913,1435.5,93.0,137.38,0.06194,0.795,153.39,8.02,93.95,0
3.759,2.22,0.316,0.0185,0.0632,4.6,527,0.096,1530.4,197.4,17.6,Sand,1,4.505,1427.0,103.4,29.79,0.05763,0.773,46.4,28.73,99.42,0
3.6,2.337,0.194,0.0894,0.0384,9.7,1492,0.168,1589.9,123.3,49.5,Permanent,0,4.4088,1430.5,159.4,417.06,0.03161,0.453,245.21,5.98,23.28,1
3.587,2.683,0.498,0.0456,0.0463,7.5,795,0.087,1541.6,154.6,40.1,Sand,1,4.4961,1428.1,113.5,61.53,0.03984,0.539,240.78,5.76,100.0,0
3.331,1.946,0.467,0.0294,0.0399,3.0,831,0.09,1548.4,259.0,13.8,Permanent,0,3.9896,1441.2,107.3,69.15,0.03757,0.54,18.94,40.0,97.59,0
3.766,2.948,0.465,0.0947,0.041,8.5,551,0.212,1451.0,53.9,50.5,Permanent,0,4.7801,1421.0,30.0,72.09,0.03457,0.447,255.03,5.48,75.03,0
3.788,2.59,0.537,0.0419,0.0717,2.9,895,0.102,1546.5,201.2,22.8,Sand,1,4.6654,1423.2,123.3,91.67,0.06764,0.776,77.74,17.31,95.5,0
3.777,1.619,0.629,0.0226,0.0214,5.2,594,0.2,1493.9,155.0,37.3,Permanent,0,4.3243,1431.3,62.6,78.71,0.01931,0.406,139.14,9.62,93.11,0
3.319,2.02,0.51,0.0182,0.0668,7.3,893,0.089,1542.6,173.2,32.0,Permanent,0,3.9987,1440.9,101.7,79.56,0.05775,0.713,102.7,13.33,96.33,0
3.59,2.386,0.368,0.0494,0.0394,7.6,766,0.121,1523.5,173.2,25.1,Permanent,0,4.4018,1430.4,93.2,79.33,0.03386,0.48,62.86,21.48,100.0,0
3.568,2.562,0.265,0.0233,0.0709,7.4,826,0.119,1514.8,218.4,25.8,Die,2,4.4298,1429.6,85.2,90.89,0.06116,0.719,53.43,24.26,100.0,0
3.748,2.468,0.392,0.0406,0.0542,6.6,605,0.17,1519.3,280.8,19.7,Permanent,0,4.5837,1425.3,93.9,69.29,0.04743,0.645,38.96,31.79,100.0,0
3.483,2.636,0.253,0.0194,0.0571,3.7,703,0.08,1512.0,176.0,38.0,Sand,1,4.3679,1431.4,80.6,44.26,0.05304,0.661,216.16,6.18,100.0,0
3.487,1.967,0.29,0.0224,0.0434,5.7,781,0.133,1540.2,191.9,42.6,Permanent,0,4.1504,1436.6,103.6,90.78,0.03871,0.568,181.55,7.43,99.93,0
3.52,2.602,0.431,0.0133,0.0727,5.6,715,0.151,1511.7,229.9,52.9,Permanent,0,4.3918,1430.6,81.1,86.45,0.06493,0.802,279.34,4.59,100.0,0
4.104,1.675,0.772,0.0483,0.03,11.0,1317,0.206,1444.6,79.2,74.7,Sand,1,4.678,1421.7,22.9,399.34,0.0241,0.379,836.2,1.63,13.95,1
3.593,2.095,0.533,0.0191,0.0519,2.5,747,0.086,1555.8,198.2,13.9,Permanent,0,4.2976,1432.6,123.1,53.46,0.04932,0.732,19.3,40.0,100.0,0
3.766,2.139,0.549,0.0208,0.057,2.5,797,0.109,1508.1,182.7,44.8,Die,2,4.4858,1427.4,80.6,77.16,0.05418,0.762,160.23,8.27,100.0,0
3.459,2.284,0.41,0.0146,0.0703,5.6,868,0.143,1521.4,235.3,41.9,Permanent,0,4.2257,1434.9,86.6,120.89,0.06283,0.697,175.29,7.34,96.45,0
3.657,2.244,0.366,0.0457,0.0618,5.9,690,0.163,1533.4,233.7,18.7,Permanent,0,4.4205,1429.6,103.8,86.55,0.05493,0.651,34.91,37.23,100.0,0
3.442,2.508,0.53,0.0186,0.0569,7.7,741,0.116,1547.0,152.0,28.9,Sand,1,4.2848,1433.5,113.5,71.34,0.04875,0.609,124.93,11.17,100.0,0
3.626,2.668,0.313,0.0118,0.0542,5.1,762,0.145,1554.7,296.6,33.9,Permanent,0,4.5196,1427.1,127.6,94.2,0.04888,0.633,115.22,10.92,96.28,0
3.804,2.017,0.207,0.0217,0.0228,5.8,202,0.052,1553.2,122.3,40.2,Sand,1,4.4839,1427.3,125.8,2.37,0.02028,0.303,242.74,5.89,75.19,0
3.506,2.087,0.384,0.0118,0.0494,5.4,519,0.143,1521.3,218.3,45.7,Permanent,0,4.2055,1435.1,86.2,43.12,0.04428,0.492,209.24,6.23,100.0,0
3.317,2.018,0.444,0.0395,0.0612,5.4,894,0.09,1524.6,242.2,32.0,Sand,1,4.0029,1441.0,83.6,80.32,0.05496,0.594,153.74,8.34,98.42,0
3.907,3.035,0.718,0.0265,0.0537,12.4,350,0.129,1597.0,153.6,21.0,Permanent,0,4.9279,1416.3,180.6,17.63,0.0419,0.502,44.13,32.7,69.71,0
3.634,2.618,0.543,0.0102,0.068,2.4,784,0.115,1525.1,249.5,21.4,Sand,1,4.5101,1427.3,97.8,79.35,0.06483,0.813,68.82,18.54,99.72,0
3.506,2.297,0.468,0.0305,0.06,6.8,617,0.152,1555.6,231.0,47.9,Permanent,0,4.2815,1433.5,122.2,64.79,0.05233,0.62,229.8,5.76,97.66,0
4.021,1.537,0.223,0.0997,0.0517,14.7,1596,0.074,1451.5,64.7,83.4,Permanent,0,4.5664,1425.1,26.4,209.95,0.03853,0.379,695.31,1.99,59.52,1
3.421,2.159,0.437,0.046,0.0531,7.3,563,0.175,1522.9,154.1,10.3,Permanent,0,4.1562,1436.9,86.0,62.12,0.04592,0.606,10.56,40.0,100.0,0
3.37,2.492,0.455,0.0381,0.0716,6.7,590,0.176,1513.6,192.9,46.1,Die,2,4.2139,1435.7,77.9,68.54,0.06268,0.743,170.28,7.76,100.0,0
3.705,2.124,0.305,0.0351,0.0474,7.5,740,0.124,1536.3,194.2,21.0,Sand,1,4.4251,1429.3,107.0,75.97,0.04078,0.467,66.21,20.27,100.0,0
3.728,2.031,0.398,0.0458,0.0581,7.3,765,0.13,1556.6,292.3,27.3,Permanent,0,4.4201,1429.4,127.2,84.9,0.05015,0.568,74.69,16.93,100.0,0
3.421,1.915,0.432,0.0197,0.0612,6.6,873,0.165,1535.5,276.3,48.6,Permanent,0,4.0659,1438.9,96.6,140.82,0.05359,0.63,236.0,5.34,94.47,0
3.032,2.068,0.696,0.0877,0.0224,7.4,1598,0.051,1472.2,110.7,43.3,Permanent,0,3.7507,1448.6,23.6,146.15,0.01933,0.339,187.57,7.26,51.15,1
3.796,2.591,0.28,0.0204,0.0726,4.7,783,0.091,1520.4,246.6,20.1,Permanent,0,4.6663,1423.0,97.5,62.27,0.06605,0.761,40.53,31.43,97.75,0
3.553,2.629,0.39,0.0444,0.0631,5.1,644,0.102,1519.8,191.4,45.5,Permanent,0,4.4437,1429.5,90.3,47.17,0.05696,0.669,207.36,6.41,100.0,0
3.633,2.617,0.406,0.0357,0.0467,3.8,517,0.085,1559.0,190.5,50.0,Permanent,0,4.5175,1427.3,131.6,25.46,0.04326,0.572,250.12,5.47,95.9,0
3.542,2.212,0.288,0.0208,0.0577,7.9,663,0.18,1532.9,175.7,59.4,Sand,1,4.2864,1433.1,99.8,88.38,0.04925,0.605,530.01,2.56,100.0,0
3.452,2.467,0.27,0.031,0.0502,12.4,1462,0.171,1499.9,64.0,80.7,Permanent,0,4.2845,1433.6,66.3,407.94,0.03916,0.455,651.59,2.2,34.58,1
3.483,2.023,0.48,0.0336,0.0682,5.9,760,0.155,1503.6,241.1,13.1,Sand,1,4.1686,1436.3,67.3,99.87,0.06056,0.631,25.56,40.0,100.0,0
3.713,2.101,0.371,0.0362,0.0672,2.1,711,0.093,1518.2,290.2,18.8,Die,2,4.4256,1429.2,88.9,52.48,0.0644,0.772,28.36,40.0,100.0,0
3.389,2.346,0.497,0.0293,0.0709,6.6,675,0.122,1500.8,221.6,46.3,Permanent,0,4.1811,1436.3,64.5,62.1,0.06218,0.638,214.22,5.97,100.0,0
3.605,2.623,0.439,0.0419,0.0688,7.4,718,0.083,1531.2,173.7,28.0,Permanent,0,4.4934,1428.1,103.1,47.85,0.05933,0.74,78.41,17.31,100.0,0
3.738,1.949,0.363,0.0182,0.0743,5.1,810,0.097,1520.0,241.8,24.9,Permanent,0,4.3942,1429.7,90.2,71.16,0.06713,0.775,62.04,20.6,97.98,0
3.764,2.196,0.264,0.0422,0.0587,5.9,789,0.106,1534.2,175.8,32.2,Permanent,0,4.51,1427.0,107.1,73.73,0.05225,0.63,103.7,13.1,100.0,0
3.382,2.063,0.404,0.0296,0.0709,2.0,683,0.141,1539.9,174.3,19.7,Permanent,0,4.0794,1438.8,101.1,73.54,0.06807,0.846,38.62,35.36,95.0,0
3.618,2.681,0.433,0.027,0.0579,3.5,525,0.095,1512.9,166.2,22.7,Permanent,0,4.5208,1427.2,85.7,29.25,0.05398,0.738,51.38,26.21,100.0,0
3.707,2.588,0.403,0.0142,0.0405,6.9,759,0.169,1513.4,202.0,15.9,Permanent,0,4.5747,1425.5,88.0,108.64,0.03529,0.418,25.44,40.0,99.73,0
3.987,2.475,0.342,0.0468,0.0566,5.8,1471,0.051,1559.7,120.1,36.4,Permanent,0,4.8277,1418.6,141.1,123.29,0.05039,0.598,132.72,10.85,87.12,0
3.337,1.892,0.562,0.0965,0.0461,6.2,1584,0.201,1493.2,147.6,67.9,Die,2,3.9999,1441.4,51.8,563.76,0.04073,0.548,368.59,3.65,5.64,1
3.677,2.576,0.325,0.0225,0.0399,4.3,789,0.083,1506.0,285.1,55.8,Permanent,0,4.5433,1426.4,79.5,58.1,0.03663,0.496,311.7,3.92,100.0,0
3.747,2.103,0.298,0.0172,0.0423,3.4,647,0.148,1537.0,178.0,27.2,Sand,1,4.4531,1428.3,108.7,69.36,0.03954,0.554,110.84,12.26,100.0,0
3.652,2.355,0.257,0.0266,0.0393,7.4,898,0.142,1506.8,274.5,11.9,Permanent,0,4.4463,1428.9,77.9,128.21,0.03387,0.403,14.2,40.0,91.95,0
3.511,2.51,0.259,0.0452,0.0734,7.3,591,0.117,1519.2,233.6,11.3,Permanent,0,4.3629,1431.6,87.6,45.69,0.0634,0.675,12.66,40.0,100.0,0
3.697,2.223,0.5,0.0419,0.038,4.6,895,0.126,1525.1,181.7,18.9,Permanent,0,4.4522,1428.7,96.5,113.11,0.03465,0.49,35.82,37.51,100.0,0
3.603,2.132,0.268,0.0378,0.0601,7.3,696,0.141,1516.3,268.2,18.8,Die,2,4.3262,1432.1,84.2,76.0,0.05198,0.686,28.28,40.0,100.0,0
3.694,1.855,0.341,0.0991,0.0388,10.1,1299,0.176,1447.8,129.9,56.6,Permanent,0,4.345,1431.7,16.1,331.59,0.03166,0.442,320.11,4.12,36.79,1
3.739,2.294,0.492,0.0418,0.065,3.0,658,0.151,1545.4,260.5,31.7,Sand,1,4.5174,1427.0,118.5,73.21,0.06118,0.705,150.28,8.55,100.0,0
3.736,2.137,0.25,0.0104,0.069,6.0,716,0.106,1513.3,229.5,42.3,Permanent,0,4.4519,1428.3,85.0,60.53,0.06122,0.694,179.22,7.16,100.0,0
3.731,2.5,0.498,0.0144,0.0493,3.4,708,0.102,1552.4,238.4,58.2,Die,2,4.5691,1425.5,126.8,57.09,0.04604,0.645,270.57,4.86,100.0,0
3.387,2.331,0.41,0.0294,0.0718,6.3,770,0.136,1550.6,269.5,31.2,Permanent,0,4.1735,1436.5,114.1,90.31,0.06336,0.696,97.37,13.16,96.87,0
3.163,2.309,0.283,0.0519,0.0539,8.1,236,0.112,1562.5,124.8,21.0,Permanent,0,3.9504,1443.0,119.5,6.98,0.04586,0.533,44.21,32.52,85.33,0
3.441,2.952,0.411,0.0641,0.056,14.4,1334,0.091,1549.3,136.9,53.0,Permanent,0,4.4463,1430.0,119.3,180.31,0.04198,0.501,280.86,5.03,86.85,0
3.709,2.682,0.251,0.0157,0.0604,7.2,772,0.124,1514.8,215.3,56.5,Sand,1,4.6081,1424.7,90.1,82.37,0.05233,0.577,479.28,2.71,100.0,0
3.423,2.639,0.521,0.0137,0.0466,5.0,753,0.18,1513.5,272.2,55.3,Permanent,0,4.3075,1433.0,80.4,113.73,0.04216,0.661,305.53,4.06,100.0,0
3.759,2.113,0.273,0.0451,0.0408,4.6,792,0.122,1502.4,227.7,53.9,Sand,1,4.4782,1427.8,74.5,85.51,0.03724,0.495,435.53,2.93,100.0,0
3.634,2.575,0.539,0.0196,0.0575,3.7,640,0.1,1549.0,284.8,27.9,Die,2,4.4988,1427.6,121.3,45.78,0.0534,0.602,62.46,20.24,100.0,0
3.429,2.538,0.301,0.029,0.054,2.8,612,0.142,1503.3,193.1,25.6,Permanent,0,4.2846,1433.7,69.6,59.56,0.05107,0.747,65.65,19.96,100.0,0
3.559,1.563,0.555,0.0202,0.0392,6.1,274,0.196,1497.3,70.1,54.1,Permanent,0,4.0867,1437.8,59.5,16.44,0.03472,0.514,292.98,4.87,81.43,0
3.517,1.993,0.317,0.0159,0.0659,6.2,799,0.089,1555.7,194.1,43.7,Sand,1,4.187,1435.6,120.1,63.76,0.05817,0.681,286.11,4.76,100.0,0
4.199,1.938,0.28,0.0692,0.0392,13.7,500,0.154,1565.4,117.5,50.5,Die,2,4.868,1416.9,148.5,43.24,0.02982,0.364,203.66,7.11,83.31,0
3.568,1.928,0.46,0.0278,0.0406,7.9,555,0.175,1516.6,266.9,35.4,Permanent,0,4.2198,1434.7,81.9,60.13,0.03462,0.415,125.06,9.99,95.75,0
3.782,2.21,0.391,0.0217,0.061,5.3,659,0.172,1553.8,239.2,13.8,Permanent,0,4.5254,1426.4,127.4,83.45,0.05493,0.653,18.93,40.0,99.61,0
3.115,3.056,0.518,0.0893,0.0425,16.6,1498,0.215,1496.5,90.0,87.3,Sand,1,4.1628,1438.3,58.1,538.42,0.03046,0.347,1143.83,1.23,0.0,1
3.419,2.42,0.485,0.0114,0.0478,5.4,702,0.171,1533.7,252.2,15.6,Sand,1,4.2299,1434.9,98.8,94.45,0.04293,0.55,36.29,35.32,100.0,0
3.531,2.309,0.457,0.0182,0.0456,7.3,812,0.108,1517.8,188.8,54.6,Die,2,4.3065,1432.7,85.1,79.56,0.03938,0.492,238.44,5.57,100.0,0
3.752,1.65,0.408,0.0542,0.033,10.5,231,0.161,1478.8,108.4,9.0,Permanent,0,4.3202,1431.7,47.1,9.66,0.02673,0.417,8.06,40.0,75.56,0
3.473,2.643,0.518,0.0233,0.0586,4.1,722,0.101,1549.8,255.6,29.5,Permanent,0,4.3616,1431.6,118.2,58.69,0.05393,0.683,87.28,14.83,100.0,0
3.329,2.256,0.408,0.0296,0.0387,7.2,598,0.116,1504.5,204.2,53.5,Permanent,0,4.0907,1438.7,65.7,46.27,0.03352,0.489,285.91,4.55,97.44,0
3.359,1.996,0.45,0.0449,0.0413,7.1,664,0.104,1543.0,164.9,18.3,Permanent,0,4.0389,1440.0,103.0,51.28,0.03579,0.438,33.37,40.0,95.45,0
3.744,2.614,0.499,0.042,0.0601,7.7,580,0.151,1503.6,217.3,38.0,Permanent,0,4.6295,1424.3,79.4,56.71,0.05151,0.612,144.23,8.92,100.0,0
3.301,2.518,0.394,0.0113,0.0734,7.0,778,0.096,1531.6,260.3,44.4,Permanent,0,4.1439,1437.4,94.2,64.97,0.06378,0.776,196.89,6.46,99.79,0
3.074,2.423,0.599,0.0886,0.0368,16.4,515,0.106,1594.8,53.9,39.0,Permanent,0,3.9112,1444.5,150.3,31.52,0.02648,0.208,152.1,10.13,66.54,0
3.515,2.564,0.512,0.013,0.0535,4.6,784,0.163,1531.6,232.2,59.0,Permanent,0,4.374,1431.1,100.5,111.82,0.04884,0.598,347.72,3.74,100.0,0
4.142,3.044,0.657,0.088,0.0553,7.8,1201,0.18,1482.4,92.0,19.3,Sand,1,5.1859,1409.7,72.7,290.23,0.04737,0.626,55.89,24.88,42.42,1
3.445,2.096,0.535,0.0271,0.0573,2.4,822,0.131,1549.3,223.7,10.9,Permanent,0,4.1525,1436.8,112.6,98.79,0.05463,0.732,11.9,40.0,98.82,0
3.651,2.05,0.543,0.0325,0.0694,3.2,666,0.105,1516.0,246.2,30.9,Permanent,0,4.3453,1431.4,84.7,52.33,0.06513,0.756,95.66,13.27,100.0,0
3.6,2.831,0.772,0.0634,0.0365,7.3,1218,0.093,1579.4,58.3,75.3,Sand,1,4.565,1426.5,152.9,154.45,0.03154,0.454,850.81,1.79,67.34,0
3.669,2.411,0.376,0.0117,0.0531,2.4,544,0.091,1557.8,192.7,21.3,Sand,1,4.4766,1428.0,129.8,29.94,0.05061,0.671,67.95,20.09,99.02,0
3.473,2.21,0.253,0.0211,0.0683,7.0,850,0.143,1507.4,185.4,24.3,Permanent,0,4.2169,1435.1,72.3,115.63,0.05944,0.596,59.29,22.3,98.3,0
3.993,2.164,0.21,0.0722,0.0578,14.2,238,0.151,1486.1,81.3,67.4,Permanent,0,4.7388,1420.9,65.3,9.59,0.04346,0.451,454.69,3.09,84.96,0
4.04,2.452,0.249,0.076,0.0357,17.3,209,0.249,1499.0,121.2,49.7,Permanent,0,4.8824,1417.3,81.7,12.17,0.02528,0.195,247.29,5.57,77.62,0
3.45,2.585,0.532,0.0481,0.0689,4.0,871,0.109,1542.4,195.6,24.6,Sand,1,4.3274,1432.7,109.7,92.72,0.06368,0.776,90.81,14.83,100.0,0
3.571,2.311,0.456,0.0454,0.0656,4.2,503,0.122,1504.9,166.6,57.5,Sand,1,4.3564,1431.5,73.4,34.47,0.0603,0.67,496.12,2.7,99.35,0
3.347,2.561,0.418,0.039,0.0535,3.7,624,0.107,1505.8,190.1,42.4,Permanent,0,4.2134,1435.8,70.0,46.69,0.04973,0.692,179.59,7.33,100.0,0
3.408,2.248,0.401,0.0333,0.0396,7.9,647,0.162,1539.6,284.1,18.9,Sand,1,4.1683,1436.6,103.0,75.82,0.03384,0.463,53.48,23.48,97.74,0
3.73,1.767,0.692,0.0203,0.0501,15.6,252,0.179,1511.4,100.2,21.1,Die,2,4.3262,1431.4,80.0,12.72,0.03668,0.327,35.64,39.59,87.29,0
3.674,2.472,0.381,0.0276,0.0562,6.9,691,0.118,1547.8,202.3,10.1,Permanent,0,4.5072,1427.4,120.5,62.79,0.04899,0.556,10.18,40.0,100.0,0
3.681,1.907,0.346,0.0296,0.0447,5.3,847,0.113,1559.1,278.2,38.2,Die,2,4.3262,1431.7,127.4,90.47,0.04021,0.53,116.46,11.0,100.0,0
3.599,1.924,0.48,0.0227,0.056,2.5,529,0.166,1542.0,157.0,14.5,Permanent,0,4.2482,1433.8,108.1,52.15,0.05333,0.701,20.98,40.0,100.0,0
3.341,2.009,0.405,0.0444,0.0663,6.5,872,0.093,1554.9,264.7,16.8,Permanent,0,4.0252,1440.4,114.5,79.3,0.05817,0.67,28.25,40.0,100.0,0
3.337,1.945,0.277,0.0122,0.0686,4.8,702,0.109,1518.6,197.8,23.9,Permanent,0,3.989,1441.0,77.6,59.78,0.06231,0.752,57.03,23.16,100.0,0
3.601,2.544,0.277,0.0232,0.0494,2.0,673,0.123,1535.9,174.5,22.8,Permanent,0,4.4566,1428.8,107.1,62.3,0.04739,0.671,51.94,26.21,100.0,0
3.113,2.226,0.699,0.0738,0.0363,17.3,249,0.184,1591.5,67.0,38.8,Permanent,0,3.879,1445.0,146.5,12.75,0.02567,0.298,150.78,10.11,63.41,0
3.639,2.198,0.262,0.014,0.0618,6.7,889,0.107,1550.0,235.8,44.9,Die,2,4.3762,1430.5,119.5,94.24,0.05406,0.731,160.97,8.16,100.0,0
3.707,2.023,0.289,0.0226,0.0574,6.3,501,0.177,1555.1,269.9,23.5,Permanent,0,4.3888,1430.0,125.0,49.55,0.0506,0.616,55.14,23.31,100.0,0
3.644,2.011,0.322,0.0124,0.0537,6.3,663,0.146,1528.3,159.0,58.9,Permanent,0,4.3185,1431.9,96.4,71.5,0.04728,0.591,346.62,3.95,100.0,0
3.711,2.376,0.282,0.0428,0.046,4.4,632,0.153,1544.0,194.2,45.6,Sand,1,4.5175,1427.1,116.9,68.38,0.0422,0.603,312.23,4.32,100.0,0
3.585,2.244,0.466,0.0236,0.0436,2.7,704,0.088,1527.3,199.5,17.5,Permanent,0,4.3409,1431.7,95.6,48.65,0.0413,0.573,30.52,40.0,100.0,0
3.449,2.04,0.691,0.0335,0.0338,12.9,1587,0.179,1578.6,99.6,24.9,Permanent,0,4.14,1437.1,141.5,502.93,0.02614,0.275,62.19,23.78,0.47,1
3.592,2.554,0.371,0.022,0.0407,6.4,858,0.113,1546.1,272.3,23.7,Permanent,0,4.4508,1429.0,117.1,93.35,0.0358,0.473,56.29,22.63,100.0,0
3.366,2.518,0.445,0.0213,0.0704,6.6,831,0.111,1515.4,233.2,15.7,Sand,1,4.2122,1435.6,79.7,85.95,0.0616,0.707,36.76,34.88,97.11,0
3.657,1.944,0.366,0.0255,0.075,2.3,778,0.1,1501.7,174.4,57.2,Permanent,0,4.313,1432.1,69.6,67.87,0.07164,0.863,327.7,4.05,96.82,0
3.504,2.187,0.262,0.0456,0.0427,4.8,593,0.14,1540.6,243.9,46.6,Sand,1,4.2488,1434.4,106.2,54.96,0.03875,0.633,326.4,3.97,100.0,0
3.235,2.54,0.731,0.0297,0.044,8.9,1424,0.187,1542.7,133.5,34.5,Sand,1,4.0915,1439.1,103.6,423.38,0.03679,0.41,178.51,7.89,33.62,1
3.634,2.089,0.55,0.0211,0.0573,2.3,564,0.085,1517.6,207.9,40.0,Permanent,0,4.3377,1431.5,86.0,30.09,0.05479,0.73,159.89,8.19,99.2,0
3.393,2.576,0.27,0.045,0.0403,5.4,821,0.083,1556.0,180.9,21.5,Permanent,0,4.267,1434.4,121.7,62.8,0.03622,0.511,46.29,29.71,99.34,0
3.604,2.104,0.342,0.0228,0.0465,4.2,748,0.161,1540.8,166.8,59.6,Sand,1,4.3127,1432.3,108.6,100.96,0.04274,0.639,532.27,2.58,100.0,0
3.544,2.232,0.449,0.0159,0.0561,2.3,763,0.119,1507.6,172.6,21.4,Die,2,4.2937,1432.9,74.7,77.58,0.05358,0.66,36.62,36.46,100.0,0
3.364,2.567,0.371,0.0155,0.0642,2.8,696,0.133,1520.5,158.7,31.7,Permanent,0,4.2251,1435.3,85.2,71.75,0.06068,0.787,100.25,13.58,100.0,0
3.666,2.576,0.252,0.0287,0.0498,3.9,573,0.106,1507.9,235.4,29.9,Permanent,0,4.5347,1426.7,81.2,39.11,0.0461,0.603,89.23,14.26,100.0,0
3.776,2.082,0.546,0.0108,0.0406,5.0,746,0.122,1525.5,178.3,54.0,Permanent,0,4.4734,1427.6,97.8,76.04,0.03672,0.571,291.67,4.62,100.0,0
3.081,2.089,0.758,0.0609,0.0415,8.4,1538,0.223,1504.7,63.4,51.4,Permanent,0,3.7977,1447.0,57.7,589.25,0.03511,0.467,264.65,5.45,0.0,1
3.703,2.223,0.377,0.0132,0.0493,6.6,587,0.139,1513.7,222.1,48.8,Permanent,0,4.4487,1428.5,85.1,53.6,0.04315,0.593,238.19,5.42,100.0,0
3.353,2.242,0.37,0.0183,0.0592,7.0,644,0.149,1544.8,194.3,18.6,Sand,1,4.106,1438.2,106.6,69.18,0.05143,0.635,51.85,26.04,100.0,0
3.364,2.447,0.257,0.0495,0.0486,6.4,776,0.171,1550.0,154.3,56.5,Die,2,4.1962,1436.2,113.8,115.09,0.04271,0.519,254.95,5.47,97.7,0
3.316,2.643,0.427,0.029,0.0552,7.6,858,0.135,1557.4,263.6,15.6,Sand,1,4.2063,1436.0,121.4,111.35,0.04741,0.498,36.67,35.29,99.12,0
3.687,2.067,0.41,0.0238,0.0627,6.8,857,0.124,1504.0,194.2,16.9,Sand,1,4.3841,1430.2,73.8,101.5,0.05473,0.711,42.74,30.64,100.0,0
3.488,3.02,0.22,0.085,0.0274,13.3,573,0.129,1501.8,50.9,58.7,Permanent,0,4.523,1428.2,73.6,47.29,0.02095,0.27,344.93,4.21,78.73,0
3.515,2.244,0.301,0.045,0.0412,5.1,509,0.158,1526.4,205.4,39.2,Permanent,0,4.2782,1433.6,92.8,45.71,0.03722,0.586,153.59,8.6,100.0,0
4.139,3.118,0.64,0.0358,0.0502,14.1,227,0.099,1606.2,142.4,33.1,Sand,1,5.1899,1409.2,197.0,5.68,0.03787,0.403,164.43,8.9,56.63,1
3.38,2.097,0.404,0.0136,0.0382,5.6,655,0.152,1541.1,230.2,40.7,Sand,1,4.0833,1438.6,102.5,72.61,0.03414,0.544,249.02,5.26,96.25,0
3.307,2.102,0.466,0.0425,0.0686,8.0,546,0.107,1539.1,175.7,58.8,Sand,1,4.0223,1440.6,98.6,35.63,0.05849,0.624,518.86,2.63,100.0,0
4.043,3.136,0.622,0.034,0.0566,7.7,353,0.096,1557.3,83.1,19.9,Permanent,0,5.0996,1411.7,145.6,13.39,0.04857,0.595,39.7,37.13,70.95,0
3.693,2.575,0.431,0.0473,0.0719,2.1,819,0.119,1539.8,185.9,55.8,Sand,1,4.5665,1426.0,113.8,89.57,0.06899,0.96,467.18,2.9,100.0,0
3.406,2.554,0.307,0.0277,0.0666,5.3,529,0.104,1555.4,245.9,31.6,Die,2,4.2666,1434.2,121.2,32.46,0.05992,0.676,80.14,16.34,100.0,0
3.73,1.721,0.758,0.0711,0.0481,13.7,546,0.108,1603.4,96.4,71.4,Die,2,4.327,1431.8,171.6,36.04,0.03658,0.427,407.58,3.7,80.38,0
3.448,2.123,0.426,0.0268,0.0644,2.0,688,0.139,1511.1,196.9,30.0,Sand,1,4.1643,1436.5,74.6,73.56,0.06181,0.777,134.63,9.76,100.0,0
3.28,1.542,0.261,0.0412,0.0499,11.3,1587,0.189,1582.9,51.6,64.2,Sand,1,3.8075,1445.8,137.1,531.09,0.03986,0.481,619.01,2.47,0.0,1
3.463,2.234,0.426,0.0367,0.0578,7.3,829,0.082,1510.9,258.0,43.4,Sand,1,4.2201,1435.2,75.7,62.78,0.04997,0.607,282.99,4.43,100.0,0
3.557,2.518,0.454,0.0286,0.0391,7.1,810,0.133,1509.8,228.6,27.7,Permanent,0,4.4063,1430.2,79.6,97.41,0.03399,0.409,76.65,16.72,99.05,0
3.592,2.367,0.36,0.0242,0.0395,4.2,730,0.169,1500.2,219.9,48.2,Permanent,0,4.3886,1430.5,69.7,100.43,0.03634,0.562,232.11,5.52,100.0,0
3.514,2.15,0.325,0.0161,0.0574,6.2,631,0.091,1521.4,150.9,29.1,Permanent,0,4.2359,1434.4,86.9,40.38,0.05065,0.642,84.9,16.14,100.0,0
3.388,2.416,0.522,0.0419,0.0562,7.6,739,0.125,1509.4,283.3,57.8,Sand,1,4.2076,1435.8,73.6,76.22,0.0483,0.653,500.83,2.45,99.71,0
3.334,2.268,0.419,0.0434,0.0742,2.1,694,0.118,1547.6,201.0,12.2,Permanent,0,4.1042,1438.5,109.1,63.53,0.0711,0.803,14.81,40.0,96.78,0
3.504,2.305,0.26,0.0324,0.04,3.2,887,0.119,1554.7,216.7,23.9,Sand,1,4.2829,1433.5,121.2,104.99,0.03756,0.579,86.01,15.56,100.0,0
3.603,2.651,0.317,0.0304,0.0466,3.1,564,0.164,1530.6,183.1,24.2,Permanent,0,4.4968,1427.9,102.7,58.26,0.04375,0.571,58.54,23.02,99.83,0
3.675,2.404,0.336,0.0428,0.0515,6.7,708,0.177,1520.4,205.8,41.0,Permanent,0,4.4908,1427.9,92.5,99.11,0.04509,0.616,167.81,7.83,100.0,0
3.742,3.154,0.539,0.0736,0.0338,16.7,1380,0.222,1528.9,147.6,22.7,Permanent,0,4.8178,1420.0,108.9,473.45,0.02421,0.287,51.3,26.92,16.64,1
3.93,2.97,0.191,0.044,0.0228,10.6,1290,0.092,1596.0,148.9,62.2,Sand,1,4.9348,1416.2,179.8,171.18,0.01842,0.292,580.13,2.49,49.04,1
3.711,2.063,0.254,0.0402,0.0407,7.7,839,0.093,1507.2,238.0,10.3,Die,2,4.4124,1429.6,77.6,73.29,0.03491,0.426,8.41,40.0,98.84,0
3.911,2.658,0.399,0.0353,0.0421,11.2,1167,0.21,1513.9,105.8,19.1,Sand,1,4.8092,1419.2,94.7,318.81,0.03361,0.415,54.77,25.71,47.78,1
3.612,2.571,0.48,0.0496,0.0676,4.2,817,0.086,1538.2,242.9,19.8,Permanent,0,4.4851,1428.3,109.8,64.07,0.06216,0.77,39.03,33.19,100.0,0
3.466,2.334,0.769,0.0945,0.0497,11.5,1541,0.21,1476.4,157.9,66.2,Sand,1,4.2757,1434.3,42.1,556.84,0.03949,0.501,657.98,2.0,3.36,1
3.407,2.479,0.489,0.0223,0.0719,5.7,573,0.113,1535.2,236.5,16.3,Die,2,4.2404,1434.8,100.5,41.56,0.06419,0.69,21.33,40.0,97.46,0
3.566,2.407,0.545,0.0372,0.0637,5.0,542,0.147,1506.4,204.2,23.2,Sand,1,4.3808,1430.9,75.5,48.22,0.05759,0.66,80.66,16.14,100.0,0
3.606,2.029,0.513,0.0365,0.0515,6.7,828,0.101,1516.0,213.6,19.8,Sand,1,4.295,1432.8,83.2,77.19,0.04505,0.532,59.03,22.07,100.0,0
3.301,2.941,0.385,0.0627,0.0303,8.6,1334,0.168,1594.6,120.1,69.2,Permanent,0,4.3021,1434.0,160.6,333.98,0.02547,0.38,479.21,3.08,33.08,1
3.781,2.391,0.359,0.0433,0.0542,3.6,744,0.119,1522.7,178.3,23.3,Permanent,0,4.5928,1425.0,97.7,73.48,0.05043,0.64,54.31,24.75,100.0,0
3.768,2.101,0.319,0.0245,0.0688,2.8,731,0.117,1503.1,190.3,34.5,Die,2,4.4766,1427.7,75.4,69.98,0.06498,0.826,95.13,13.8,100.0,0
3.523,2.381,0.301,0.0421,0.0692,2.6,525,0.157,1513.7,282.3,39.7,Permanent,0,4.3303,1432.3,81.4,48.27,0.06561,0.822,157.68,7.81,98.2,0
3.689,1.919,0.411,0.0169,0.0708,6.6,852,0.086,1522.6,231.3,20.4,Permanent,0,4.3338,1431.4,91.3,69.52,0.0621,0.744,41.67,30.99,100.0,0
3.045,3.197,0.415,0.024,0.0547,17.0,223,0.14,1548.0,95.6,64.1,Permanent,0,4.1185,1439.2,108.9,7.75,0.03895,0.421,410.87,3.53,85.66,0
3.524,1.684,0.285,0.0322,0.0388,15.3,427,0.101,1608.7,85.3,48.5,Permanent,0,4.0963,1437.8,170.8,20.46,0.02861,0.254,235.08,6.48,65.0,0
3.584,2.054,0.491,0.0438,0.0398,3.1,682,0.105,1553.7,255.0,48.0,Sand,1,4.2828,1433.2,120.5,54.7,0.03742,0.564,345.12,3.76,98.58,0
3.621,2.033,0.489,0.0405,0.0547,5.2,622,0.084,1537.1,227.2,40.4,Sand,1,4.3127,1432.3,104.8,36.48,0.04925,0.635,244.58,5.36,100.0,0
3.429,2.081,0.462,0.0428,0.0461,6.1,536,0.144,1522.4,234.9,29.2,Die,2,4.1371,1437.3,85.0,46.21,0.04086,0.517,68.27,18.86,96.34,0
3.764,2.671,0.337,0.0146,0.0531,3.8,642,0.092,1531.5,185.7,35.6,Die,2,4.6588,1423.3,108.3,42.41,0.04915,0.649,101.14,13.31,100.0,0
3.536,2.401,0.319,0.0469,0.0633,5.0,790,0.135,1526.4,172.4,28.8,Permanent,0,4.3518,1431.8,94.7,94.44,0.05724,0.714,82.93,16.33,100.0,0
3.475,2.115,0.425,0.0362,0.039,3.7,625,0.085,1529.3,222.9,46.5,Die,2,4.1923,1435.8,93.5,37.3,0.03622,0.528,173.15,7.54,100.0,0
3.226,2.54,0.541,0.076,0.0422,10.3,548,0.107,1536.3,113.2,15.5,Sand,1,4.0984,1439.3,97.0,35.94,0.03433,0.436,36.26,39.25,87.55,0
3.06,3.2,0.281,0.0838,0.0356,8.7,1223,0.079,1504.9,98.3,42.7,Permanent,0,4.1544,1438.7,66.1,131.41,0.02991,0.41,182.62,7.7,81.62,0
3.561,2.278,0.282,0.021,0.0617,3.4,704,0.099,1544.2,199.1,24.8,Die,2,4.3275,1432.1,112.2,54.66,0.05765,0.75,49.03,27.43,100.0,0
3.745,1.972,0.414,0.0482,0.043,7.2,566,0.087,1508.5,253.6,18.0,Sand,1,4.4187,1429.4,79.2,31.05,0.03725,0.541,48.53,25.86,96.74,0
3.54,2.501,0.412,0.0293,0.048,7.0,756,0.083,1523.3,247.5,27.8,Permanent,0,4.3839,1430.9,92.4,53.03,0.04173,0.565,77.3,16.5,99.51,0
3.361,2.204,0.347,0.0317,0.0714,4.4,795,0.162,1547.9,259.2,48.3,Permanent,0,4.1061,1438.3,109.7,114.48,0.06537,0.831,233.01,5.53,93.62,0
3.542,2.317,0.388,0.0315,0.0414,4.9,624,0.104,1520.9,298.8,43.3,Sand,1,4.3245,1432.3,88.6,45.13,0.03752,0.439,281.1,4.35,100.0,0
3.786,2.116,0.433,0.0115,0.0747,4.6,549,0.112,1518.5,296.9,54.5,Permanent,0,4.4948,1427.1,91.4,37.62,0.06822,0.776,297.46,4.11,100.0,0
3.119,2.485,0.285,0.0328,0.0484,17.2,1533,0.169,1593.6,72.9,37.9,Sand,1,3.9579,1442.8,150.8,444.5,0.03428,0.286,215.6,7.05,6.44,1
3.608,1.974,0.347,0.034,0.0632,6.7,774,0.114,1514.6,284.8,44.5,Permanent,0,4.2773,1433.2,81.4,76.2,0.05523,0.718,197.85,6.22,100.0,0
3.37,2.042,0.373,0.0312,0.057,7.8,677,0.17,1536.8,211.4,15.1,Permanent,0,4.061,1439.3,97.5,87.14,0.04877,0.538,22.9,40.0,100.0,0
3.705,2.337,0.346,0.0289,0.0565,6.3,699,0.11,1517.2,268.4,35.2,Permanent,0,4.4934,1427.6,89.6,60.09,0.04987,0.677,124.01,10.07,100.0,0
3.43,2.272,0.509,0.0141,0.0565,5.0,712,0.159,1507.8,259.5,34.2,Die,2,4.192,1435.8,72.0,89.95,0.05115,0.636,93.7,13.32,99.21,0
3.487,2.359,0.291,0.0162,0.0451,2.1,616,0.116,1543.7,268.4,44.0,Sand,1,4.2783,1433.5,110.2,49.02,0.04321,0.6,290.18,4.39,99.83,0
3.602,1.951,0.45,0.0325,0.0389,4.7,876,0.083,1539.6,235.0,36.8,Permanent,0,4.263,1433.5,106.1,71.0,0.03548,0.541,135.7,9.61,100.0,0
3.414,2.249,0.372,0.04,0.0509,4.9,826,0.106,1527.3,266.4,21.3,Permanent,0,4.177,1436.4,90.9,80.51,0.04615,0.689,45.28,27.85,100.0,0
3.59,2.156,0.296,0.0243,0.0722,5.8,746,0.127,1510.1,259.2,17.2,Sand,1,4.3174,1432.2,77.8,79.06,0.0643,0.707,44.28,28.25,100.0,0
3.425,2.209,0.401,0.0481,0.0657,4.2,877,0.122,1522.9,293.9,24.5,Die,2,4.1779,1436.4,86.5,104.93,0.06041,0.746,47.91,25.65,99.71,0
3.468,2.659,0.395,0.0244,0.0654,4.2,674,0.11,1541.2,225.5,54.4,Sand,1,4.3623,1431.6,109.6,55.96,0.06016,0.748,443.53,2.97,100.0,0
3.711,2.49,0.396,0.0472,0.0479,2.3,721,0.166,1554.1,291.9,14.9,Sand,1,4.5569,1426.2,127.9,96.36,0.04574,0.606,33.18,38.04,100.0,0
3.828,3.031,0.51,0.0451,0.0349,11.2,522,0.069,1520.4,78.8,34.2,Permanent,0,4.8534,1418.6,101.9,21.16,0.0279,0.344,116.92,12.33,76.79,0
3.516,2.063,0.279,0.0297,0.0747,7.9,522,0.101,1512.5,160.1,41.2,Permanent,0,4.2139,1435.0,77.5,30.77,0.06382,0.685,169.75,7.97,94.23,0
3.312,2.021,0.466,0.0244,0.0543,7.9,539,0.177,1545.7,233.9,34.2,Die,2,3.9936,1441.1,104.6,57.35,0.04643,0.573,93.36,14.05,99.4,0
3.437,2.162,0.515,0.0359,0.0459,4.7,785,0.175,1557.4,214.1,36.5,Sand,1,4.1701,1436.5,121.0,120.58,0.0418,0.521,199.76,6.72,100.0,0
3.485,2.229,0.543,0.026,0.0509,4.3,828,0.123,1542.5,164.2,20.8,Permanent,0,4.2361,1434.6,107.9,94.61,0.04672,0.625,43.46,31.72,97.75,0
3.608,2.542,0.489,0.0146,0.048,6.5,511,0.098,1537.9,249.7,25.8,Permanent,0,4.4605,1428.6,109.3,28.69,0.04215,0.508,66.49,19.38,99.01,0
3.338,2.6,0.282,0.0189,0.0566,2.8,666,0.153,1544.5,228.7,42.1,Permanent,0,4.2107,1435.7,108.7,75.85,0.05349,0.693,176.93,7.44,97.26,0
3.471,2.551,0.281,0.0473,0.0454,2.5,662,0.094,1533.4,240.7,12.1,Permanent,0,4.3371,1432.4,101.0,46.03,0.04313,0.576,14.71,40.0,100.0,0
3.458,2.116,0.545,0.0333,0.0592,5.4,685,0.173,1558.9,241.1,33.7,Permanent,0,4.1745,1436.2,122.6,90.84,0.05312,0.712,113.27,11.63,99.32,0
3.702,2.321,0.504,0.0423,0.0659,5.6,821,0.15,1520.3,169.0,33.5,Permanent,0,4.4898,1427.8,92.5,113.05,0.05887,0.712,112.36,12.03,100.0,0
3.697,2.502,0.417,0.0264,0.0402,6.9,797,0.096,1559.6,189.3,53.0,Die,2,4.5401,1426.5,133.2,68.29,0.035,0.46,225.06,6.09,98.98,0
3.665,1.587,0.376,0.096,0.0532,12.8,500,0.168,1545.5,106.5,60.5,Permanent,0,4.2259,1434.7,110.8,47.01,0.04118,0.519,366.06,3.93,97.52,0
3.628,1.906,0.444,0.046,0.0712,3.7,737,0.108,1529.2,222.6,51.9,Die,2,4.279,1433.2,96.1,65.6,0.06612,0.727,215.76,6.06,100.0,0
3.711,2.628,0.28,0.031,0.0678,7.3,736,0.137,1544.5,232.3,13.6,Permanent,0,4.5971,1425.1,119.4,83.3,0.0586,0.673,18.47,40.0,100.0,0
4.13,2.021,0.172,0.0573,0.0462,11.4,410,0.078,1538.5,97.9,26.5,Die,2,4.8228,1418.2,120.3,14.7,0.0368,0.456,56.39,25.55,83.65,0
3.647,1.906,0.353,0.0103,0.038,5.6,876,0.1,1529.7,253.8,47.6,Permanent,0,4.2861,1432.6,97.1,86.16,0.03401,0.491,226.82,5.63,100.0,0
3.482,2.257,0.32,0.033,0.0468,3.9,765,0.114,1512.8,195.7,57.8,Permanent,0,4.2458,1434.4,78.4,74.49,0.0433,0.597,334.58,3.94,99.59,0
3.773,2.048,0.253,0.0469,0.0535,7.0,573,0.166,1559.1,283.4,49.7,Die,2,4.4712,1428.0,131.1,60.75,0.04651,0.553,197.67,6.45,95.52,0
3.783,2.028,0.438,0.044,0.0438,7.7,879,0.15,1549.0,208.0,44.8,Die,2,4.4738,1427.8,121.1,129.34,0.03758,0.465,160.27,8.37,95.05,0
3.783,2.086,0.384,0.0339,0.0593,7.6,607,0.082,1541.8,284.6,50.3,Die,2,4.4894,1427.4,114.5,33.99,0.05091,0.643,202.59,6.21,100.0,0
3.471,2.55,0.458,0.016,0.0578,6.9,603,0.098,1508.1,257.7,44.0,Sand,1,4.3262,1432.4,75.7,39.65,0.05034,0.618,290.67,4.3,100.0,0
3.472,2.102,0.742,0.0221,0.0422,9.8,1526,0.162,1559.6,159.3,80.1,Die,2,4.1801,1436.0,123.6,421.47,0.03467,0.457,513.71,2.73,38.21,1
3.393,2.397,0.296,0.0217,0.0386,4.3,570,0.165,1511.8,185.6,26.9,Sand,1,4.199,1435.8,76.0,60.1,0.03544,0.56,108.37,12.24,100.0,0
3.599,2.485,0.334,0.0445,0.0491,4.7,766,0.179,1553.8,270.7,19.2,Sand,1,4.4418,1429.4,124.4,117.57,0.04472,0.577,55.34,23.19,100.0,0
3.062,1.566,0.58,0.0312,0.0357,7.1,584,0.067,1569.9,79.9,64.1,Permanent,0,3.594,1451.7,118.1,25.39,0.03101,0.429,411.23,3.62,77.34,0
3.0,2.652,0.439,0.07,0.0453,5.9,287,0.118,1539.0,56.7,60.7,Sand,1,3.9074,1444.8,94.2,10.88,0.04027,0.519,553.15,2.68,77.34,0
3.188,3.158,0.264,0.0389,0.0579,15.1,385,0.225,1504.9,139.4,87.7,Sand,1,4.2542,1435.5,69.4,37.3,0.04285,0.434,1154.48,1.18,96.25,0
3.942,3.119,0.243,0.0223,0.0394,9.2,589,0.141,1452.9,55.9,13.3,Sand,1,4.9894,1414.7,38.3,54.65,0.03272,0.516,26.5,40.0,68.84,0
3.516,2.069,0.259,0.0197,0.049,6.6,657,0.169,1521.4,276.8,33.2,Sand,1,4.2128,1435.0,86.4,81.47,0.04294,0.561,165.28,7.53,100.0,0
3.414,2.689,0.311,0.0386,0.0398,2.4,530,0.087,1505.7,215.7,18.6,Sand,1,4.3232,1432.9,72.8,27.4,0.03789,0.46,51.91,24.85,99.81,0
4.06,2.841,0.758,0.08,0.0506,8.9,1102,0.126,1575.2,87.3,79.0,Sand,1,5.0335,1413.6,161.6,170.77,0.04231,0.531,936.67,1.59,60.84,1
3.619,3.043,0.291,0.0639,0.0295,11.0,1529,0.162,1543.4,58.3,52.0,Permanent,0,4.6543,1424.3,119.1,423.28,0.02366,0.353,270.02,5.5,15.47,1
3.607,1.928,0.501,0.0305,0.0726,6.0,524,0.17,1529.7,158.6,12.3,Permanent,0,4.2595,1433.6,96.1,52.28,0.06438,0.78,15.25,40.0,99.8,0
3.384,2.185,0.731,0.0661,0.0483,10.9,423,0.216,1606.8,134.0,80.2,Permanent,0,4.1344,1437.8,169.0,43.3,0.03882,0.513,642.52,2.29,84.6,0
3.333,2.106,0.399,0.0181,0.0573,7.8,672,0.114,1541.2,228.1,35.9,Die,2,4.0409,1439.8,101.4,57.48,0.04902,0.705,103.01,12.75,98.97,0
3.793,1.924,0.331,0.0253,0.066,3.2,590,0.136,1529.1,245.4,21.4,Sand,1,4.4427,1428.4,100.7,52.97,0.06196,0.761,68.67,18.69,100.0,0
3.631,2.024,0.365,0.0264,0.0505,6.3,804,0.16,1500.6,232.9,23.0,Sand,1,4.3147,1432.1,68.5,115.28,0.04454,0.587,79.47,15.95,99.59,0
3.525,2.67,0.448,0.0316,0.0474,7.2,636,0.169,1513.6,205.1,14.5,Sand,1,4.4258,1429.9,83.7,76.3,0.04099,0.548,31.51,40.0,100.0,0
4.037,2.367,0.154,0.0285,0.0466,16.5,1299,0.086,1545.8,137.7,19.3,Permanent,0,4.8357,1418.0,127.8,161.93,0.03348,0.321,37.14,37.91,77.26,0
3.636,2.546,0.398,0.0299,0.0435,7.6,672,0.122,1541.3,205.3,17.3,Permanent,0,4.4952,1427.8,113.4,61.5,0.03734,0.491,29.9,40.0,99.39,0
3.525,2.582,0.456,0.0285,0.042,3.8,524,0.16,1552.3,270.3,45.0,Die,2,4.3952,1430.6,121.6,49.06,0.03896,0.541,162.18,7.9,100.0,0
3.671,2.625,0.286,0.0401,0.0588,7.8,728,0.085,1523.8,188.4,32.5,Permanent,0,4.56,1426.2,97.6,50.25,0.05031,0.584,105.73,12.63,100.0,0
3.326,2.832,0.329,0.0547,0.0266,6.4,1296,0.193,1600.6,63.3,25.1,Die,2,4.288,1434.2,166.4,361.54,0.02344,0.402,50.51,30.43,19.1,1
3.702,2.058,0.374,0.0296,0.0583,7.8,781,0.157,1522.1,285.1,52.4,Permanent,0,4.3973,1429.9,92.2,107.34,0.04992,0.617,274.11,4.51,100.0,0
3.717,2.089,0.382,0.037,0.0625,6.9,595,0.129,1501.2,206.9,14.3,Sand,1,4.4256,1429.2,72.0,51.05,0.05445,0.664,30.76,40.0,99.65,0
4.069,3.107,0.156,0.0697,0.0529,16.5,300,0.113,1536.9,151.2,53.1,Die,2,5.1274,1411.2,125.7,11.4,0.03799,0.326,225.25,6.15,77.66,0
3.425,2.294,0.381,0.0362,0.0391,4.3,706,0.13,1513.1,220.9,47.3,Permanent,0,4.2014,1435.8,77.4,72.64,0.03585,0.483,223.42,5.78,98.24,0
3.132,3.126,0.658,0.0342,0.0318,7.3,1349,0.076,1600.9,85.1,31.7,Permanent,0,4.1858,1437.3,163.6,154.24,0.02747,0.407,100.81,15.04,68.76,0
3.764,2.07,0.264,0.0332,0.0416,2.3,880,0.141,1559.1,277.3,28.8,Permanent,0,4.4652,1428.0,131.1,121.94,0.03976,0.662,83.0,15.44,94.2,0
3.754,2.516,0.481,0.0475,0.0617,3.8,781,0.106,1518.5,282.0,46.8,Permanent,0,4.6085,1424.8,93.7,71.98,0.05713,0.731,219.03,5.65,100.0,0
3.309,2.217,0.468,0.0117,0.0458,7.0,861,0.101,1538.7,186.6,13.1,Permanent,0,4.052,1439.6,99.1,83.44,0.03981,0.534,17.07,40.0,99.48,0
3.435,2.069,0.276,0.0293,0.0517,4.7,553,0.162,1554.7,206.2,38.3,Permanent,0,4.1343,1437.3,117.4,55.13,0.04712,0.652,146.88,9.18,100.0,0
3.719,2.653,0.267,0.0304,0.056,7.2,591,0.094,1508.6,278.1,15.8,Permanent,0,4.6138,1424.6,84.0,36.53,0.04851,0.547,25.04,40.0,100.0,0
3.554,2.3,0.327,0.0183,0.0679,3.4,614,0.103,1507.5,218.0,41.6,Sand,1,4.3266,1432.1,75.5,43.27,0.06346,0.802,259.84,4.96,100.0,0
3.611,2.506,0.33,0.039,0.0461,5.6,558,0.093,1537.5,299.8,24.3,Sand,1,4.4594,1428.8,108.7,32.4,0.04117,0.536,88.79,13.94,100.0,0
3.321,2.102,0.393,0.0389,0.0741,5.7,616,0.103,1537.3,279.2,26.6,Die,2,4.0346,1440.2,97.1,43.49,0.06609,0.694,56.47,22.28,95.16,0
3.736,1.97,0.522,0.0305,0.05,4.2,560,0.139,1523.8,154.3,16.5,Permanent,0,4.4024,1429.6,94.2,48.61,0.04593,0.612,27.25,40.0,95.45,0
3.592,1.992,0.453,0.0411,0.0476,7.0,664,0.157,1553.9,248.1,26.0,Permanent,0,4.2695,1433.5,120.5,77.55,0.04136,0.583,67.56,19.33,98.33,0
3.452,1.968,0.322,0.0348,0.0729,6.4,751,0.128,1527.3,272.2,21.0,Permanent,0,4.1198,1437.6,89.7,80.87,0.06413,0.739,43.92,28.58,98.74,0
3.565,2.458,0.54,0.0435,0.0645,2.3,649,0.11,1520.1,247.9,51.8,Permanent,0,4.3993,1430.5,89.6,51.71,0.06164,0.769,268.69,4.74,100.0,0
3.634,2.152,0.395,0.0334,0.0421,3.3,505,0.128,1538.6,175.1,40.4,Sand,1,4.3628,1431.0,107.6,36.59,0.03943,0.551,245.03,5.56,99.67,0
3.412,2.398,0.403,0.0405,0.0703,5.2,824,0.107,1518.6,266.2,19.4,Permanent,0,4.225,1435.3,83.3,80.83,0.06335,0.737,37.82,33.11,100.0,0
3.669,2.618,0.254,0.0205,0.0636,7.3,610,0.13,1529.3,165.8,58.0,Die,2,4.5483,1426.3,102.9,54.17,0.05497,0.732,268.86,5.07,100.0,0
3.605,2.711,0.697,0.0883,0.031,8.5,1587,0.067,1465.5,56.9,62.7,Permanent,0,4.5387,1427.4,38.2,189.72,0.02619,0.428,393.6,3.58,64.3,0
4.193,1.943,0.729,0.0992,0.0345,13.0,1598,0.079,1541.7,111.0,66.5,Permanent,0,4.874,1417.0,124.7,225.29,0.02659,0.334,442.83,3.23,57.73,1
3.547,2.113,0.375,0.011,0.0417,6.0,743,0.179,1528.1,253.3,34.9,Sand,1,4.2551,1433.8,94.3,110.62,0.037,0.484,182.57,6.98,100.0,0
3.537,2.025,0.544,0.044,0.0376,13.5,232,0.183,1584.5,104.7,7.8,Permanent,0,4.2268,1434.8,149.8,11.03,0.0287,0.262,6.1,40.0,71.74,0
3.61,1.932,0.502,0.0174,0.0388,7.3,598,0.102,1513.3,270.3,24.9,Die,2,4.2594,1433.5,79.8,40.57,0.03354,0.424,49.49,25.12,100.0,0
3.237,2.402,0.356,0.0584,0.0219,14.9,379,0.094,1482.9,103.7,75.9,Permanent,0,4.0569,1440.2,42.8,15.08,0.01623,0.208,575.93,2.39,62.73,0
3.751,2.644,0.454,0.0186,0.053,4.9,875,0.163,1524.6,250.5,53.5,Die,2,4.6382,1423.8,100.8,139.11,0.04807,0.587,229.25,5.56,95.51,0
3.379,2.092,0.663,0.0464,0.0357,17.7,1217,0.117,1536.8,156.4,89.1,Permanent,0,4.0913,1438.7,98.1,193.9,0.02505,0.189,793.67,1.74,65.68,0
3.422,3.054,0.219,0.0285,0.0238,7.2,1382,0.085,1526.5,132.1,70.1,Permanent,0,4.4493,1429.8,96.7,181.14,0.0206,0.365,490.8,2.84,68.96,0
3.469,2.031,0.28,0.0274,0.0623,4.1,611,0.097,1527.3,204.2,32.7,Permanent,0,4.1556,1436.6,90.6,40.35,0.05743,0.656,107.04,12.36,99.19,0
3.376,1.964,0.387,0.0343,0.0416,2.3,554,0.14,1509.2,248.1,31.1,Sand,1,4.0422,1439.8,69.5,47.96,0.03968,0.613,145.46,8.67,100.0,0
3.394,2.266,0.424,0.0163,0.071,6.6,618,0.131,1516.8,191.9,49.3,Sand,1,4.1549,1436.8,80.0,56.06,0.06217,0.747,364.26,3.64,99.97,0
3.669,2.296,0.479,0.0188,0.0411,5.5,650,0.083,1511.8,236.7,21.6,Permanent,0,4.4405,1428.9,82.9,39.21,0.03682,0.593,46.82,27.24,96.68,0
3.351,2.52,0.337,0.0479,0.0384,2.7,851,0.113,1503.2,263.8,50.6,Sand,1,4.2074,1436.0,67.2,91.25,0.03639,0.523,384.36,3.22,100.0,0
3.702,2.009,0.368,0.0131,0.0432,8.0,676,0.153,1530.0,211.2,30.8,Sand,1,4.3763,1430.3,99.7,78.15,0.03682,0.465,142.01,9.29,98.96,0
3.612,1.939,0.384,0.0119,0.0446,6.2,822,0.149,1541.3,229.2,30.5,Permanent,0,4.2621,1433.4,107.9,112.42,0.03942,0.495,93.28,14.07,100.0,0
3.254,1.514,0.223,0.052,0.0575,6.5,477,0.239,1570.0,78.9,81.0,Sand,1,3.7765,1446.8,123.2,60.69,0.05046,0.659,983.83,1.52,88.86,0
3.617,1.94,0.439,0.0453,0.0644,7.8,797,0.137,1516.7,176.8,52.8,Sand,1,4.2786,1433.2,83.5,97.47,0.05503,0.602,418.37,3.2,99.23,0
3.427,1.969,0.411,0.011,0.0479,5.3,686,0.147,1546.6,158.9,57.7,Permanent,0,4.0873,1438.3,108.3,77.63,0.04313,0.561,332.45,4.17,100.0,0
3.513,2.152,0.532,0.0433,0.0569,3.3,788,0.173,1545.1,245.5,35.0,Permanent,0,4.2445,1434.4,110.6,120.25,0.05327,0.691,122.42,10.62,100.0,0
3.87,2.435,0.156,0.028,0.0293,12.8,553,0.093,1581.3,139.7,37.2,Sand,1,4.6909,1422.2,159.1,31.73,0.02271,0.264,208.1,6.93,71.91,0
3.626,2.047,0.523,0.0206,0.0581,7.8,876,0.179,1500.5,201.5,21.6,Permanent,0,4.3149,1432.1,68.4,153.34,0.04963,0.645,46.64,27.85,92.37,0
3.823,2.923,0.168,0.0698,0.0579,11.6,504,0.175,1451.8,85.3,16.0,Permanent,0,4.821,1419.6,32.3,49.58,0.04594,0.46,25.58,40.0,80.97,0
3.556,2.15,0.543,0.0218,0.0528,6.8,608,0.133,1555.9,182.3,13.7,Sand,1,4.2802,1433.2,122.7,55.04,0.04613,0.588,28.01,40.0,99.13,0
3.474,2.587,0.431,0.0103,0.0405,7.2,692,0.154,1514.0,249.3,11.1,Die,2,4.3397,1432.0,82.0,82.6,0.03507,0.448,9.94,40.0,100.0,0
3.041,2.65,0.337,0.093,0.05,15.5,1481,0.238,1513.0,159.8,65.1,Permanent,0,3.9558,1443.6,69.4,583.6,0.03664,0.355,423.59,3.19,0.0,1
3.444,2.188,0.404,0.013,0.0705,3.9,590,0.081,1555.5,154.6,39.7,Sand,1,4.1773,1436.1,119.4,31.43,0.06523,0.779,236.45,5.92,93.97,0
3.54,2.093,0.299,0.0337,0.0699,4.7,698,0.177,1555.2,222.6,34.7,Permanent,0,4.2495,1434.1,121.0,96.73,0.06366,0.716,120.35,11.07,100.0,0
3.921,2.926,0.777,0.026,0.0285,7.3,526,0.169,1567.1,91.9,86.5,Die,2,4.9054,1416.8,150.3,52.31,0.02465,0.261,598.36,2.47,71.07,0
4.121,1.913,0.385,0.0776,0.0532,14.0,581,0.216,1489.2,156.1,88.1,Permanent,0,4.7844,1419.3,69.9,81.4,0.04021,0.471,775.3,1.72,95.5,0
3.519,2.683,0.267,0.0234,0.0709,6.0,585,0.171,1524.8,155.3,57.1,Die,2,4.421,1430.0,94.8,65.36,0.06288,0.651,260.58,5.26,100.0,0
3.105,2.083,0.678,0.0377,0.0272,12.8,415,0.141,1490.3,130.6,27.3,Permanent,0,3.8122,1446.4,43.9,27.08,0.02103,0.27,74.45,18.26,71.75,0
3.439,2.11,0.388,0.0101,0.0614,4.3,690,0.177,1521.2,173.0,40.4,Permanent,0,4.1461,1436.8,84.4,94.39,0.05631,0.702,163.41,8.25,100.0,0
3.879,1.723,0.728,0.0661,0.0333,14.8,1296,0.082,1498.4,149.9,41.0,Sand,1,4.4757,1427.6,70.8,153.67,0.02477,0.29,252.36,5.34,83.75,0
3.332,2.269,0.434,0.0464,0.0676,5.5,543,0.117,1513.3,280.4,40.5,Permanent,0,4.1038,1438.6,74.7,38.55,0.06054,0.721,163.71,7.53,99.48,0
3.747,2.184,0.518,0.0458,0.0648,6.6,525,0.085,1529.0,202.1,37.0,Permanent,0,4.4902,1427.6,101.3,26.2,0.05677,0.661,136.84,9.7,100.0,0
3.351,2.491,0.326,0.0351,0.0549,6.4,780,0.153,1515.9,155.1,42.7,Sand,1,4.1928,1436.2,79.7,104.05,0.04833,0.611,273.71,4.97,98.42,0
3.542,2.62,0.457,0.0354,0.0709,5.7,728,0.167,1525.4,214.2,10.1,Permanent,0,4.4275,1429.9,95.6,99.27,0.06331,0.752,10.3,40.0,100.0,0
3.729,2.085,0.331,0.0469,0.0488,6.7,899,0.091,1506.1,271.6,51.0,Permanent,0,4.4396,1428.9,77.2,81.9,0.04267,0.61,260.48,4.74,100.0,0
3.743,2.26,0.382,0.0126,0.0435,6.1,665,0.173,1505.3,211.0,59.0,Permanent,0,4.501,1427.1,78.2,85.66,0.03857,0.51,348.28,3.72,98.49,0
3.528,2.099,0.257,0.0199,0.0552,4.0,506,0.124,1501.4,254.4,51.7,Permanent,0,4.2339,1434.4,67.0,35.61,0.051,0.714,267.34,4.66,100.0,0
3.542,2.036,0.613,0.0615,0.043,13.0,1496,0.13,1448.4,83.5,46.7,Sand,1,4.2411,1434.5,13.9,325.03,0.03312,0.373,326.71,4.18,30.4,1
3.785,2.162,0.272,0.0357,0.053,6.0,810,0.127,1557.4,194.3,10.6,Permanent,0,4.5171,1426.7,130.7,93.1,0.04703,0.625,11.25,40.0,100.0,0
3.403,2.308,0.586,0.0657,0.0336,12.7,367,0.055,1509.7,131.5,8.8,Sand,1,4.1937,1436.3,73.4,8.24,0.02606,0.343,11.58,40.0,77.54,0
3.593,2.493,0.403,0.0272,0.0498,5.1,531,0.13,1516.5,255.0,45.6,Sand,1,4.4328,1429.5,87.0,41.0,0.04495,0.559,311.96,4.04,100.0,0
3.565,2.759,0.445,0.0401,0.0416,15.0,444,0.117,1569.9,99.3,25.1,Permanent,0,4.4985,1428.1,141.9,25.69,0.03079,0.276,63.14,23.29,82.11,0
3.938,3.154,0.516,0.0231,0.0218,13.5,1336,0.21,1595.1,57.1,22.2,Sand,1,4.9974,1414.5,180.6,418.57,0.01669,0.263,74.05,20.77,0.0,1
4.063,1.921,0.64,0.0236,0.0206,16.7,388,0.214,1554.6,81.7,31.2,Sand,1,4.7111,1420.9,133.7,36.02,0.01473,0.136,145.71,10.11,74.47,0
3.638,2.236,0.518,0.044,0.0695,3.9,701,0.168,1535.7,237.2,43.9,Sand,1,4.3981,1430.2,105.4,92.14,0.06426,0.731,289.52,4.49,100.0,0
3.416,1.911,0.462,0.0304,0.0433,4.8,565,0.106,1520.5,254.4,25.4,Sand,1,4.0636,1439.0,81.4,37.84,0.03935,0.544,96.71,13.09,96.84,0
3.862,2.505,0.5,0.0538,0.0442,9.6,1370,0.105,1521.5,73.6,64.7,Permanent,0,4.7147,1421.8,99.7,220.06,0.03649,0.506,418.16,3.46,70.33,0
3.421,1.9,0.403,0.0151,0.0531,3.2,619,0.163,1515.5,289.1,24.4,Permanent,0,4.0595,1439.0,76.5,69.77,0.04973,0.718,59.39,20.65,99.18,0
3.597,2.446,0.36,0.0287,0.0585,5.0,628,0.145,1503.1,240.5,29.1,Sand,1,4.4216,1429.7,73.4,63.84,0.05297,0.608,126.67,9.97,100.0,0
3.563,2.638,0.513,0.0183,0.0601,2.2,504,0.119,1529.7,154.6,13.2,Permanent,0,4.448,1429.1,100.5,33.81,0.05753,0.633,17.42,40.0,99.51,0
3.473,2.449,0.421,0.0173,0.0663,2.8,596,0.089,1542.3,279.7,15.2,Permanent,0,4.2947,1433.2,109.1,35.49,0.06277,0.769,23.21,40.0,100.0,0
3.44,2.43,0.415,0.017,0.0452,5.1,603,0.145,1523.9,224.0,10.7,Permanent,0,4.2561,1434.2,89.7,58.89,0.04088,0.539,11.35,40.0,100.0,0
3.461,1.777,0.509,0.0218,0.0299,10.8,1586,0.201,1580.8,52.6,10.5,Sand,1,4.0604,1438.9,141.9,566.0,0.02412,0.412,16.65,40.0,0.0,1
3.495,2.219,0.345,0.0352,0.047,5.7,748,0.1,1558.0,253.3,23.1,Permanent,0,4.246,1434.4,123.6,62.37,0.04195,0.594,53.2,24.52,100.0,0
3.637,2.279,0.536,0.0401,0.0438,7.9,646,0.132,1556.6,196.2,27.5,Sand,1,4.4104,1429.9,126.7,61.66,0.03737,0.462,113.24,12.01,99.69,0
3.992,2.604,0.211,0.0964,0.0398,6.5,1220,0.174,1531.2,81.6,17.7,Permanent,0,4.8926,1417.4,113.8,290.0,0.03498,0.444,31.31,40.0,51.73,1
3.477,1.972,0.487,0.0423,0.0675,3.4,774,0.084,1519.3,223.3,30.5,Permanent,0,4.1485,1436.9,82.4,56.14,0.0631,0.787,93.28,13.89,100.0,0
4.194,2.773,0.244,0.0468,0.0468,9.7,352,0.077,1455.2,99.6,28.6,Permanent,0,5.1341,1410.4,44.8,10.59,0.03851,0.452,82.03,16.53,73.91,0
3.772,2.288,0.289,0.0315,0.0686,5.9,622,0.175,1510.7,155.5,58.8,Die,2,4.5451,1426.1,84.6,75.93,0.06096,0.68,276.33,4.9,100.0,0
3.374,2.605,0.253,0.0492,0.0642,2.3,537,0.09,1532.5,187.1,17.3,Permanent,0,4.2588,1434.7,97.8,28.89,0.06138,0.784,29.95,40.0,96.29,0
3.649,2.589,0.399,0.0374,0.0481,2.4,798,0.133,1545.5,208.5,22.6,Sand,1,4.5243,1427.1,118.4,94.29,0.0458,0.603,76.44,17.49,100.0,0
3.73,1.699,0.299,0.0758,0.0509,5.2,1502,0.174,1487.7,159.2,46.6,Die,2,4.3218,1432.0,55.7,440.01,0.04586,0.613,173.66,7.65,34.48,1
3.306,2.366,0.474,0.0112,0.0724,2.6,601,0.094,1502.7,176.8,36.5,Permanent,0,4.0987,1438.5,64.2,38.1,0.06875,0.843,133.11,9.96,100.0,0
3.922,1.472,0.283,0.0955,0.043,13.6,310,0.09,1540.5,120.0,10.1,Sand,1,4.4444,1428.4,112.1,9.7,0.03275,0.319,15.22,40.0,90.55,0
4.048,2.654,0.284,0.0259,0.0229,16.5,424,0.209,1574.0,151.6,23.0,Permanent,0,4.9416,1415.4,158.6,42.02,0.0165,0.216,53.03,26.82,68.16,0
4.062,2.697,0.306,0.0635,0.0504,7.2,1368,0.104,1538.4,66.1,89.4,Die,2,4.9824,1414.7,123.7,216.68,0.04361,0.554,638.85,2.3,63.28,0
3.128,1.962,0.317,0.0758,0.0476,10.4,459,0.248,1539.6,111.4,60.2,Sand,1,3.807,1446.7,92.8,58.26,0.03861,0.386,543.96,2.63,90.59,0
3.512,2.645,0.457,0.0333,0.0647,5.7,526,0.128,1557.3,231.8,39.6,Permanent,0,4.4053,1430.5,126.8,39.57,0.05774,0.701,157.1,8.44,99.62,0
4.158,1.751,0.17,0.0371,0.0457,12.7,412,0.139,1573.6,83.6,71.1,Permanent,0,4.7544,1419.6,154.1,26.43,0.03545,0.38,505.76,2.95,80.49,0
3.78,1.955,0.319,0.0226,0.0626,7.1,800,0.178,1559.5,298.3,17.1,Permanent,0,4.439,1428.5,131.0,127.24,0.05427,0.628,29.38,40.0,92.92,0
3.408,2.678,0.508,0.0262,0.0442,4.6,612,0.178,1528.3,176.7,17.9,Die,2,4.3098,1433.1,95.1,74.3,0.04032,0.594,25.71,40.0,100.0,0
3.708,1.947,0.431,0.0435,0.0652,5.6,658,0.112,1531.6,196.3,49.6,Permanent,0,4.3717,1430.6,101.0,54.3,0.0583,0.682,245.58,5.44,100.0,0
3.673,1.963,0.464,0.0178,0.0438,4.0,894,0.161,1531.2,195.7,35.1,Permanent,0,4.3336,1431.4,99.7,143.63,0.04046,0.644,123.1,10.85,91.99,0
3.063,2.844,0.612,0.0935,0.0564,13.6,519,0.135,1454.9,139.9,28.9,Die,2,4.042,1441.5,13.5,40.53,0.04297,0.355,66.87,19.66,81.5,0
3.564,2.051,0.331,0.0315,0.0401,5.0,577,0.146,1518.5,270.4,18.2,Permanent,0,4.2577,1433.8,84.7,54.52,0.03626,0.535,33.1,37.71,100.0,0
3.778,2.527,0.479,0.0478,0.0563,6.6,504,0.124,1544.5,174.0,14.2,Permanent,0,4.6364,1424.0,120.6,35.16,0.04934,0.578,20.13,40.0,100.0,0
3.788,2.136,0.534,0.0295,0.0668,6.1,755,0.105,1554.6,266.9,18.2,Die,2,4.5102,1426.8,127.8,67.11,0.05912,0.669,26.44,40.0,100.0,0
3.367,2.671,0.357,0.0402,0.0592,6.9,645,0.102,1503.3,179.8,21.8,Permanent,0,4.2709,1434.4,69.0,47.45,0.05157,0.582,47.5,27.86,100.0,0
3.384,2.005,0.469,0.0118,0.043,6.0,864,0.112,1509.6,290.1,10.6,Sand,1,4.0556,1439.2,70.3,93.13,0.03813,0.555,16.95,40.0,98.55,0
3.314,1.932,0.402,0.0475,0.0577,4.6,629,0.111,1529.9,238.3,10.4,Permanent,0,3.9743,1441.7,88.2,49.11,0.05271,0.615,10.72,40.0,97.44,0
3.632,2.407,0.479,0.0249,0.0537,4.2,738,0.097,1529.3,223.2,55.2,Sand,1,4.4428,1429.0,100.2,58.96,0.04941,0.711,456.97,2.86,100.0,0
3.612,2.675,0.449,0.0441,0.0747,3.3,604,0.103,1507.0,197.4,24.8,Sand,1,4.5186,1427.5,79.6,41.94,0.06995,0.856,92.62,14.14,100.0,0
3.361,2.383,0.343,0.0177,0.0581,3.0,717,0.157,1527.5,236.5,48.4,Permanent,0,4.1609,1436.8,90.7,90.41,0.05476,0.681,234.66,5.5,100.0,0
3.494,2.651,0.378,0.0384,0.0611,5.0,634,0.086,1512.4,168.0,27.6,Permanent,0,4.3904,1431.0,81.5,38.43,0.05526,0.664,76.08,17.67,100.0,0
4.062,2.916,0.367,0.064,0.0374,17.9,510,0.235,1444.7,142.0,72.1,Die,2,5.0557,1412.9,31.8,68.27,0.02616,0.289,415.51,3.14,78.69,0
3.795,2.502,0.445,0.0442,0.0383,4.1,797,0.152,1514.7,175.3,57.1,Permanent,0,4.644,1423.7,91.0,108.03,0.03528,0.543,326.58,4.1,96.95,0
3.888,2.631,0.259,0.09,0.0368,12.2,1538,0.111,1460.6,101.5,15.6,Permanent,0,4.7946,1420.1,40.5,293.71,0.02886,0.415,24.2,40.0,47.06,1
3.676,2.549,0.323,0.0197,0.0678,3.8,856,0.161,1534.7,299.2,20.8,Sand,1,4.5321,1426.7,108.0,131.63,0.06278,0.752,64.94,19.02,94.29,0
3.703,2.658,0.384,0.0239,0.0442,5.1,601,0.146,1559.9,185.4,30.7,Die,2,4.5973,1425.0,134.8,59.09,0.0399,0.597,75.62,18.18,100.0,0
3.662,2.003,0.328,0.0251,0.0649,2.1,823,0.135,1559.0,225.1,50.6,Sand,1,4.3379,1431.4,127.5,102.52,0.06221,0.809,383.96,3.47,98.32,0
4.135,2.203,0.743,0.0528,0.0272,11.7,597,0.19,1480.3,51.2,10.9,Sand,1,4.8872,1416.6,63.7,75.54,0.02154,0.339,17.75,40.0,71.61,0
3.44,2.267,0.289,0.0119,0.066,6.4,739,0.166,1549.3,286.7,14.8,Permanent,0,4.2,1435.5,113.7,101.55,0.05805,0.678,21.98,40.0,100.0,0
3.75,1.595,0.152,0.0932,0.0236,14.5,1161,0.232,1440.1,83.7,43.4,Die,2,4.3125,1432.2,7.8,350.47,0.01768,0.259,150.72,9.0,13.18,1
3.449,2.273,0.395,0.0481,0.062,6.8,557,0.136,1559.2,175.0,21.6,Permanent,0,4.2228,1435.2,124.0,46.96,0.05408,0.627,46.5,29.76,97.98,0
3.656,2.272,0.511,0.0188,0.044,6.9,508,0.134,1542.6,285.7,31.8,Permanent,0,4.42,1429.4,113.2,38.75,0.03839,0.49,101.13,12.43,100.0,0
3.978,1.958,0.223,0.038,0.0506,7.4,255,0.106,1510.0,95.6,35.3,Die,2,4.6434,1422.9,87.1,7.74,0.04361,0.56,99.5,14.22,86.13,0
3.329,2.059,0.495,0.0254,0.0552,4.0,514,0.093,1547.0,272.5,25.5,Permanent,0,4.0237,1440.3,106.7,27.3,0.05099,0.69,65.02,19.6,98.36,0
3.617,2.25,0.375,0.0244,0.0709,3.1,537,0.168,1546.0,156.1,52.3,Permanent,0,4.3756,1430.7,115.2,53.97,0.06662,0.803,274.0,5.07,100.0,0
3.639,2.09,0.395,0.0464,0.0666,2.1,878,0.083,1519.2,171.3,10.8,Sand,1,4.3509,1431.4,87.8,71.43,0.06389,0.74,17.47,40.0,100.0,0
4.12,3.094,0.428,0.0415,0.056,16.3,475,0.2,1570.3,96.2,29.5,Sand,1,5.1655,1409.9,160.4,50.3,0.04037,0.381,130.27,11.32,72.87,0
3.831,1.556,0.679,0.0592,0.0594,16.3,205,0.149,1448.4,77.9,68.2,Permanent,0,4.3697,1430.3,18.1,6.99,0.04285,0.424,465.27,2.95,71.53,0
3.69,2.302,0.447,0.0331,0.0675,7.4,854,0.145,1547.2,249.5,29.1,Permanent,0,4.4686,1428.3,118.9,118.16,0.05825,0.733,84.54,15.35,96.99,0
3.633,2.437,0.326,0.0175,0.0715,3.7,703,0.093,1508.8,154.1,57.9,Permanent,0,4.4513,1428.8,80.0,51.46,0.06645,0.827,335.17,4.04,99.24,0
3.38,2.564,0.363,0.0413,0.049,2.7,581,0.178,1516.8,238.9,18.0,Permanent,0,4.2487,1434.8,82.0,66.96,0.04644,0.69,32.38,39.46,100.0,0
3.502,1.913,0.385,0.0239,0.0531,6.0,612,0.089,1522.0,181.4,49.7,Die,2,4.1473,1436.6,85.3,37.15,0.04706,0.509,197.44,6.79,100.0,0
3.723,2.401,0.336,0.0164,0.046,6.3,725,0.172,1537.5,257.5,12.6,Sand,1,4.5295,1426.5,110.9,101.19,0.04055,0.618,23.7,40.0,100.0,0
3.442,2.604,0.585,0.0306,0.0469,6.3,273,0.239,1446.0,126.8,77.1,Permanent,0,4.3204,1432.8,13.2,20.0,0.04132,0.571,594.6,2.22,79.86,0
3.632,2.641,0.386,0.0381,0.0725,2.1,620,0.144,1531.9,249.1,17.5,Permanent,0,4.5249,1427.2,104.7,62.02,0.06954,0.794,30.66,40.0,95.05,0
3.106,3.088,0.409,0.0808,0.0317,15.6,300,0.217,1571.4,90.0,61.3,Permanent,0,4.1626,1438.3,133.1,21.86,0.02318,0.217,375.82,3.94,76.34,0
3.797,3.073,0.625,0.0301,0.05,13.4,579,0.213,1554.6,150.9,71.7,Permanent,0,4.8318,1419.1,135.5,79.74,0.03825,0.393,513.67,2.73,89.64,0
3.595,2.361,0.278,0.0126,0.0442,6.7,538,0.155,1547.1,283.1,35.0,Permanent,0,4.3864,1430.4,116.7,50.24,0.03869,0.491,122.32,10.33,100.0,0
3.527,2.239,0.31,0.0376,0.0608,4.5,713,0.102,1508.8,245.6,59.9,Permanent,0,4.2862,1433.3,75.5,57.97,0.05556,0.703,359.3,3.52,100.0,0
3.644,2.163,0.385,0.0176,0.0537,2.8,576,0.086,1505.9,260.5,30.7,Permanent,0,4.3711,1430.7,75.3,32.03,0.05075,0.652,94.38,13.2,99.59,0
3.324,2.073,0.326,0.0281,0.0616,3.0,509,0.173,1520.3,265.6,23.2,Permanent,0,4.0244,1440.3,80.0,50.07,0.05801,0.744,53.7,23.36,99.58,0
3.351,2.462,0.508,0.0309,0.0504,5.5,866,0.12,1539.6,222.5,42.6,Permanent,0,4.1819,1436.5,103.1,101.01,0.04515,0.587,181.64,7.25,98.42,0
3.326,2.66,0.347,0.0312,0.049,4.0,605,0.138,1510.2,201.2,11.2,Permanent,0,4.2231,1435.6,74.6,56.57,0.04518,0.656,12.63,40.0,100.0,0
3.709,1.901,0.271,0.0435,0.0636,5.9,635,0.128,1500.4,175.0,45.9,Permanent,0,4.357,1430.9,69.5,57.88,0.05651,0.675,210.94,6.28,98.64,0
3.006,3.161,0.182,0.0732,0.0268,8.5,1244,0.224,1571.3,73.1,19.6,Sand,1,4.0844,1440.5,130.7,387.75,0.02257,0.302,57.9,25.88,22.16,1
3.616,3.192,0.639,0.0757,0.0432,10.3,246,0.142,1502.2,136.4,49.1,Die,2,4.7051,1423.2,78.9,9.6,0.03513,0.398,192.76,7.09,90.38,0
4.032,2.603,0.556,0.0375,0.0426,12.6,548,0.23,1607.5,83.2,59.8,Permanent,0,4.9117,1416.3,191.2,77.21,0.03313,0.414,357.32,4.27,67.43,0
3.187,2.698,0.403,0.0878,0.0492,15.8,1296,0.091,1539.3,56.6,17.4,Permanent,0,4.1156,1439.2,100.1,171.05,0.03585,0.424,30.31,40.0,75.67,0
3.527,2.032,0.403,0.0456,0.0713,6.7,758,0.168,1534.6,251.3,16.9,Sand,1,4.2194,1435.0,99.6,108.23,0.06236,0.73,42.89,29.92,96.32,0
3.382,2.052,0.413,0.0276,0.0725,3.4,518,0.13,1545.4,190.0,51.3,Permanent,0,4.075,1438.9,106.5,38.94,0.06778,0.89,263.49,5.14,96.85,0
3.712,2.383,0.216,0.0829,0.0298,14.3,1279,0.11,1462.8,78.5,44.6,Sand,1,4.5337,1427.0,35.8,200.46,0.02239,0.2,298.21,4.64,56.6,1
3.532,2.65,0.504,0.0328,0.0445,6.0,890,0.1,1531.4,192.0,56.1,Die,2,4.4263,1429.9,101.5,88.56,0.03946,0.547,251.37,5.33,100.0,0
3.699,1.45,0.789,0.03,0.0453,17.6,503,0.217,1503.4,92.6,20.7,Permanent,0,4.1923,1434.8,68.6,61.39,0.03186,0.244,42.69,33.04,93.16,0
3.496,2.098,0.508,0.0433,0.0715,7.9,860,0.136,1543.6,150.4,11.7,Die,2,4.21,1435.3,108.2,112.48,0.06109,0.711,10.86,40.0,97.51,0
3.726,2.398,0.517,0.0485,0.0553,17.0,1529,0.081,1580.0,105.9,27.2,Permanent,0,4.5416,1426.5,153.5,212.93,0.03936,0.427,74.22,19.86,61.08,1
3.475,1.983,0.466,0.0332,0.0583,5.1,800,0.09,1520.3,290.2,43.8,Permanent,0,4.147,1436.8,83.5,64.09,0.05265,0.603,191.86,6.41,100.0,0
3.515,2.697,0.363,0.0295,0.0571,3.0,867,0.082,1559.5,159.3,41.6,Permanent,0,4.4242,1430.0,129.5,68.65,0.05374,0.742,173.16,8.09,100.0,0
3.96,3.123,0.49,0.0954,0.0456,14.0,504,0.093,1602.9,155.5,71.5,Permanent,0,5.0326,1414.1,188.7,26.46,0.03451,0.457,510.54,2.84,74.94,0
3.32,1.97,0.523,0.0392,0.0443,3.6,652,0.168,1506.0,156.4,29.0,Permanent,0,3.9894,1441.3,64.7,79.88,0.04116,0.555,83.84,16.1,97.61,0
3.567,2.131,0.525,0.0493,0.0682,6.6,649,0.145,1528.4,277.6,36.5,Die,2,4.2936,1433.1,95.3,68.55,0.05977,0.764,106.8,11.71,100.0,0
3.764,2.166,0.376,0.0278,0.0627,7.3,858,0.085,1502.0,203.2,21.1,Permanent,0,4.4947,1427.3,74.7,70.11,0.0542,0.606,44.7,29.06,100.0,0
3.407,2.081,0.423,0.0156,0.0669,3.6,569,0.144,1542.1,180.3,13.8,Die,2,4.1065,1437.9,104.2,52.18,0.0623,0.768,15.13,40.0,94.74,0
3.602,1.694,0.676,0.0247,0.0266,5.7,1576,0.226,1464.7,151.2,80.7,Die,2,4.1745,1435.6,29.1,626.56,0.02375,0.524,521.58,2.52,0.0,1
3.403,2.126,0.275,0.0273,0.0405,4.9,564,0.097,1552.6,233.9,12.1,Permanent,0,4.1206,1437.7,114.9,34.51,0.03678,0.517,14.7,40.0,97.77,0
3.641,1.946,0.502,0.0254,0.0401,6.7,846,0.144,1545.3,163.5,21.9,Sand,1,4.2977,1432.5,112.9,115.08,0.03504,0.483,72.09,19.17,100.0,0
3.429,2.319,0.461,0.0107,0.0408,4.4,650,0.171,1534.5,170.5,10.3,Permanent,0,4.2058,1435.4,99.1,80.78,0.03743,0.547,10.64,40.0,95.79,0
3.575,2.323,0.362,0.0493,0.047,4.4,679,0.135,1532.7,195.4,47.7,Sand,1,4.3659,1431.3,101.4,69.5,0.04301,0.576,341.37,3.92,100.0,0
3.372,2.562,0.539,0.0438,0.0532,5.4,775,0.097,1517.1,228.3,45.8,Permanent,0,4.2411,1435.1,82.0,65.25,0.0477,0.689,209.7,6.15,100.0,0
3.725,1.919,0.327,0.0164,0.0589,5.2,863,0.085,1539.6,264.0,52.7,Sand,1,4.3698,1430.4,109.3,70.55,0.05306,0.667,416.06,3.07,100.0,0
3.804,2.422,0.185,0.025,0.0499,16.2,591,0.069,1467.7,141.5,70.1,Permanent,0,4.6199,1424.1,43.6,26.8,0.03605,0.435,491.22,2.7,84.92,0
3.918,1.689,0.349,0.0482,0.0211,17.2,1333,0.239,1451.7,156.9,49.8,Sand,1,4.497,1426.8,24.9,474.55,0.01497,0.217,371.37,3.49,0.23,1
3.823,1.598,0.73,0.0531,0.0239,6.5,1257,0.213,1443.0,90.3,65.3,Permanent,0,4.3738,1430.2,12.8,375.35,0.02099,0.34,426.89,3.17,10.17,1
3.493,2.627,0.524,0.0342,0.0697,3.8,502,0.11,1559.4,195.5,10.8,Die,2,4.3797,1431.2,128.2,31.15,0.06461,0.812,9.32,40.0,98.09,0
3.815,1.831,0.204,0.0533,0.0441,15.0,595,0.082,1551.9,76.1,18.4,Sand,1,4.4435,1428.5,123.3,32.32,0.03266,0.347,50.89,29.0,92.74,0
3.282,2.476,0.339,0.0951,0.0467,16.2,581,0.212,1498.1,158.9,79.2,Sand,1,4.1386,1438.3,59.8,80.05,0.03379,0.345,941.54,1.42,100.0,0
3.25,2.907,0.602,0.0443,0.0401,17.3,576,0.159,1488.2,54.2,31.4,Permanent,0,4.2337,1435.7,52.4,58.8,0.02834,0.357,98.29,14.59,83.95,0
3.665,2.197,0.305,0.046,0.0614,6.7,508,0.17,1531.5,216.1,14.0,Permanent,0,4.4122,1429.8,101.7,48.99,0.05367,0.624,19.59,40.0,100.0,0
3.584,2.28,0.316,0.0138,0.04,5.0,725,0.122,1501.5,234.6,26.4,Die,2,4.3481,1431.4,70.1,71.64,0.03621,0.528,55.57,22.8,100.0,0
3.367,2.6,0.37,0.0285,0.0666,3.2,639,0.126,1503.0,208.5,44.2,Permanent,0,4.2429,1434.9,68.1,57.74,0.06256,0.835,195.07,6.64,100.0,0
3.099,2.458,0.315,0.0906,0.0597,10.7,507,0.163,1580.6,126.6,60.4,Sand,1,3.9488,1443.6,137.0,46.65,0.04821,0.535,546.69,2.66,91.48,0
3.55,2.333,0.326,0.0132,0.073,6.2,751,0.138,1510.7,167.5,38.6,Sand,1,4.3321,1431.9,78.7,87.04,0.06454,0.751,223.7,6.0,100.0,0
3.575,2.446,0.25,0.0129,0.0481,6.4,533,0.095,1556.3,156.5,56.8,Permanent,0,4.3951,1430.3,126.0,30.02,0.04234,0.545,322.58,4.34,95.37,0
3.707,2.021,0.357,0.032,0.0526,3.0,619,0.145,1502.9,215.8,49.4,Sand,1,4.3915,1430.0,72.8,61.93,0.04944,0.654,366.64,3.51,100.0,0
3.206,2.917,0.185,0.0634,0.0343,7.4,297,0.113,1525.7,128.9,72.0,Die,2,4.1998,1436.9,88.8,11.16,0.02959,0.416,415.08,3.37,85.42,0
3.405,2.056,0.435,0.0442,0.0496,2.2,723,0.088,1516.7,237.5,49.7,Sand,1,4.1046,1438.2,78.5,51.47,0.04753,0.61,370.39,3.45,97.04,0
3.699,2.43,0.531,0.0321,0.0555,6.4,682,0.172,1552.3,240.3,50.5,Permanent,0,4.5196,1427.0,125.3,89.3,0.04884,0.585,254.84,5.15,100.0,0
3.755,2.019,0.487,0.0108,0.0547,6.8,538,0.16,1525.6,283.1,39.5,Permanent,0,4.4311,1428.7,96.9,51.8,0.04778,0.61,156.4,7.94,100.0,0
3.646,2.666,0.537,0.0222,0.072,4.6,833,0.16,1518.0,204.0,30.8,Die,2,4.5423,1426.6,91.4,124.27,0.06568,0.733,76.08,17.27,96.75,0
3.498,1.959,0.598,0.0373,0.0207,12.2,337,0.107,1487.6,88.5,41.4,Sand,1,4.1636,1436.4,51.2,13.56,0.01622,0.252,257.56,5.43,66.54,0
3.795,3.197,0.455,0.0911,0.0518,13.8,216,0.168,1484.2,156.8,70.2,Permanent,0,4.8911,1418.2,66.1,8.77,0.03928,0.463,492.83,2.69,85.21,0
3.247,3.008,0.531,0.0442,0.0253,13.5,1405,0.208,1546.6,134.0,22.1,Sand,1,4.2639,1435.0,111.6,458.33,0.01931,0.27,73.43,19.24,15.74,1
3.656,2.065,0.29,0.0214,0.0589,6.1,713,0.1,1550.3,214.4,48.6,Permanent,0,4.3514,1431.1,119.2,56.88,0.05211,0.729,236.56,5.65,100.0,0
3.759,2.327,0.395,0.0315,0.0465,6.9,643,0.175,1515.7,273.7,19.2,Sand,1,4.5455,1426.1,89.6,80.75,0.04051,0.56,55.26,22.48,100.0,0
3.38,2.131,0.459,0.0363,0.0656,3.7,892,0.129,1545.6,170.5,57.7,Permanent,0,4.1023,1438.3,107.2,115.15,0.06096,0.673,333.24,4.13,97.54,0
3.675,2.025,0.486,0.035,0.0746,4.4,767,0.152,1518.5,205.0,24.7,Sand,1,4.3617,1430.9,87.6,99.92,0.06828,0.755,91.45,14.36,98.54,0
3.136,2.803,0.165,0.0963,0.0319,16.5,362,0.089,1575.4,133.6,59.3,Sand,1,4.1023,1439.8,135.6,13.06,0.02293,0.155,527.14,2.74,74.47,0
3.732,2.224,0.538,0.0434,0.0401,6.1,791,0.083,1543.1,200.3,49.9,Die,2,4.4882,1427.7,115.4,57.81,0.03546,0.498,199.2,6.74,100.0,0
3.747,1.802,0.163,0.0368,0.0364,16.5,1255,0.16,1591.2,86.2,89.8,Sand,1,4.3603,1430.7,160.6,282.65,0.02615,0.332,1208.27,1.25,41.38,1
4.185,3.182,0.392,0.0822,0.0244,10.3,408,0.159,1582.2,97.4,66.5,Permanent,0,5.273,1407.4,174.8,29.49,0.01983,0.329,442.46,3.36,55.19,1
3.655,2.557,0.262,0.0498,0.0622,3.5,653,0.131,1521.6,161.7,58.2,Permanent,0,4.5235,1427.2,94.3,62.32,0.05796,0.697,339.13,4.01,100.0,0
3.549,1.924,0.367,0.0173,0.0473,6.3,548,0.14,1511.2,252.1,41.0,Die,2,4.1963,1435.2,76.0,46.92,0.04176,0.621,134.49,9.36,100.0,0
3.391,2.482,0.391,0.0323,0.0578,7.6,866,0.113,1542.2,208.7,15.8,Permanent,0,4.2289,1435.2,107.0,94.79,0.04969,0.565,24.87,40.0,99.34,0
3.715,2.051,0.411,0.0129,0.0428,2.1,756,0.094,1505.9,267.3,18.3,Permanent,0,4.4025,1429.6,76.3,60.14,0.04105,0.639,33.42,37.07,97.21,0
3.54,1.682,0.551,0.0425,0.0273,9.4,1406,0.216,1461.6,54.5,65.7,Permanent,0,4.1146,1437.4,24.2,478.05,0.02258,0.325,431.85,3.26,0.0,1
3.134,2.287,0.762,0.0542,0.0588,10.2,1547,0.221,1488.5,104.3,65.4,Permanent,0,3.9144,1444.0,44.6,590.16,0.04801,0.564,427.95,3.23,0.0,1
3.603,2.093,0.253,0.0337,0.0383,2.2,503,0.138,1537.4,265.2,23.5,Sand,1,4.3122,1432.4,105.1,38.87,0.03664,0.556,82.72,15.38,100.0,0
3.341,2.611,0.507,0.0403,0.066,3.3,761,0.156,1501.2,295.3,17.1,Permanent,0,4.2244,1435.6,65.7,100.72,0.06175,0.713,29.28,40.0,98.42,0
3.509,2.593,0.518,0.0494,0.0599,7.2,733,0.105,1535.1,184.2,53.0,Permanent,0,4.3902,1431.0,104.1,63.25,0.05182,0.557,281.24,4.8,100.0,0
3.695,2.483,0.346,0.0445,0.0684,5.8,879,0.095,1545.9,182.6,13.3,Permanent,0,4.5371,1426.7,119.2,82.39,0.06096,0.736,17.63,40.0,100.0,0
3.48,2.19,0.423,0.0354,0.0687,3.8,850,0.133,1507.8,169.1,18.7,Die,2,4.2214,1435.1,72.8,107.52,0.0637,0.803,27.91,40.0,100.0,0
3.619,2.613,0.448,0.0267,0.0525,5.8,552,0.122,1530.4,281.8,18.1,Permanent,0,4.4985,1427.8,102.7,41.67,0.04674,0.624,32.71,38.17,100.0,0
3.372,1.672,0.401,0.0331,0.0223,17.2,565,0.053,1520.0,65.9,68.1,Permanent,0,3.9407,1442.2,77.8,18.74,0.01583,0.185,463.51,3.14,60.58,1
3.304,2.536,0.521,0.0481,0.05,6.8,694,0.105,1559.1,259.3,41.6,Permanent,0,4.1652,1437.2,121.8,56.71,0.04364,0.496,173.38,7.5,98.36,0
3.301,1.957,0.312,0.0109,0.0382,3.9,764,0.092,1558.9,211.2,39.0,Sand,1,3.9566,1441.9,117.0,59.99,0.03534,0.543,227.91,5.91,94.25,0
3.632,2.415,0.448,0.0342,0.0738,6.0,760,0.108,1517.5,284.0,32.3,Sand,1,4.4483,1429.0,88.5,70.03,0.06549,0.754,156.82,7.87,100.0,0
3.501,2.443,0.32,0.0429,0.0628,5.5,868,0.112,1501.8,213.4,31.2,Permanent,0,4.3297,1432.4,69.4,94.7,0.05623,0.762,97.51,13.21,100.0,0
3.306,2.758,0.376,0.0233,0.0481,6.5,1510,0.211,1536.8,129.4,20.5,Permanent,0,4.2334,1435.4,101.5,537.12,0.04226,0.537,42.08,33.44,16.6,1
3.134,2.464,0.778,0.0549,0.0276,17.2,1445,0.179,1477.8,54.0,14.7,Permanent,0,3.9734,1442.5,35.3,418.61,0.01958,0.198,21.69,40.0,0.41,1
3.74,2.658,0.256,0.0111,0.069,3.2,600,0.137,1509.8,206.5,28.3,Sand,1,4.6298,1424.0,85.8,54.91,0.06477,0.795,120.37,10.83,96.3,0
3.554,2.49,0.326,0.0192,0.0634,2.4,876,0.171,1554.5,252.5,43.0,Sand,1,4.3901,1430.6,123.9,146.6,0.06042,0.759,277.17,4.7,89.71,0
3.437,1.933,0.45,0.0496,0.0709,4.3,762,0.116,1540.4,278.9,34.3,Die,2,4.0979,1438.3,102.1,75.48,0.06505,0.767,93.99,13.42,98.38,0
3.693,2.418,0.537,0.02,0.0638,3.2,616,0.101,1526.9,185.1,49.1,Sand,1,4.5058,1427.2,99.7,42.6,0.05982,0.699,361.14,3.72,100.0,0
4.068,2.536,0.167,0.0808,0.0312,12.9,536,0.069,1483.2,101.2,30.0,Sand,1,4.94,1415.8,67.4,22.22,0.02409,0.331,135.38,10.21,78.83,0
3.331,2.075,0.337,0.0304,0.0729,6.5,720,0.125,1508.3,231.9,47.2,Sand,1,4.0325,1440.1,68.2,72.17,0.06404,0.724,334.17,3.82,93.59,0
3.355,2.504,0.501,0.0389,0.0748,6.3,660,0.097,1538.8,196.6,27.4,Permanent,0,4.2031,1436.0,102.8,47.22,0.06591,0.695,74.85,17.93,95.49,0
4.16,2.77,0.551,0.0946,0.0488,7.8,422,0.182,1541.7,135.4,7.3,Permanent,0,5.1151,1411.4,130.4,36.35,0.04175,0.509,5.28,40.0,79.39,0
3.446,2.137,0.5,0.0128,0.0489,3.0,635,0.138,1533.6,236.9,52.5,Sand,1,4.1628,1436.4,97.2,62.22,0.04604,0.59,414.05,3.13,100.0,0
3.406,2.364,0.3,0.027,0.0571,2.9,807,0.102,1548.7,215.2,46.4,Die,2,4.2025,1435.7,112.9,73.97,0.05383,0.699,171.88,7.76,100.0,0
3.751,2.58,0.436,0.0397,0.0646,3.3,638,0.156,1525.3,267.5,54.2,Die,2,4.6243,1424.3,100.9,70.86,0.06045,0.806,235.09,5.35,100.0,0
3.657,2.098,0.461,0.023,0.0538,7.4,686,0.125,1535.5,253.1,23.2,Permanent,0,4.3641,1430.8,104.7,65.86,0.04637,0.545,53.85,23.82,100.0,0
3.458,2.378,0.337,0.028,0.0501,4.2,762,0.09,1514.2,216.7,10.2,Permanent,0,4.2604,1434.1,80.0,58.8,0.04615,0.619,10.5,40.0,98.78,0
3.533,2.154,0.549,0.024,0.0538,2.9,643,0.145,1524.4,287.9,23.1,Sand,1,4.2587,1433.9,90.5,66.84,0.05079,0.678,80.01,15.45,100.0,0
3.328,1.953,0.471,0.0323,0.0672,6.9,662,0.093,1552.1,283.3,35.4,Die,2,3.9902,1441.2,110.9,45.83,0.05853,0.734,100.36,12.64,100.0,0
3.359,1.969,0.371,0.0194,0.0504,6.5,860,0.173,1525.2,267.2,24.7,Permanent,0,4.0215,1440.2,85.0,143.13,0.04429,0.572,61.11,20.59,89.56,0
3.729,1.939,0.435,0.0399,0.0422,3.4,860,0.131,1529.8,272.0,47.7,Sand,1,4.3888,1430.1,99.7,108.49,0.03942,0.532,341.98,3.68,100.0,0
3.506,2.325,0.257,0.0137,0.0688,6.2,517,0.145,1500.3,236.6,55.8,Sand,1,4.2859,1433.2,67.1,43.4,0.06086,0.811,466.35,2.71,100.0,0
3.777,2.593,0.308,0.033,0.0502,5.3,790,0.176,1522.1,160.0,23.0,Permanent,0,4.6523,1423.5,98.6,122.92,0.04514,0.638,52.71,25.84,97.94,0
3.52,2.429,0.259,0.0491,0.0654,5.2,529,0.135,1511.0,223.4,41.3,Permanent,0,4.3457,1432.0,79.0,42.22,0.05896,0.613,170.38,7.56,100.0,0
3.305,2.418,0.359,0.0455,0.0573,2.8,774,0.111,1541.0,197.0,16.3,Permanent,0,4.1257,1438.1,102.9,74.49,0.05422,0.718,26.62,40.0,99.42,0
3.632,2.907,0.355,0.0471,0.0238,9.4,218,0.165,1554.7,50.3,59.8,Permanent,0,4.6168,1425.0,129.6,8.76,0.0197,0.374,358.02,4.2,66.79,0
3.709,2.309,0.432,0.0165,0.0385,2.4,706,0.107,1521.9,279.8,56.2,Permanent,0,4.4839,1427.7,94.3,59.67,0.03664,0.573,316.21,3.93,100.0,0
3.489,1.915,0.698,0.0737,0.0464,5.8,425,0.059,1535.7,50.9,27.1,Die,2,4.1518,1437.0,98.7,11.89,0.04133,0.573,58.62,25.33,84.04,0
3.184,2.408,0.516,0.0201,0.0588,14.7,1202,0.208,1462.6,88.2,23.5,Permanent,0,3.9933,1441.6,21.0,336.16,0.04389,0.445,55.45,24.79,30.48,1
3.342,2.34,0.531,0.0162,0.049,6.8,784,0.156,1506.0,227.1,14.9,Permanent,0,4.1273,1437.7,68.3,107.28,0.04278,0.537,22.12,40.0,94.17,0
3.046,2.982,0.741,0.0229,0.0222,11.7,293,0.083,1568.0,103.2,13.3,Sand,1,4.0474,1440.9,127.1,8.01,0.01762,0.231,26.38,40.0,66.13,0
4.143,1.848,0.764,0.0673,0.0366,6.1,1129,0.227,1464.2,143.2,45.6,Permanent,0,4.7814,1419.2,45.0,323.64,0.0324,0.466,207.99,6.35,45.19,1
3.733,2.005,0.507,0.025,0.0497,7.8,865,0.162,1545.2,296.9,15.2,Permanent,0,4.4092,1429.4,115.7,135.56,0.04258,0.445,23.14,40.0,92.56,0
3.71,2.049,0.444,0.036,0.0418,7.8,797,0.137,1507.5,197.4,36.4,Die,2,4.4045,1429.7,77.8,97.52,0.03572,0.555,105.92,12.37,100.0,0
3.207,2.352,0.653,0.0641,0.0534,7.5,1311,0.123,1480.7,73.1,55.1,Permanent,0,4.0126,1441.4,39.3,235.68,0.04598,0.572,303.12,4.64,56.02,1
3.781,1.909,0.362,0.0457,0.0745,5.2,604,0.119,1553.9,263.6,52.6,Sand,1,4.4327,1428.9,125.0,48.51,0.06706,0.721,414.81,3.11,99.28,0
3.612,2.42,0.378,0.043,0.0354,7.3,507,0.187,1564.2,105.8,62.0,Permanent,0,4.4326,1429.5,134.7,53.92,0.03055,0.451,384.69,3.79,91.81,0
3.083,2.012,0.465,0.0838,0.0476,7.7,1595,0.123,1562.9,143.1,74.6,Die,2,3.7811,1447.6,115.3,351.24,0.04078,0.576,445.72,3.19,44.25,1
3.225,3.073,0.397,0.0278,0.0514,16.2,1434,0.094,1584.6,128.2,15.5,Sand,1,4.2586,1435.1,149.5,215.64,0.03719,0.397,36.06,40.0,60.51,1
3.618,2.109,0.26,0.03,0.0496,7.4,706,0.134,1524.4,163.2,32.0,Permanent,0,4.331,1431.8,92.5,74.68,0.04279,0.504,102.26,13.31,100.0,0
3.42,1.948,0.453,0.0257,0.0511,4.7,507,0.156,1528.0,202.8,49.5,Permanent,0,4.078,1438.7,89.3,44.71,0.04654,0.602,244.62,5.42,95.16,0
4.193,1.634,0.545,0.0994,0.0345,13.8,227,0.244,1457.3,112.6,28.9,Permanent,0,4.7709,1419.5,37.8,14.04,0.02619,0.352,83.56,16.09,69.15,0
3.391,2.097,0.331,0.0452,0.0408,7.9,844,0.086,1524.1,182.8,34.7,Permanent,0,4.1047,1438.3,85.8,68.34,0.03486,0.446,120.34,11.15,98.57,0
3.562,2.629,0.493,0.0351,0.063,3.9,888,0.123,1512.8,163.5,45.2,Permanent,0,4.4496,1429.2,83.5,107.96,0.05829,0.738,204.75,6.59,100.0,0
3.661,2.17,0.491,0.0342,0.0386,4.1,709,0.154,1513.6,232.4,13.0,Permanent,0,4.396,1430.1,83.5,86.61,0.0356,0.516,16.99,40.0,97.18,0
3.533,2.361,0.413,0.0188,0.0406,2.7,797,0.125,1539.9,244.2,20.0,Die,2,4.3262,1432.2,107.7,88.59,0.03847,0.579,32.08,40.0,100.0,0
3.774,2.542,0.424,0.0383,0.0723,2.8,668,0.121,1555.2,299.1,16.6,Sand,1,4.6339,1424.0,131.2,60.18,0.06834,0.866,41.2,30.49,98.29,0
3.443,1.977,0.353,0.0134,0.0524,3.8,644,0.083,1534.8,272.4,43.1,Permanent,0,4.1061,1437.8,97.0,38.26,0.04864,0.622,185.75,6.8,99.52,0
3.616,2.48,0.396,0.0193,0.0657,4.7,590,0.149,1533.3,237.6,59.2,Permanent,0,4.4491,1428.9,104.4,57.81,0.05979,0.655,350.17,3.7,100.0,0
3.511,2.692,0.263,0.0436,0.0645,2.3,778,0.151,1530.9,246.9,53.1,Permanent,0,4.4224,1430.2,100.8,102.03,0.06153,0.863,282.35,4.55,100.0,0
3.486,1.827,0.577,0.0892,0.0268,13.2,450,0.129,1451.8,88.1,82.1,Permanent,0,4.1247,1437.8,14.0,29.17,0.0206,0.269,674.47,2.02,60.2,1
3.063,3.116,0.242,0.0475,0.054,16.3,1387,0.199,1604.2,55.3,11.3,Permanent,0,4.1179,1439.3,164.9,428.16,0.03894,0.395,12.68,40.0,4.01,1
3.279,2.467,0.443,0.0939,0.0345,14.0,213,0.217,1572.3,118.3,21.6,Sand,1,4.1333,1438.4,133.9,11.0,0.02605,0.398,70.12,20.74,76.96,0
4.094,1.458,0.541,0.0848,0.0263,6.4,1224,0.132,1459.4,142.7,27.8,Sand,1,4.608,1423.7,35.7,221.51,0.02316,0.426,115.67,11.38,57.93,1
3.615,1.605,0.774,0.0389,0.0322,10.5,1523,0.183,1481.5,69.0,41.0,Permanent,0,4.1627,1435.9,45.6,474.09,0.02611,0.364,168.18,8.4,3.21,1
3.787,2.163,0.503,0.036,0.0514,7.5,710,0.136,1512.6,210.7,56.1,Permanent,0,4.5196,1426.7,85.9,76.64,0.04426,0.558,314.93,4.13,100.0,0
3.482,1.617,0.692,0.0462,0.0269,11.0,1486,0.169,1454.4,104.7,29.2,Sand,1,4.0365,1439.6,14.8,416.69,0.02161,0.4,128.05,10.54,1.53,1
3.722,1.903,0.444,0.0149,0.0616,2.6,676,0.11,1505.8,214.7,55.3,Sand,1,4.3617,1430.5,75.2,56.11,0.05847,0.779,459.41,2.81,100.0,0
3.404,2.083,0.418,0.0394,0.0594,14.5,1583,0.077,1562.7,124.8,45.6,Permanent,0,4.1114,1438.0,124.7,214.45,0.04442,0.433,207.88,6.92,70.44,0
3.116,2.609,0.586,0.0822,0.0392,10.4,1300,0.065,1564.2,84.0,60.4,Sand,1,4.0129,1441.9,122.3,123.48,0.03185,0.45,547.2,2.7,85.12,0
3.402,2.562,0.362,0.0488,0.054,7.1,790,0.119,1515.1,151.9,31.4,Sand,1,4.2726,1434.2,80.9,82.94,0.04682,0.56,148.01,9.21,100.0,0
3.135,2.396,0.351,0.0352,0.0548,5.9,1553,0.088,1522.3,56.4,71.1,Die,2,3.9454,1443.1,79.3,237.24,0.04872,0.627,404.39,3.63,62.87,0
3.396,3.085,0.266,0.0776,0.0335,14.7,1344,0.169,1550.0,117.2,63.7,Sand,1,4.45,1430.2,119.7,341.18,0.02499,0.323,608.45,2.35,42.4,1
3.568,3.176,0.487,0.0283,0.0487,13.7,1492,0.188,1523.1,146.1,73.9,Die,2,4.6361,1424.7,98.4,466.79,0.03701,0.377,437.23,3.15,28.26,1
3.537,2.68,0.391,0.0135,0.0488,7.6,895,0.116,1530.4,154.7,43.7,Permanent,0,4.435,1429.5,100.9,103.96,0.04194,0.518,191.24,7.19,100.0,0
3.748,2.166,0.285,0.0288,0.0559,5.3,762,0.126,1529.2,245.5,24.9,Permanent,0,4.4799,1427.7,101.5,81.56,0.05033,0.617,61.86,20.75,100.0,0
3.436,2.354,0.332,0.0266,0.0468,5.1,666,0.168,1506.2,229.4,59.6,Permanent,0,4.2296,1435.0,71.3,83.23,0.04229,0.529,355.47,3.59,100.0,0
3.688,2.01,0.408,0.0261,0.0522,2.6,587,0.157,1528.5,172.7,55.4,Permanent,0,4.3662,1430.7,97.8,60.53,0.04953,0.674,307.15,4.41,100.0,0
3.318,2.682,0.49,0.0292,0.0716,3.2,501,0.091,1549.1,218.8,15.2,Sand,1,4.2221,1435.6,113.5,25.53,0.06715,0.801,34.62,38.43,92.42,0
3.598,1.966,0.521,0.0224,0.05,5.4,652,0.132,1551.1,175.7,32.8,Sand,1,4.2606,1433.5,117.6,62.67,0.04491,0.605,161.45,8.52,97.64,0
3.716,1.757,0.567,0.0421,0.0479,5.3,1383,0.073,1451.8,150.0,68.2,Die,2,4.3153,1431.9,19.9,155.04,0.04309,0.595,372.28,3.5,80.57,0
3.406,2.438,0.506,0.0137,0.0712,6.9,550,0.151,1542.6,279.6,23.5,Sand,1,4.2232,1435.1,107.5,50.96,0.06199,0.687,83.02,15.21,100.0,0
3.563,2.012,0.412,0.0626,0.0305,17.5,581,0.066,1603.6,111.1,29.8,Permanent,0,4.2543,1434.1,169.5,25.07,0.02148,0.258,88.73,16.82,66.01,0
3.648,2.485,0.302,0.0132,0.0597,6.8,801,0.1,1521.4,228.9,53.1,Die,2,4.4812,1428.0,93.4,71.44,0.05205,0.634,225.71,5.73,100.0,0
3.906,2.879,0.549,0.06,0.0488,13.6,1598,0.155,1536.4,69.4,88.6,Permanent,0,4.8855,1417.6,118.8,443.43,0.03718,0.351,784.47,1.87,21.06,1
3.689,2.248,0.398,0.0127,0.0682,3.9,787,0.124,1530.4,208.6,39.9,Die,2,4.4425,1428.7,101.7,85.74,0.06298,0.773,127.13,10.4,99.23,0
3.477,2.564,0.302,0.0291,0.0627,4.3,605,0.153,1507.9,281.6,32.6,Permanent,0,4.3409,1432.1,75.8,62.49,0.05757,0.685,106.47,11.52,98.9,0
3.706,2.673,0.533,0.0237,0.0677,6.1,537,0.132,1522.9,291.6,57.8,Permanent,0,4.6049,1424.8,98.1,42.63,0.05988,0.595,334.23,3.68,100.0,0
3.037,2.303,0.757,0.0791,0.0411,7.5,1579,0.087,1546.1,88.0,24.6,Permanent,0,3.8309,1446.5,99.5,243.11,0.03536,0.557,60.38,24.15,58.68,1
3.456,2.142,0.523,0.0301,0.0412,7.6,571,0.141,1540.0,170.4,35.9,Permanent,0,4.1798,1436.1,103.9,51.52,0.03543,0.409,128.97,10.62,100.0,0
3.441,3.03,0.443,0.0999,0.0332,12.4,554,0.086,1594.8,154.0,55.9,Permanent,0,4.4841,1429.4,165.4,29.55,0.02592,0.3,312.6,4.61,78.54,0
3.473,2.432,0.721,0.0322,0.0345,13.7,515,0.141,1496.4,61.0,49.3,Die,2,4.2946,1433.3,63.1,41.96,0.02627,0.309,194.35,7.39,87.96,0
3.285,2.082,0.216,0.0575,0.0511,17.5,1410,0.163,1498.1,152.1,78.5,Sand,1,3.9985,1441.4,56.7,362.5,0.036,0.346,925.09,1.45,38.13,1
3.91,1.539,0.288,0.0216,0.0253,8.5,1502,0.137,1486.9,90.7,40.0,Die,2,4.4301,1428.2,58.7,345.98,0.02134,0.365,128.05,10.9,35.1,1
3.607,2.215,0.535,0.0266,0.0679,6.3,679,0.091,1553.9,264.6,20.6,Permanent,0,4.3538,1431.3,122.7,47.07,0.05982,0.685,42.31,30.48,100.0,0
3.464,2.102,0.512,0.0163,0.0568,4.1,826,0.14,1529.7,226.9,24.7,Permanent,0,4.1695,1436.2,93.5,106.53,0.05229,0.606,60.87,21.4,100.0,0
3.693,1.92,0.389,0.0412,0.0635,7.4,558,0.161,1502.6,224.5,53.1,Sand,1,4.3468,1431.2,71.3,56.0,0.0548,0.661,423.65,3.02,100.0,0
3.91,2.042,0.475,0.0964,0.0393,12.5,1156,0.132,1587.1,147.8,80.4,Die,2,4.6232,1424.2,162.9,196.94,0.03061,0.33,517.37,2.78,65.03,0
3.913,1.554,0.462,0.0608,0.0569,5.3,565,0.131,1525.1,52.2,20.2,Permanent,0,4.4515,1428.0,97.1,46.9,0.0512,0.668,40.75,36.15,95.22,0
3.333,1.977,0.276,0.0133,0.0506,7.2,774,0.104,1543.8,153.9,36.6,Sand,1,3.9969,1440.8,103.0,69.7,0.04381,0.58,200.89,6.92,98.6,0
3.764,2.646,0.431,0.0441,0.0658,7.3,547,0.086,1536.9,266.0,49.1,Sand,1,4.6602,1423.5,113.4,28.7,0.0569,0.663,362.36,3.51,97.29,0
3.913,1.623,0.507,0.0286,0.0386,12.6,1180,0.167,1462.5,54.2,69.2,Die,2,4.4637,1427.4,35.1,259.35,0.02999,0.323,383.4,3.67,46.7,1
3.317,2.294,0.272,0.0272,0.0645,7.9,842,0.162,1539.2,246.6,27.6,Permanent,0,4.0905,1438.8,100.4,128.57,0.05504,0.618,76.19,16.97,88.81,0
3.739,2.076,0.418,0.034,0.0435,5.9,726,0.114,1557.5,294.7,14.7,Permanent,0,4.4422,1428.7,128.8,67.01,0.03865,0.608,21.73,40.0,100.0,0
3.636,2.118,0.365,0.0264,0.0725,3.1,805,0.133,1511.2,292.9,17.3,Permanent,0,4.351,1431.2,80.0,96.63,0.06822,0.809,29.87,40.0,98.7,0
3.7,2.602,0.281,0.0213,0.0535,4.3,558,0.136,1547.2,253.4,58.8,Sand,1,4.5745,1425.6,121.6,47.43,0.04915,0.582,519.38,2.49,100.0,0
3.727,2.608,0.494,0.0106,0.0748,4.2,565,0.176,1509.3,295.4,37.9,Permanent,0,4.5993,1424.8,84.5,63.02,0.06878,0.829,143.27,8.47,100.0,0
3.571,2.487,0.259,0.0198,0.0734,3.6,867,0.113,1550.9,199.7,36.6,Permanent,0,4.4071,1430.1,120.8,94.94,0.0683,0.779,134.08,10.08,95.82,0
3.349,2.346,0.407,0.0405,0.0584,3.0,854,0.114,1540.5,179.9,18.9,Sand,1,4.1446,1437.5,103.0,92.91,0.05497,0.756,53.47,25.45,94.86,0
3.421,2.467,0.357,0.0378,0.0396,5.0,859,0.106,1548.7,174.7,54.6,Permanent,0,4.256,1434.5,114.2,87.17,0.03582,0.432,298.1,4.61,100.0,0
3.87,2.106,0.702,0.0472,0.0314,6.0,1164,0.09,1482.2,86.7,64.4,Sand,1,4.5879,1424.8,57.4,135.97,0.02786,0.459,622.39,2.24,79.79,0
3.319,2.881,0.483,0.0201,0.0204,14.6,1130,0.216,1480.9,135.5,32.1,Permanent,0,4.2856,1434.0,46.9,307.61,0.01527,0.298,103.09,13.05,38.05,1
3.109,2.171,0.165,0.0434,0.0383,7.4,461,0.061,1462.1,155.1,17.7,Permanent,0,3.8474,1445.6,16.5,14.51,0.03304,0.499,31.43,40.0,68.72,0
3.566,2.483,0.348,0.0224,0.0481,7.2,503,0.126,1545.0,234.1,17.7,Sand,1,4.4014,1430.3,114.7,35.83,0.04162,0.567,47.06,27.85,100.0,0
3.675,1.459,0.172,0.0681,0.0528,6.3,1513,0.235,1500.1,55.8,47.6,Permanent,0,4.1837,1435.4,64.6,601.67,0.04655,0.56,226.13,6.39,0.0,1
4.184,2.617,0.269,0.0792,0.0299,16.3,566,0.147,1584.7,153.5,48.9,Sand,1,5.083,1411.9,172.8,52.68,0.02163,0.203,358.94,3.99,62.9,0
3.326,2.726,0.273,0.0971,0.037,13.6,1399,0.064,1589.1,157.6,22.1,Die,2,4.267,1435.1,154.0,140.65,0.0282,0.317,38.9,36.8,81.0,0
3.67,2.14,0.274,0.0352,0.0457,3.9,780,0.167,1521.0,173.1,14.5,Sand,1,4.3954,1430.1,90.9,113.5,0.04234,0.618,31.41,40.0,98.42,0
3.528,1.967,0.283,0.0364,0.0702,3.8,768,0.134,1555.1,252.3,54.4,Permanent,0,4.1956,1435.5,119.7,88.12,0.06508,0.769,296.0,4.4,100.0,0
3.356,2.015,0.288,0.0123,0.0678,3.2,760,0.146,1514.8,222.4,36.8,Permanent,0,4.0321,1439.9,74.8,94.13,0.06351,0.71,135.49,9.54,92.69,0
3.746,2.648,0.329,0.0107,0.0386,6.7,817,0.094,1540.6,188.8,42.8,Permanent,0,4.6327,1423.9,116.7,70.4,0.03372,0.511,182.95,7.39,99.2,0
3.592,1.702,0.44,0.0744,0.0587,17.0,1182,0.088,1481.4,106.5,41.4,Die,2,4.1841,1435.8,45.5,137.27,0.04177,0.397,137.22,10.02,80.71,0
3.306,2.632,0.443,0.0419,0.0521,3.1,680,0.091,1514.9,283.7,25.0,Permanent,0,4.1974,1436.4,78.5,46.96,0.04896,0.676,62.47,19.71,98.7,0
3.332,2.588,0.395,0.0322,0.0459,6.4,870,0.17,1539.2,268.9,48.7,Permanent,0,4.2051,1436.0,103.2,143.54,0.04043,0.528,236.76,5.37,95.91,0
3.567,2.741,0.392,0.0575,0.057,7.3,571,0.096,1543.1,105.0,44.1,Permanent,0,4.4998,1428.2,114.9,35.11,0.04928,0.602,194.79,7.38,95.03,0
3.381,2.505,0.323,0.0296,0.0656,4.5,836,0.109,1507.5,150.3,25.0,Die,2,4.2261,1435.3,72.2,85.22,0.05998,0.75,50.01,27.14,100.0,0
3.573,2.411,0.31,0.0334,0.0389,4.0,549,0.149,1548.1,203.6,15.2,Permanent,0,4.3876,1430.7,117.4,50.12,0.03589,0.524,23.02,40.0,100.0,0
3.638,2.267,0.298,0.029,0.0416,6.5,689,0.152,1534.5,159.3,55.9,Permanent,0,4.404,1430.0,104.5,80.65,0.03653,0.472,312.96,4.39,100.0,0
3.338,2.005,0.375,0.0462,0.0744,4.3,752,0.166,1538.8,240.5,48.5,Sand,1,4.0216,1440.5,98.3,104.98,0.06819,0.74,353.51,3.67,90.52,0
3.425,2.274,0.314,0.0136,0.0525,3.3,856,0.112,1502.0,210.3,56.5,Permanent,0,4.1879,1435.9,66.1,91.73,0.04909,0.656,318.75,4.05,100.0,0
3.256,1.987,0.562,0.0621,0.0481,16.9,1115,0.184,1521.6,62.2,7.7,Sand,1,3.9396,1442.9,78.7,254.86,0.03435,0.345,8.94,40.0,57.8,1
3.428,2.248,0.549,0.0346,0.0474,7.6,503,0.095,1519.2,198.1,59.4,Permanent,0,4.1892,1436.0,83.2,26.86,0.04074,0.562,352.65,3.75,99.92,0
3.702,2.345,0.491,0.0472,0.051,4.5,669,0.098,1516.1,220.6,40.7,Permanent,0,4.4994,1427.6,88.5,48.94,0.04658,0.649,165.9,7.81,100.0,0
3.704,2.178,0.32,0.0212,0.0717,4.7,683,0.166,1549.8,162.1,50.0,Sand,1,4.4366,1428.9,120.9,86.71,0.06536,0.767,374.39,3.71,97.01,0
3.793,2.429,0.417,0.0123,0.0711,4.4,862,0.084,1550.0,235.1,36.3,Permanent,0,4.6069,1424.4,125.6,69.6,0.06504,0.776,131.74,9.98,100.0,0
3.715,1.933,0.317,0.0273,0.0725,5.7,614,0.145,1542.3,163.6,47.4,Sand,1,4.3688,1430.5,111.8,61.07,0.06472,0.817,336.55,4.1,100.0,0
3.739,2.994,0.789,0.0912,0.048,15.0,495,0.056,1519.5,67.1,5.2,Sand,1,4.7677,1421.3,98.2,15.39,0.0356,0.401,4.08,40.0,80.34,0
3.661,2.094,0.304,0.0207,0.0386,5.8,346,0.217,1461.2,116.7,10.2,Permanent,0,4.3658,1430.7,30.5,28.96,0.03435,0.513,10.36,40.0,83.57,0
3.782,2.529,0.349,0.0109,0.0592,3.1,772,0.128,1530.7,212.6,59.4,Sand,1,4.6288,1423.9,106.9,85.14,0.05566,0.674,528.56,2.49,100.0,0
3.624,1.933,0.537,0.0129,0.0401,2.1,639,0.131,1530.8,242.2,57.0,Permanent,0,4.2724,1433.1,97.7,59.91,0.03849,0.573,325.19,3.96,100.0,0
4.195,1.677,0.283,0.0366,0.0227,7.9,439,0.098,1456.0,131.9,20.0,Sand,1,4.7661,1419.1,36.8,21.19,0.01939,0.289,60.28,21.96,73.35,0
3.499,1.985,0.291,0.0276,0.0652,5.9,631,0.084,1549.2,269.3,10.2,Permanent,0,4.1697,1436.2,113.1,37.51,0.05795,0.701,10.35,40.0,100.0,0
3.552,2.524,0.441,0.0997,0.0228,16.8,508,0.214,1587.3,151.1,37.1,Sand,1,4.4267,1430.3,156.9,61.65,0.0163,0.163,206.52,6.95,74.93,0
3.499,1.971,0.292,0.043,0.0599,6.6,670,0.176,1522.4,248.5,17.4,Die,2,4.1697,1436.3,86.1,88.3,0.05244,0.593,24.09,40.0,100.0,0
3.665,2.102,0.546,0.0277,0.0507,6.2,708,0.129,1505.6,182.0,37.0,Permanent,0,4.3753,1430.6,75.1,72.31,0.04478,0.594,137.11,9.65,100.0,0
3.616,2.226,0.256,0.0185,0.0737,4.8,787,0.133,1509.2,217.6,34.9,Permanent,0,4.364,1430.9,78.2,91.88,0.06694,0.82,121.73,10.61,100.0,0
3.313,2.309,0.411,0.0467,0.0666,3.2,687,0.086,1543.3,289.3,30.8,Permanent,0,4.098,1438.8,104.6,45.2,0.06246,0.739,94.88,13.22,100.0,0
3.729,2.401,0.34,0.0422,0.0602,6.6,719,0.103,1509.9,152.9,25.2,Sand,1,4.5433,1426.4,83.5,59.78,0.05276,0.625,95.04,14.28,100.0,0
3.778,2.294,0.498,0.0335,0.0504,7.8,763,0.086,1529.8,293.0,30.6,Sand,1,4.5535,1425.9,103.9,56.16,0.04316,0.531,140.84,8.78,100.0,0
3.416,2.23,0.389,0.0175,0.0422,3.7,617,0.09,1511.5,175.2,10.3,Permanent,0,4.1652,1436.5,75.0,38.1,0.03915,0.628,10.57,40.0,100.0,0
3.405,2.547,0.29,0.0106,0.0398,5.5,812,0.08,1534.3,219.9,30.5,Permanent,0,4.2577,1434.3,100.0,58.94,0.03569,0.472,92.87,14.15,100.0,0
3.68,2.266,0.287,0.0184,0.0415,7.7,659,0.081,1549.1,267.4,40.8,Sand,1,4.4414,1428.8,120.2,39.17,0.0356,0.383,249.67,5.13,100.0,0
3.577,2.357,0.406,0.0478,0.059,7.3,817,0.125,1539.2,151.0,58.4,Permanent,0,4.3783,1431.0,108.2,93.06,0.05096,0.63,341.46,4.07,100.0,0
3.737,2.004,0.439,0.0792,0.0559,9.9,409,0.069,1594.9,108.5,8.2,Sand,1,4.431,1429.3,165.5,12.86,0.04586,0.428,10.09,40.0,70.88,0
3.421,2.948,0.743,0.0228,0.0225,9.1,1184,0.226,1446.0,157.1,21.1,Sand,1,4.4109,1430.6,15.4,354.49,0.01877,0.288,67.05,19.22,21.0,1
3.794,2.508,0.5,0.0413,0.0725,3.0,848,0.082,1536.8,152.8,30.9,Sand,1,4.6436,1423.7,113.1,66.06,0.06831,0.895,143.41,9.65,100.0,0
3.65,2.337,0.519,0.0177,0.0511,6.7,607,0.162,1557.9,273.0,58.0,Sand,1,4.4354,1429.1,128.8,66.75,0.04466,0.568,505.05,2.54,100.0,0
3.366,1.945,0.28,0.014,0.0566,3.9,872,0.083,1531.6,229.8,19.7,Permanent,0,4.0189,1440.2,91.4,70.19,0.05234,0.689,38.71,33.63,95.74,0
3.575,2.181,0.324,0.0298,0.0435,6.9,554,0.115,1544.2,198.1,21.0,Sand,1,4.3114,1432.5,111.7,39.58,0.03788,0.55,65.95,20.41,100.0,0
3.58,2.076,0.288,0.0486,0.0403,2.0,850,0.098,1536.9,206.2,18.7,Permanent,0,4.2876,1433.2,103.8,79.06,0.0387,0.535,35.12,37.89,100.0,0
3.536,2.395,0.538,0.0278,0.0536,5.6,816,0.122,1534.4,215.7,10.9,Permanent,0,4.3431,1431.8,102.6,90.81,0.0479,0.625,11.82,40.0,100.0,0
3.513,1.587,0.287,0.0866,0.0346,13.4,452,0.231,1589.4,136.9,48.8,Permanent,0,4.0708,1438.9,150.5,52.88,0.02644,0.253,237.9,6.11,82.32,0
3.997,3.094,0.723,0.0858,0.0473,9.2,1549,0.246,1542.9,65.4,20.2,Permanent,0,5.0571,1413.3,129.6,660.83,0.03935,0.461,40.86,36.16,0.0,1
3.407,2.178,0.29,0.0259,0.0393,6.5,744,0.113,1507.9,271.5,55.4,Sand,1,4.1412,1437.2,70.7,69.62,0.03454,0.491,460.91,2.68,98.22,0
3.578,2.537,0.473,0.0282,0.0401,7.3,831,0.127,1539.7,257.5,34.2,Die,2,4.4328,1429.5,110.2,98.08,0.03465,0.444,93.48,13.72,100.0,0
3.51,2.171,0.352,0.0801,0.0288,13.4,386,0.15,1603.9,112.4,54.8,Sand,1,4.2608,1434.3,169.5,25.02,0.02199,0.284,449.97,3.31,69.53,0
3.429,2.48,0.402,0.0124,0.0455,6.3,525,0.121,1516.5,157.6,19.9,Permanent,0,4.2602,1434.1,82.4,37.38,0.0401,0.574,39.41,34.48,100.0,0
4.11,2.024,0.155,0.0948,0.0263,5.3,397,0.209,1497.8,114.9,65.3,Die,2,4.8165,1418.7,79.1,36.98,0.0237,0.392,340.96,4.06,81.6,0
3.77,2.326,0.251,0.039,0.0674,3.1,756,0.124,1518.7,233.2,23.6,Sand,1,4.5578,1425.8,92.9,79.17,0.06342,0.797,83.67,15.36,99.68,0
3.694,2.017,0.536,0.0373,0.0628,7.0,526,0.127,1546.3,274.9,22.0,Permanent,0,4.3791,1430.4,115.9,39.21,0.0546,0.606,48.2,26.38,100.0,0
3.603,2.143,0.262,0.02,0.0538,3.8,654,0.161,1540.4,160.1,40.6,Permanent,0,4.324,1432.0,108.5,77.18,0.0499,0.704,164.52,8.39,100.0,0
3.591,2.691,0.488,0.0304,0.0617,6.0,805,0.099,1542.1,252.7,46.7,Permanent,0,4.4981,1427.9,114.2,71.76,0.05481,0.692,218.01,5.91,100.0,0
3.415,1.938,0.348,0.0149,0.0733,3.3,889,0.137,1508.9,244.0,30.4,Permanent,0,4.0662,1438.9,70.1,121.14,0.06852,0.84,92.65,13.65,92.35,0
3.61,2.069,0.369,0.0346,0.0656,7.2,812,0.101,1517.1,238.5,45.2,Sand,1,4.3112,1432.4,84.7,74.76,0.05678,0.695,306.41,4.17,100.0,0
3.625,2.045,0.467,0.0193,0.0583,7.7,599,0.15,1508.8,298.7,28.3,Permanent,0,4.313,1432.1,76.7,60.06,0.05001,0.683,80.32,15.07,100.0,0
3.364,1.91,0.476,0.0224,0.0689,4.6,535,0.173,1547.1,295.7,55.2,Sand,1,4.008,1440.5,106.6,55.32,0.06289,0.759,457.16,2.74,99.95,0
3.382,2.569,0.259,0.0333,0.0414,2.5,852,0.13,1538.0,282.8,10.8,Sand,1,4.2498,1434.7,103.3,105.66,0.03942,0.557,17.52,40.0,100.0,0
3.483,2.022,0.574,0.0206,0.0488,11.9,329,0.203,1588.4,80.6,49.7,Sand,1,4.1633,1436.3,152.1,24.55,0.03851,0.469,370.53,4.07,79.68,0
4.124,2.264,0.644,0.0414,0.0405,11.4,1420,0.174,1440.2,76.2,43.1,Sand,1,4.8926,1416.4,23.8,392.76,0.03225,0.41,278.22,4.9,13.18,1
3.769,3.086,0.598,0.0214,0.0324,7.9,1302,0.055,1586.5,102.1,34.0,Permanent,0,4.8047,1419.8,166.7,104.09,0.02769,0.427,115.92,12.81,74.46,0
3.493,2.533,0.225,0.0858,0.0357,6.4,566,0.217,1559.3,59.4,10.7,Die,2,4.3657,1431.9,127.4,77.58,0.03137,0.482,9.11,40.0,86.36,0
3.504,2.277,0.465,0.0478,0.0674,4.1,541,0.162,1558.0,204.9,56.9,Sand,1,4.2789,1433.7,124.4,52.91,0.06212,0.684,486.32,2.78,99.95,0
3.575,1.921,0.36,0.0186,0.0665,6.7,811,0.135,1545.1,232.0,44.7,Sand,1,4.2212,1434.5,110.6,99.35,0.05814,0.643,299.66,4.38,100.0,0
3.54,2.279,0.343,0.0132,0.0635,3.2,544,0.1,1508.7,195.9,19.6,Permanent,0,4.3036,1432.7,76.1,33.17,0.0595,0.686,38.45,34.14,97.65,0
3.601,2.633,0.33,0.0224,0.0629,6.5,895,0.14,1549.4,200.0,57.4,Sand,1,4.4858,1428.1,121.3,125.22,0.05522,0.751,493.7,2.73,97.32,0
3.77,2.623,0.496,0.0166,0.0678,4.5,834,0.109,1551.9,207.1,40.9,Die,2,4.6503,1423.4,128.5,84.6,0.06203,0.822,133.59,10.07,100.0,0
3.514,2.512,0.495,0.0575,0.0574,14.3,1499,0.121,1609.3,52.2,62.2,Permanent,0,4.37,1431.5,177.8,303.59,0.04305,0.541,387.36,4.02,38.25,1
3.793,2.146,0.377,0.0318,0.0621,6.7,899,0.121,1540.5,233.0,15.2,Permanent,0,4.5194,1426.6,113.8,109.33,0.05431,0.719,23.13,40.0,100.0,0
3.856,2.919,0.729,0.0277,0.0295,13.3,557,0.108,1477.6,154.0,59.9,Permanent,0,4.8377,1418.7,58.9,37.39,0.02259,0.293,358.86,3.69,87.99,0
3.071,2.294,0.643,0.0746,0.0304,9.5,1199,0.124,1519.7,150.7,80.1,Permanent,0,3.8603,1445.7,74.0,199.79,0.02514,0.328,642.05,2.13,65.32,0
3.084,1.831,0.597,0.07,0.0343,12.3,384,0.078,1526.6,51.0,70.3,Permanent,0,3.7171,1449.0,77.6,12.91,0.02684,0.349,494.1,2.99,72.67,0
3.715,2.219,0.299,0.0278,0.0508,3.5,639,0.117,1535.3,275.2,21.9,Permanent,0,4.4639,1428.2,107.1,53.41,0.04738,0.717,48.13,26.18,100.0,0
3.848,1.85,0.712,0.05,0.0375,16.1,1384,0.181,1497.8,154.0,50.2,Sand,1,4.4809,1427.5,70.3,387.73,0.02719,0.304,377.96,3.56,39.12,1
3.745,2.431,0.548,0.0239,0.0713,7.7,517,0.084,1559.0,205.9,27.1,Sand,1,4.5633,1425.7,133.3,25.15,0.06112,0.692,110.46,12.25,95.77,0
3.397,2.429,0.274,0.0459,0.0658,2.8,568,0.169,1528.0,169.7,25.7,Die,2,4.2223,1435.4,92.6,60.75,0.06216,0.776,52.79,25.73,99.64,0
3.374,1.936,0.491,0.0468,0.054,4.0,871,0.145,1549.8,204.4,47.3,Permanent,0,4.0352,1440.0,109.7,123.19,0.04986,0.658,223.6,6.02,94.29,0
3.647,2.559,0.421,0.0149,0.041,5.1,600,0.115,1507.1,206.6,42.4,Permanent,0,4.5049,1427.4,79.7,46.21,0.037,0.533,180.16,7.22,100.0,0
3.306,2.458,0.325,0.041,0.0496,3.9,840,0.177,1555.3,188.5,25.6,Permanent,0,4.139,1437.8,117.5,139.5,0.04585,0.609,65.33,20.92,94.04,0
3.387,2.44,0.399,0.0172,0.0586,4.9,680,0.127,1515.5,172.7,28.8,Permanent,0,4.206,1435.6,79.9,65.82,0.05317,0.721,82.92,16.19,100.0,0
3.463,2.172,0.42,0.0214,0.041,4.1,773,0.118,1512.8,213.0,30.8,Permanent,0,4.1938,1435.7,77.2,79.01,0.03778,0.518,95.13,13.66,100.0,0
3.416,2.289,0.436,0.0344,0.0574,3.8,887,0.141,1557.7,226.0,58.3,Permanent,0,4.1907,1436.0,121.6,124.25,0.05323,0.691,339.66,3.92,100.0,0
3.799,2.681,0.585,0.0894,0.0555,8.6,1506,0.243,1523.4,59.2,59.7,Permanent,0,4.7226,1422.2,101.2,616.07,0.04678,0.544,356.38,4.11,0.0,1
3.497,2.373,0.518,0.0231,0.0674,2.0,827,0.089,1547.9,153.3,54.0,Sand,1,4.2952,1433.1,114.8,68.08,0.06473,0.757,438.13,3.18,99.72,0
3.4,1.981,0.278,0.0296,0.0621,4.4,619,0.11,1504.8,278.5,55.4,Permanent,0,4.07,1439.0,65.8,47.23,0.05687,0.681,306.67,4.0,97.41,0
3.52,2.681,0.329,0.0127,0.0458,4.6,808,0.143,1528.9,151.0,37.2,Permanent,0,4.4178,1430.0,98.9,104.53,0.0418,0.545,138.2,9.97,100.0,0
3.789,1.994,0.427,0.0322,0.0656,4.4,706,0.087,1558.7,282.1,37.7,Sand,1,4.4639,1428.0,130.8,48.74,0.06008,0.681,212.91,6.0,100.0,0
3.44,2.617,0.4,0.0172,0.0726,4.4,589,0.111,1539.5,173.9,45.4,Permanent,0,4.318,1432.7,106.7,43.01,0.06659,0.795,206.01,6.63,100.0,0
3.637,2.086,0.349,0.0161,0.0433,3.5,850,0.143,1512.8,261.2,38.1,Die,2,4.3374,1431.5,81.3,115.84,0.04037,0.643,116.13,10.78,100.0,0
3.328,1.94,0.318,0.0323,0.0654,2.5,765,0.141,1536.4,248.3,26.9,Sand,1,3.9857,1441.3,95.1,92.02,0.06225,0.738,108.55,11.87,100.0,0
3.393,2.211,0.48,0.0483,0.0684,3.0,616,0.179,1506.3,226.9,42.0,Permanent,0,4.1458,1437.3,69.0,75.93,0.06444,0.766,176.57,7.25,97.8,0
3.404,2.543,0.429,0.0667,0.0299,17.3,394,0.058,1510.3,99.3,85.0,Permanent,0,4.2735,1434.4,75.9,10.07,0.02118,0.215,722.87,1.95,75.06,0
3.749,2.539,0.481,0.0271,0.0496,3.4,758,0.102,1534.4,252.2,31.2,Sand,1,4.6046,1424.7,109.7,65.25,0.04633,0.644,146.41,8.76,100.0,0
3.731,2.472,0.495,0.0275,0.0738,3.4,624,0.141,1554.2,222.3,23.1,Permanent,0,4.5644,1425.7,128.5,61.35,0.06896,0.827,53.58,24.86,98.87,0
3.36,1.973,0.254,0.0646,0.032,11.3,1389,0.1,1512.4,139.7,67.5,Permanent,0,4.039,1440.1,72.3,216.1,0.02554,0.376,455.64,3.01,63.28,0
3.455,1.974,0.638,0.0717,0.0398,6.4,417,0.196,1507.4,62.2,81.6,Permanent,0,4.1369,1437.5,69.9,38.13,0.03504,0.452,666.45,2.17,92.93,0
3.614,2.698,0.416,0.0439,0.0542,7.6,735,0.141,1548.4,254.9,56.2,Sand,1,4.5276,1427.2,121.1,85.36,0.04657,0.508,473.64,2.73,100.0,0
3.501,1.931,0.357,0.018,0.0434,3.6,660,0.175,1557.8,297.5,38.6,Permanent,0,4.1506,1436.5,121.3,85.22,0.0404,0.548,148.84,8.47,100.0,0
3.471,2.501,0.32,0.029,0.0415,5.0,562,0.114,1524.7,178.8,41.6,Die,2,4.3138,1432.8,91.9,40.25,0.03751,0.512,138.46,9.72,97.48,0
3.303,2.437,0.381,0.0375,0.0595,7.9,562,0.127,1519.4,182.8,34.8,Die,2,4.128,1438.0,81.4,44.73,0.05088,0.586,96.84,13.8,100.0,0
3.7,2.594,0.544,0.0365,0.0696,2.8,761,0.122,1527.9,258.5,38.5,Permanent,0,4.577,1425.6,102.3,79.29,0.06588,0.757,148.14,8.57,100.0,0
3.786,1.734,0.624,0.0808,0.0577,13.0,1192,0.064,1516.4,118.7,56.0,Permanent,0,4.3914,1430.1,86.3,102.37,0.04453,0.475,313.41,4.46,97.79,0
3.67,2.336,0.281,0.0275,0.0398,6.2,544,0.147,1549.0,163.0,14.7,Sand,1,4.4582,1428.5,120.4,48.64,0.03512,0.516,32.27,40.0,100.0,0
3.333,2.649,0.536,0.0307,0.0414,7.5,680,0.17,1556.6,256.6,46.4,Die,2,4.2262,1435.5,121.1,88.11,0.03565,0.521,172.32,7.54,100.0,0
4.171,1.84,0.424,0.0788,0.0518,17.2,1316,0.096,1577.3,123.9,66.9,Sand,1,4.8106,1418.5,158.8,186.62,0.03672,0.318,670.88,2.17,68.02,0
3.474,2.15,0.461,0.0428,0.0743,6.8,619,0.106,1539.6,151.3,35.7,Permanent,0,4.205,1435.5,104.1,45.57,0.06484,0.734,127.63,10.88,99.31,0
3.517,2.184,0.386,0.026,0.0665,3.8,657,0.126,1524.7,225.9,58.2,Sand,1,4.254,1434.0,90.7,60.77,0.06155,0.789,508.81,2.55,100.0,0
3.305,2.256,0.467,0.0402,0.0634,4.7,745,0.123,1510.2,277.3,41.9,Permanent,0,4.0702,1439.4,70.8,76.27,0.05778,0.639,175.21,7.04,97.91,0
3.693,2.003,0.329,0.0131,0.0416,7.9,660,0.089,1504.5,158.3,54.6,Sand,1,4.3646,1430.6,73.9,43.58,0.03547,0.454,447.22,3.01,100.0,0
3.306,2.004,0.52,0.0379,0.0397,3.6,590,0.161,1529.1,159.5,18.3,Die,2,3.9869,1441.4,87.7,62.61,0.03692,0.503,26.69,40.0,92.22,0
3.206,2.436,0.231,0.0451,0.0544,14.0,1185,0.084,1545.8,149.5,35.6,Permanent,0,4.0332,1440.7,105.0,131.56,0.04109,0.445,126.82,11.01,92.48,0
3.323,1.976,0.376,0.0115,0.0395,4.7,747,0.153,1510.9,298.4,15.5,Permanent,0,3.9853,1441.2,69.7,95.35,0.03592,0.604,23.9,40.0,97.44,0
3.654,1.939,0.421,0.0372,0.0436,4.5,705,0.157,1546.0,232.3,15.5,Die,2,4.3128,1432.2,113.8,87.17,0.03984,0.539,19.12,40.0,98.73,0
4.183,2.959,0.301,0.0427,0.0435,15.5,1327,0.192,1459.7,86.2,78.7,Permanent,0,5.1838,1409.2,50.5,377.72,0.03191,0.391,620.06,2.22,23.7,1
3.65,1.846,0.252,0.0879,0.0319,15.7,467,0.221,1588.7,96.1,32.6,Permanent,0,4.2941,1433.0,155.7,53.99,0.02329,0.306,106.52,14.01,75.76,0
3.66,2.001,0.519,0.0427,0.0557,2.3,573,0.106,1552.3,166.7,48.0,Die,2,4.3414,1431.5,120.8,38.8,0.05329,0.71,184.54,7.51,100.0,0
3.761,2.461,0.659,0.0343,0.0201,5.2,541,0.147,1559.7,157.2,38.5,Sand,1,4.5931,1425.0,134.7,48.13,0.01816,0.367,222.12,6.31,84.18,0
3.383,2.369,0.55,0.0307,0.0494,2.1,606,0.171,1553.8,232.2,47.4,Die,2,4.1833,1436.3,117.5,70.12,0.04742,0.642,180.09,7.34,100.0,0
3.681,2.045,0.388,0.0249,0.0712,5.1,852,0.156,1515.4,259.7,30.3,Die,2,4.3707,1430.6,84.8,126.28,0.06429,0.821,73.63,17.05,96.37,0
3.32,2.555,0.427,0.0188,0.0658,5.4,873,0.144,1534.1,285.1,37.8,Permanent,0,4.1778,1436.6,97.5,122.5,0.05906,0.676,142.71,8.75,99.01,0
3.562,2.511,0.253,0.0403,0.0426,4.2,706,0.118,1516.1,161.9,20.7,Permanent,0,4.4126,1430.2,85.9,66.07,0.03917,0.584,42.95,31.53,100.0,0
3.557,1.518,0.427,0.0568,0.0296,8.2,551,0.134,1592.7,114.7,41.1,Permanent,0,4.0819,1438.3,154.4,45.48,0.02512,0.362,169.05,8.74,79.77,0
3.764,2.586,0.504,0.0128,0.0605,2.7,809,0.096,1535.8,216.3,16.0,Sand,1,4.6299,1423.9,111.9,70.03,0.05732,0.668,38.21,34.53,100.0,0
3.58,2.375,0.493,0.0426,0.0612,4.5,593,0.085,1553.3,228.1,27.8,Die,2,4.3861,1430.8,122.5,33.45,0.05601,0.663,61.74,21.46,96.89,0
3.448,2.615,0.548,0.035,0.0547,3.6,774,0.105,1515.7,283.4,19.6,Sand,1,4.3315,1432.5,83.2,70.42,0.05095,0.73,57.91,21.28,100.0,0
3.56,1.813,0.476,0.0916,0.0422,15.8,1113,0.141,1600.4,125.3,70.2,Permanent,0,4.1949,1435.8,164.6,195.34,0.03075,0.374,492.82,2.99,60.28,1
3.668,1.964,0.282,0.012,0.0586,5.9,541,0.096,1523.7,235.8,13.4,Die,2,4.327,1431.6,92.2,31.43,0.05208,0.623,14.28,40.0,96.54,0
3.781,2.11,0.553,0.0245,0.0281,9.3,427,0.226,1547.9,98.6,32.2,Permanent,0,4.4921,1427.3,120.6,46.04,0.02327,0.47,103.84,13.96,86.86,0
3.57,2.037,0.544,0.0433,0.0578,6.7,790,0.144,1546.8,252.4,55.6,Permanent,0,4.2633,1433.7,113.1,100.18,0.05056,0.676,309.09,4.19,100.0,0
3.49,2.596,0.296,0.0311,0.0625,6.6,644,0.121,1529.1,213.0,22.3,Permanent,0,4.3657,1431.5,97.6,56.2,0.05484,0.628,49.93,26.36,100.0,0
3.317,2.632,0.284,0.0259,0.0546,5.7,565,0.108,1510.5,172.4,57.9,Permanent,0,4.2025,1436.1,74.4,38.52,0.04875,0.609,335.75,3.99,99.79,0
3.779,2.673,0.441,0.0117,0.0726,2.9,641,0.143,1510.5,161.8,24.1,Sand,1,4.6741,1422.8,87.7,65.9,0.06849,0.809,87.05,15.49,100.0,0
3.94,1.809,0.275,0.0331,0.052,8.9,1525,0.074,1530.0,72.1,86.8,Permanent,0,4.5542,1425.2,104.7,191.38,0.04354,0.503,753.1,1.94,76.07,0
3.306,1.994,0.499,0.0374,0.0714,5.6,895,0.099,1547.1,156.3,41.8,Permanent,0,3.9827,1441.5,105.6,89.0,0.06382,0.764,174.76,7.96,100.0,0
3.627,2.455,0.466,0.0456,0.0687,7.2,623,0.174,1528.6,218.3,41.1,Sand,1,4.4608,1428.8,99.8,75.63,0.05953,0.696,253.67,5.17,100.0,0
3.349,2.447,0.41,0.029,0.0549,6.3,713,0.169,1524.1,197.2,41.8,Sand,1,4.1743,1436.7,87.5,96.22,0.04844,0.629,261.61,5.07,100.0,0
3.505,2.599,0.405,0.0476,0.0443,7.3,641,0.142,1559.1,248.8,19.3,Permanent,0,4.3874,1431.1,128.1,65.27,0.03831,0.534,37.12,35.3,99.16,0
3.9,1.71,0.235,0.0329,0.036,9.7,588,0.075,1555.5,138.2,18.6,Permanent,0,4.4814,1427.1,128.4,28.9,0.02965,0.419,34.5,40.0,91.51,0
3.733,2.145,0.266,0.0112,0.0703,4.0,524,0.152,1510.5,258.1,18.7,Die,2,4.4514,1428.3,82.1,46.83,0.06491,0.739,27.97,40.0,96.52,0
3.768,2.141,0.385,0.0218,0.0473,3.6,532,0.099,1504.0,198.9,36.6,Permanent,0,4.4893,1427.4,76.6,31.37,0.04404,0.607,133.62,9.77,100.0,0
3.406,1.976,0.381,0.0186,0.066,6.4,595,0.14,1550.3,191.9,43.2,Sand,1,4.0705,1438.8,111.5,55.41,0.05815,0.684,279.62,4.86,100.0,0
3.486,2.034,0.569,0.046,0.0456,6.9,238,0.216,1569.3,68.6,8.6,Sand,1,4.1793,1436.1,133.2,13.65,0.03978,0.522,10.99,40.0,77.75,0
3.614,2.666,0.546,0.0255,0.049,4.9,533,0.093,1526.7,164.4,21.6,Sand,1,4.5118,1427.5,99.2,29.57,0.04446,0.626,70.2,19.41,100.0,0
3.566,2.58,0.549,0.0191,0.0748,7.3,522,0.129,1516.0,288.1,17.0,Die,2,4.4326,1429.5,86.5,39.37,0.06458,0.721,22.99,40.0,98.63,0
3.331,2.173,0.527,0.0411,0.0514,4.1,707,0.099,1533.7,244.1,50.5,Sand,1,4.0691,1439.3,94.3,55.49,0.04736,0.692,381.92,3.38,100.0,0
3.283,2.361,0.796,0.043,0.0312,10.4,431,0.156,1524.9,78.9,44.4,Permanent,0,4.0838,1439.2,85.7,32.44,0.02535,0.355,196.87,7.35,85.85,0
3.629,2.148,0.509,0.0166,0.0741,7.3,507,0.11,1552.9,188.4,42.8,Die,2,4.351,1431.2,121.7,31.68,0.0641,0.78,146.41,9.32,96.3,0
3.358,2.208,0.406,0.0202,0.0469,4.8,765,0.157,1511.2,248.3,52.9,Permanent,0,4.1007,1438.3,72.9,102.86,0.04258,0.576,279.4,4.52,99.79,0
3.67,2.632,0.53,0.0156,0.0748,7.9,790,0.082,1552.2,163.0,27.5,Permanent,0,4.5526,1426.2,126.0,57.2,0.06393,0.719,75.72,18.35,100.0,0
3.616,2.376,0.377,0.0354,0.0416,5.7,759,0.098,1517.1,176.5,47.9,Permanent,0,4.4194,1429.8,87.4,62.96,0.03714,0.539,229.36,5.85,100.0,0
3.767,2.171,0.295,0.0437,0.0512,8.0,706,0.135,1520.0,164.0,32.0,Sand,1,4.5052,1427.2,92.9,75.1,0.04362,0.487,153.6,8.83,100.0,0
3.784,2.306,0.337,0.0471,0.0718,4.0,655,0.134,1512.7,236.0,54.1,Permanent,0,4.5689,1425.6,87.1,64.08,0.06628,0.727,292.52,4.36,99.58,0
3.789,2.674,0.381,0.0451,0.0712,2.1,807,0.087,1509.0,236.8,22.3,Sand,1,4.6949,1422.5,86.5,63.11,0.06826,0.838,74.28,17.13,100.0,0
3.499,2.512,0.329,0.0477,0.0576,5.2,815,0.17,1540.5,199.7,47.2,Sand,1,4.3526,1431.9,108.5,125.87,0.05189,0.604,334.8,4.0,94.21,0
3.49,2.092,0.402,0.0117,0.0729,3.6,891,0.1,1546.6,195.3,31.8,Die,2,4.1918,1435.5,111.1,88.88,0.06776,0.823,80.7,16.75,99.35,0
3.668,2.156,0.207,0.0484,0.05,15.3,339,0.098,1485.4,95.9,70.7,Permanent,0,4.4032,1430.0,55.4,12.59,0.0368,0.441,499.58,2.78,85.64,0
3.795,2.488,0.307,0.0263,0.0686,6.9,649,0.114,1504.2,292.2,44.7,Permanent,0,4.6331,1423.8,80.4,53.89,0.05982,0.656,199.59,6.07,100.0,0
3.334,2.26,0.416,0.0375,0.0647,2.6,746,0.166,1540.9,256.1,46.3,Permanent,0,4.1,1438.6,102.3,103.43,0.06145,0.756,214.62,5.99,100.0,0
3.679,2.031,0.309,0.0438,0.049,5.1,669,0.174,1519.0,167.7,55.4,Permanent,0,4.3711,1430.7,88.2,87.14,0.04427,0.498,306.43,4.41,100.0,0
3.76,2.213,0.524,0.0198,0.0676,3.0,845,0.177,1502.7,205.1,28.9,Permanent,0,4.5048,1427.0,75.7,141.41,0.06362,0.698,83.46,15.55,97.47,0
3.585,2.517,0.396,0.018,0.0638,7.4,582,0.121,1530.1,243.5,26.2,Permanent,0,4.4298,1429.5,100.6,45.61,0.05501,0.667,68.49,18.79,100.0,0
3.797,2.265,0.537,0.0289,0.0582,3.7,850,0.092,1516.2,167.7,59.3,Die,2,4.5616,1425.6,90.6,74.69,0.05411,0.694,281.35,4.79,100.0,0
3.52,1.958,0.433,0.0486,0.051,2.7,777,0.155,1518.5,185.1,27.1,Sand,1,4.1886,1435.8,82.7,104.67,0.0483,0.628,110.38,12.08,97.44,0
3.447,2.232,0.454,0.047,0.0669,3.3,793,0.122,1516.3,236.7,15.8,Permanent,0,4.207,1435.6,80.7,85.41,0.06261,0.657,24.88,40.0,99.42,0
3.442,2.379,0.16,0.0436,0.0202,8.6,241,0.09,1444.7,130.0,5.6,Sand,1,4.2495,1434.6,10.1,5.83,0.01699,0.304,4.74,40.0,58.06,1
3.677,2.416,0.547,0.0118,0.0695,3.7,532,0.099,1505.9,244.5,59.2,Sand,1,4.4865,1427.7,78.2,31.25,0.06452,0.781,526.5,2.4,100.0,0
3.378,2.618,0.355,0.0419,0.0672,5.7,577,0.176,1520.7,295.5,45.5,Die,2,4.2646,1434.5,86.2,65.29,0.06005,0.762,165.75,7.39,100.0,0
3.715,2.525,0.341,0.0122,0.0467,5.5,678,0.104,1533.8,299.8,52.5,Permanent,0,4.5602,1425.8,108.0,53.57,0.04188,0.555,275.46,4.48,100.0,0
3.569,2.616,0.369,0.0323,0.0615,2.7,590,0.11,1510.7,268.3,15.6,Die,2,4.4519,1429.1,81.6,42.63,0.05829,0.848,19.53,40.0,100.0,0
3.698,1.94,0.487,0.0411,0.0456,3.7,879,0.115,1541.7,197.6,13.4,Permanent,0,4.358,1430.9,110.8,99.77,0.04231,0.58,18.06,40.0,95.35,0
3.356,2.343,0.544,0.0341,0.0586,5.4,532,0.096,1521.0,255.7,19.1,Permanent,0,4.1484,1437.3,83.7,30.31,0.05262,0.608,36.32,34.84,95.02,0
3.584,2.617,0.435,0.0156,0.0641,4.4,675,0.139,1532.0,268.9,41.1,Die,2,4.4616,1428.7,103.3,70.83,0.05878,0.786,135.38,9.33,100.0,0
3.528,2.034,0.431,0.0265,0.0597,3.1,838,0.175,1554.3,248.0,27.9,Sand,1,4.2149,1434.9,119.3,137.31,0.05606,0.773,116.35,11.23,92.8,0
3.546,2.595,0.55,0.0444,0.0517,6.5,513,0.118,1552.4,216.6,17.8,Sand,1,4.426,1429.9,122.4,34.72,0.04541,0.635,47.33,28.22,100.0,0
3.35,2.216,0.452,0.0126,0.0704,2.3,711,0.151,1517.3,222.2,42.5,Die,2,4.0933,1438.5,78.8,85.7,0.06725,0.891,144.57,8.96,100.0,0
3.778,2.31,0.485,0.0478,0.073,7.5,804,0.176,1513.6,288.1,23.0,Permanent,0,4.5643,1425.7,87.9,126.96,0.06281,0.73,52.79,23.21,95.19,0
4.183,1.429,0.689,0.0554,0.0503,9.2,261,0.205,1596.7,148.9,81.2,Die,2,4.6776,1421.4,175.2,15.64,0.04188,0.485,526.83,2.75,76.99,0
3.342,2.008,0.371,0.0456,0.0458,2.9,862,0.14,1547.8,219.4,54.1,Permanent,0,4.0268,1440.4,107.5,116.38,0.0432,0.541,292.27,4.55,94.64,0
3.647,2.47,0.419,0.0398,0.0589,2.1,796,0.158,1533.8,153.7,53.1,Permanent,0,4.4836,1428.1,105.6,111.95,0.05643,0.729,281.71,4.9,100.0,0
3.22,2.767,0.318,0.0627,0.0412,11.5,1586,0.06,1502.6,114.4,19.7,Sand,1,4.1633,1437.7,64.9,167.28,0.03274,0.366,58.44,23.75,81.85,0
3.775,1.905,0.326,0.0181,0.0606,5.7,793,0.093,1558.4,210.4,32.6,Permanent,0,4.4164,1429.1,129.4,65.2,0.05411,0.657,106.16,12.7,100.0,0
4.016,2.062,0.451,0.0246,0.0362,5.7,351,0.096,1472.4,51.1,53.6,Die,2,4.7119,1421.0,51.4,13.21,0.03234,0.403,230.26,6.17,74.34,0
3.449,2.033,0.365,0.0328,0.0411,6.6,556,0.14,1552.2,251.9,35.6,Permanent,0,4.1374,1437.2,115.0,48.36,0.03601,0.436,126.93,10.24,100.0,0
3.318,2.076,0.373,0.0144,0.0566,2.9,556,0.09,1539.1,261.2,59.5,Permanent,0,4.0152,1440.5,98.6,31.09,0.05349,0.717,354.61,3.6,96.79,0
3.313,2.108,0.496,0.047,0.0443,7.3,693,0.139,1516.4,196.2,50.9,Permanent,0,4.0315,1440.4,76.1,74.41,0.03831,0.526,258.83,5.1,92.97,0
3.846,1.67,0.38,0.0435,0.0205,14.9,1444,0.094,1451.6,123.6,61.1,Die,2,4.4169,1429.0,22.7,219.22,0.01518,0.194,298.87,4.44,42.51,1
3.329,2.444,0.347,0.0454,0.0715,4.9,827,0.084,1504.5,178.0,38.4,Permanent,0,4.1587,1437.2,67.3,64.63,0.06488,0.698,147.5,8.99,98.71,0
3.239,1.765,0.497,0.0482,0.0355,8.0,1320,0.218,1568.3,75.9,46.4,Permanent,0,3.8438,1445.2,123.1,424.04,0.03025,0.443,214.84,6.95,16.96,1
3.429,2.665,0.496,0.0105,0.0641,7.6,651,0.164,1520.1,165.4,28.2,Permanent,0,4.3205,1432.7,87.4,77.85,0.05502,0.621,79.6,17.02,100.0,0
3.068,2.748,0.329,0.0583,0.0218,9.9,1188,0.058,1587.0,136.8,13.1,Permanent,0,4.0033,1442.1,144.9,91.02,0.0179,0.287,17.13,40.0,73.19,0
3.484,1.995,0.414,0.0383,0.0549,7.3,754,0.111,1509.5,278.0,47.9,Permanent,0,4.1621,1436.5,73.0,70.47,0.04744,0.631,228.99,5.38,100.0,0
3.658,2.055,0.38,0.0152,0.0624,7.6,682,0.149,1519.0,270.9,59.0,Sand,1,4.3482,1431.1,87.9,77.58,0.05354,0.685,522.73,2.39,100.0,0
3.364,2.385,0.469,0.0324,0.0447,3.4,759,0.129,1528.0,260.9,33.0,Permanent,0,4.1702,1436.7,91.3,82.91,0.04172,0.616,108.71,11.65,99.32,0
3.623,1.482,0.372,0.0946,0.0432,11.9,426,0.249,1498.3,152.9,28.8,Sand,1,4.1484,1436.7,61.6,50.51,0.03409,0.424,124.2,10.83,100.0,0
3.674,2.377,0.435,0.0179,0.0694,3.9,749,0.082,1548.1,201.0,27.4,Permanent,0,4.4725,1428.1,120.0,51.31,0.06423,0.825,75.05,17.95,100.0,0
3.924,2.734,0.572,0.0995,0.0525,6.3,357,0.107,1529.2,94.0,10.5,Sand,1,4.8688,1418.2,110.9,15.22,0.04624,0.586,16.59,40.0,80.71,0
3.753,2.441,0.424,0.0401,0.0665,3.8,809,0.178,1528.7,222.3,12.3,Permanent,0,4.5796,1425.4,103.3,130.59,0.06162,0.727,15.21,40.0,93.23,0
3.801,1.534,0.419,0.0329,0.0427,13.2,468,0.198,1445.9,148.8,24.6,Sand,1,4.3231,1431.3,14.6,48.37,0.03283,0.381,90.71,14.3,84.01,0
3.416,1.96,0.331,0.0332,0.0729,5.0,737,0.118,1559.6,256.0,22.9,Permanent,0,4.0804,1438.7,120.9,71.77,0.06588,0.8,52.59,24.79,98.63,0
3.417,1.53,0.288,0.0843,0.0338,12.9,1124,0.122,1560.3,54.6,76.3,Sand,1,3.9547,1442.1,118.3,171.78,0.02611,0.34,874.0,1.72,68.09,0
3.686,2.061,0.461,0.0167,0.0622,7.6,770,0.144,1548.5,226.7,25.0,Die,2,4.3788,1430.3,118.2,95.28,0.05343,0.539,49.81,26.54,98.53,0
3.57,2.356,0.393,0.0363,0.0496,6.6,664,0.168,1500.4,199.9,21.7,Sand,1,4.3679,1431.2,69.2,82.89,0.04345,0.607,70.55,18.43,100.0,0
3.432,2.627,0.318,0.0155,0.0666,2.7,707,0.102,1525.7,181.3,47.4,Permanent,0,4.3124,1432.9,92.8,56.95,0.06319,0.798,224.95,5.98,100.0,0
3.876,1.797,0.735,0.0383,0.0571,15.5,1409,0.117,1469.1,111.9,26.7,Permanent,0,4.4874,1427.1,42.0,259.27,0.04187,0.432,71.37,19.02,60.78,1
3.412,2.124,0.31,0.0434,0.0547,6.7,629,0.084,1546.0,280.5,44.6,Sand,1,4.1348,1437.5,108.5,37.2,0.04789,0.632,298.74,4.24,98.85,0
3.571,2.091,0.25,0.0168,0.0633,4.2,526,0.127,1502.9,205.2,39.5,Sand,1,4.2734,1433.3,69.6,39.38,0.05822,0.711,233.83,5.55,100.0,0
3.341,2.377,0.419,0.013,0.0698,5.2,523,0.101,1518.4,162.0,55.0,Die,2,4.1378,1437.4,80.9,30.81,0.06293,0.751,241.87,5.61,99.27,0
3.652,1.932,0.438,0.0402,0.0402,3.0,746,0.127,1514.2,171.3,25.5,Permanent,0,4.3089,1432.3,81.9,78.82,0.03786,0.606,65.03,20.65,98.88,0
3.485,2.214,0.443,0.0228,0.0688,5.5,707,0.177,1538.5,238.5,21.0,Die,2,4.2311,1434.7,103.8,99.05,0.06165,0.75,35.35,36.77,100.0,0
3.55,2.509,0.761,0.0934,0.0457,9.8,281,0.172,1472.5,57.6,30.1,Permanent,0,4.417,1430.5,41.9,15.17,0.03757,0.432,90.71,15.6,73.94,0
3.424,2.225,0.325,0.0219,0.0575,7.3,755,0.145,1545.9,221.3,10.4,Permanent,0,4.1728,1436.3,109.6,92.37,0.0497,0.593,10.88,40.0,96.17,0
3.537,2.629,0.474,0.0273,0.0399,4.0,630,0.123,1504.7,236.2,16.4,Permanent,0,4.4224,1429.9,74.8,54.66,0.0369,0.529,26.79,40.0,97.81,0
3.592,2.673,0.259,0.0259,0.0391,5.1,664,0.165,1509.4,193.7,44.2,Die,2,4.4914,1428.0,81.4,81.58,0.03533,0.515,156.63,8.4,100.0,0
3.759,2.421,0.338,0.0223,0.0685,4.6,836,0.129,1545.3,211.9,51.2,Permanent,0,4.5736,1425.4,120.0,100.56,0.06243,0.796,262.63,5.08,100.0,0
3.398,2.069,0.316,0.0244,0.0386,5.7,667,0.111,1549.7,206.8,14.3,Permanent,0,4.0959,1438.3,111.4,55.22,0.0345,0.547,20.34,40.0,96.75,0
3.75,2.648,0.43,0.0409,0.054,6.0,894,0.104,1505.2,250.3,53.5,Permanent,0,4.646,1423.8,81.4,93.05,0.04798,0.643,286.55,4.38,100.0,0
3.495,2.1,0.313,0.0783,0.0263,12.3,1541,0.191,1504.5,72.4,46.1,Permanent,0,4.2213,1435.3,69.1,506.74,0.02055,0.244,212.89,6.73,0.0,1
3.655,2.53,0.778,0.0263,0.0418,5.8,1346,0.131,1607.8,150.1,69.5,Sand,1,4.5071,1427.4,180.4,264.64,0.03727,0.509,723.98,2.01,53.25,1
3.303,2.646,0.317,0.0295,0.0605,3.8,546,0.086,1544.7,223.4,36.6,Permanent,0,4.1945,1436.4,108.4,28.55,0.05607,0.604,134.18,9.85,100.0,0
3.769,2.507,0.466,0.0469,0.0633,5.0,747,0.151,1523.9,276.4,25.8,Permanent,0,4.6205,1424.4,99.5,93.94,0.05725,0.7,66.58,18.74,100.0,0
3.7,1.98,0.325,0.0219,0.0634,2.2,899,0.108,1536.7,276.0,13.7,Permanent,0,4.3673,1430.6,106.2,97.72,0.06068,0.757,18.7,40.0,100.0,0
3.56,2.58,0.499,0.0263,0.059,2.2,718,0.114,1546.7,276.1,56.4,Sand,1,4.4291,1429.7,117.1,65.43,0.05645,0.721,476.85,2.66,100.0,0
3.761,2.441,0.345,0.0381,0.0724,6.9,682,0.137,1545.2,237.0,39.0,Sand,1,4.5878,1425.2,120.1,71.29,0.06311,0.764,228.43,5.73,100.0,0
3.61,1.985,0.441,0.0341,0.0603,2.5,626,0.095,1531.9,240.5,31.3,Permanent,0,4.2833,1433.0,98.9,41.82,0.05738,0.711,98.28,13.14,100.0,0
3.664,1.934,0.39,0.0368,0.0381,5.4,762,0.088,1503.0,246.1,39.5,Permanent,0,4.3207,1431.9,71.0,57.11,0.03423,0.526,155.66,8.07,100.0,0
3.527,2.383,0.309,0.0272,0.0593,5.8,744,0.147,1505.1,218.1,12.3,Die,2,4.3302,1432.2,73.0,90.69,0.05282,0.709,12.05,40.0,100.0,0
3.338,2.676,0.375,0.0448,0.0421,4.7,714,0.175,1501.8,206.4,14.9,Permanent,0,4.2454,1435.1,66.7,99.78,0.03834,0.558,22.3,40.0,98.77,0
3.692,1.609,0.38,0.0923,0.0413,12.7,1349,0.139,1587.6,137.0,68.0,Die,2,4.2595,1433.7,153.9,282.64,0.03208,0.424,369.97,3.92,51.58,1
4.056,2.683,0.428,0.0432,0.0497,9.3,497,0.106,1453.9,102.6,42.4,Permanent,0,4.9653,1415.0,38.9,29.25,0.04125,0.533,179.44,7.53,83.06,0
3.521,2.383,0.28,0.0434,0.0642,3.0,620,0.111,1519.6,266.0,29.1,Sand,1,4.3295,1432.4,87.3,47.62,0.06042,0.728,126.95,9.88,100.0,0
3.957,2.833,0.681,0.0604,0.0274,10.4,409,0.166,1476.6,73.0,73.8,Permanent,0,4.9215,1416.5,60.0,30.97,0.02221,0.351,544.98,2.58,75.34,0
3.503,2.472,0.406,0.014,0.0613,3.3,886,0.154,1538.0,290.1,20.5,Permanent,0,4.3322,1432.1,105.9,135.31,0.05742,0.795,42.22,29.56,94.72,0
3.383,1.962,0.449,0.0265,0.0416,3.9,718,0.106,1537.4,292.1,20.5,Permanent,0,4.0463,1439.6,97.8,61.29,0.03846,0.559,42.21,29.5,97.34,0
3.684,2.43,0.351,0.0444,0.0432,2.7,614,0.125,1533.9,241.8,46.4,Permanent,0,4.5085,1427.4,106.5,52.48,0.04094,0.592,215.14,6.01,97.68,0
3.451,2.177,0.392,0.0344,0.0598,3.3,812,0.117,1553.1,205.1,48.9,Sand,1,4.1878,1436.0,117.1,86.5,0.05598,0.717,358.65,3.76,100.0,0
3.967,2.156,0.339,0.0869,0.0283,10.1,415,0.151,1598.1,94.9,61.2,Sand,1,4.7148,1421.7,176.5,29.02,0.0231,0.488,561.14,2.68,67.37,0
3.542,3.12,0.206,0.0481,0.049,9.1,1426,0.108,1486.6,73.9,69.6,Permanent,0,4.5985,1425.9,60.7,246.21,0.04083,0.483,484.79,2.91,72.22,0
4.13,1.947,0.563,0.0547,0.0402,15.5,1211,0.209,1499.3,129.2,34.9,Die,2,4.7974,1418.8,80.5,342.26,0.02953,0.308,97.23,14.09,43.36,1
3.443,2.487,0.526,0.0362,0.0445,2.2,786,0.139,1522.0,180.8,55.1,Sand,1,4.2839,1433.7,88.3,96.14,0.04264,0.618,455.25,2.95,100.0,0
3.744,2.586,0.337,0.0321,0.0591,5.6,835,0.163,1550.6,193.3,26.1,Sand,1,4.617,1424.5,126.1,127.3,0.05275,0.633,102.05,13.3,97.2,0
3.757,2.486,0.257,0.0181,0.0513,3.1,736,0.095,1511.7,176.8,37.5,Permanent,0,4.5915,1424.9,86.8,57.6,0.04816,0.653,140.45,9.5,100.0,0
3.325,2.294,0.457,0.0178,0.0656,6.5,655,0.117,1526.6,237.3,42.0,Die,2,4.0956,1438.5,88.0,56.11,0.05766,0.62,140.84,9.15,100.0,0
3.404,2.384,0.764,0.0713,0.0446,12.4,1112,0.231,1532.4,62.4,49.2,Die,2,4.2229,1435.6,96.8,319.18,0.03479,0.377,193.71,7.59,49.42,1
3.635,2.468,0.535,0.0312,0.0662,5.0,643,0.117,1543.7,199.1,39.8,Permanent,0,4.4677,1428.5,115.2,54.23,0.05992,0.687,158.25,8.5,100.0,0
3.723,2.089,0.308,0.0453,0.066,2.5,897,0.1,1525.2,189.4,31.9,Permanent,0,4.4344,1429.0,96.2,89.85,0.06277,0.735,101.78,13.12,100.0,0
3.705,1.493,0.19,0.03,0.0329,5.5,490,0.087,1471.9,65.1,44.0,Permanent,0,4.213,1434.3,37.6,23.29,0.02947,0.499,193.41,7.27,79.46,0
3.482,2.581,0.451,0.0172,0.0633,2.1,504,0.106,1549.6,182.7,36.3,Permanent,0,4.3476,1431.9,117.7,30.22,0.06075,0.806,131.54,10.39,100.0,0
3.751,2.431,0.555,0.046,0.0337,12.5,468,0.064,1587.6,93.7,40.8,Permanent,0,4.5766,1425.5,162.1,15.65,0.02628,0.364,166.49,8.97,73.26,0
3.787,1.949,0.508,0.0249,0.0572,3.0,680,0.148,1535.3,214.2,56.5,Permanent,0,4.4446,1428.4,106.9,76.76,0.05384,0.69,318.94,4.14,100.0,0
3.772,2.691,0.46,0.0478,0.0436,7.7,847,0.136,1530.5,194.3,27.3,Permanent,0,4.6852,1422.8,107.7,108.76,0.03737,0.47,74.42,17.96,99.86,0
3.736,2.524,0.315,0.0384,0.0431,3.7,754,0.173,1555.9,167.5,33.7,Permanent,0,4.59,1425.2,130.7,109.83,0.03996,0.59,113.72,12.21,100.0,0
3.469,1.901,0.531,0.0177,0.0589,5.0,828,0.1,1532.3,226.9,38.2,Permanent,0,4.1082,1437.7,94.6,76.65,0.05328,0.648,146.1,8.93,96.2,0
3.389,2.114,0.223,0.0413,0.0571,5.7,1466,0.168,1440.3,144.4,76.5,Permanent,0,4.1077,1438.2,2.1,402.64,0.05103,0.586,584.81,2.22,17.76,1
3.535,2.396,0.323,0.0138,0.0538,2.4,624,0.098,1546.1,209.6,33.2,Sand,1,4.3381,1431.9,114.3,42.62,0.05126,0.756,165.77,8.06,100.0,0
3.662,2.97,0.351,0.0856,0.0344,17.3,370,0.226,1523.8,56.0,66.1,Sand,1,4.6804,1423.7,100.1,34.68,0.02436,0.172,655.4,2.24,79.8,0
3.048,2.778,0.505,0.0582,0.0361,12.2,1346,0.087,1570.4,150.7,80.8,Permanent,0,3.9931,1442.4,127.9,177.12,0.02835,0.414,653.35,2.17,76.44,0
3.318,1.984,0.401,0.0134,0.0635,3.7,865,0.124,1557.5,293.7,43.9,Permanent,0,3.9836,1441.2,116.2,103.67,0.05897,0.692,192.55,6.56,96.8,0
3.737,2.476,0.44,0.0266,0.0386,6.7,684,0.158,1527.4,192.4,41.6,Sand,1,4.5711,1425.6,101.8,82.63,0.03379,0.466,259.58,5.14,98.16,0
3.789,2.159,0.465,0.0427,0.065,3.0,602,0.142,1505.6,210.6,51.9,Permanent,0,4.5232,1426.6,79.0,57.63,0.06127,0.767,269.31,4.81,100.0,0
3.556,1.931,0.292,0.0495,0.0454,6.8,666,0.148,1545.2,287.9,22.0,Permanent,0,4.2165,1435.0,110.3,73.38,0.03961,0.587,48.32,26.02,98.38,0
3.374,2.396,0.529,0.0499,0.0631,5.1,586,0.099,1505.0,230.8,14.7,Permanent,0,4.1891,1436.4,68.6,38.16,0.05697,0.679,21.68,40.0,98.67,0
4.026,1.755,0.233,0.0473,0.0495,6.4,231,0.088,1457.5,119.7,18.8,Die,2,4.6267,1423.2,34.2,5.24,0.04357,0.544,28.31,40.0,75.22,0
3.422,2.065,0.289,0.0368,0.061,7.5,757,0.087,1559.3,292.1,10.0,Sand,1,4.1225,1437.7,121.7,55.69,0.0525,0.707,15.09,40.0,100.0,0
3.527,2.079,0.382,0.0451,0.0385,6.3,535,0.146,1509.1,299.1,39.7,Permanent,0,4.2355,1434.6,74.5,46.8,0.03392,0.527,157.61,7.68,100.0,0
3.623,1.441,0.719,0.07,0.0456,9.1,1474,0.211,1485.4,68.8,22.2,Sand,1,4.127,1437.0,48.4,511.95,0.03805,0.531,73.63,19.24,4.22,1
3.696,1.944,0.379,0.0379,0.0462,7.6,647,0.089,1559.8,281.7,12.0,Permanent,0,4.3563,1431.0,128.8,41.76,0.03967,0.6,14.29,40.0,97.25,0
3.441,2.303,0.523,0.0425,0.0459,2.0,536,0.142,1520.6,277.7,37.3,Permanent,0,4.2231,1435.2,85.3,45.64,0.04409,0.656,139.03,8.94,100.0,0
3.38,1.75,0.563,0.0516,0.0583,11.5,557,0.082,1466.7,63.5,56.8,Permanent,0,3.9802,1441.4,25.3,28.62,0.04633,0.536,322.91,4.35,77.67,0
3.37,2.192,0.279,0.0381,0.0595,6.4,758,0.128,1543.0,229.2,18.7,Permanent,0,4.1132,1438.1,104.9,82.03,0.05231,0.647,34.82,37.73,95.7,0
3.752,2.439,0.496,0.0304,0.0665,5.9,690,0.166,1537.0,202.4,42.4,Permanent,0,4.5752,1425.4,111.6,88.07,0.05913,0.753,180.13,7.41,100.0,0
3.56,1.952,0.476,0.0425,0.0592,7.9,656,0.169,1508.6,151.6,46.1,Sand,1,4.2246,1434.7,73.9,81.46,0.05055,0.585,318.12,4.27,100.0,0
3.675,2.4,0.557,0.0966,0.025,8.2,1196,0.175,1475.7,149.4,50.3,Permanent,0,4.5076,1427.9,47.8,279.96,0.02121,0.333,252.87,5.24,47.82,1
3.779,2.289,0.505,0.049,0.065,7.9,538,0.121,1534.3,233.7,49.5,Sand,1,4.558,1425.9,108.4,39.23,0.05557,0.676,367.0,3.54,100.0,0
3.307,1.993,0.344,0.0145,0.0411,7.5,739,0.086,1557.6,263.0,56.6,Permanent,0,3.9765,1441.4,116.1,52.45,0.0354,0.488,319.85,4.05,95.13,0
3.678,2.242,0.443,0.0128,0.0602,5.8,563,0.132,1503.0,208.9,42.3,Sand,1,4.4299,1429.1,74.0,46.89,0.0536,0.656,268.71,4.82,100.0,0
3.451,2.269,0.553,0.0965,0.057,10.4,1166,0.055,1555.4,71.9,28.9,Sand,1,4.2396,1435.2,120.1,84.24,0.04635,0.497,125.61,11.81,95.52,0
3.438,2.225,0.473,0.0312,0.0521,7.5,519,0.111,1550.2,222.9,22.3,Permanent,0,4.1906,1435.9,114.3,33.28,0.04485,0.492,49.95,26.57,100.0,0
3.437,2.575,0.409,0.0171,0.0428,6.0,862,0.131,1507.8,195.6,42.7,Permanent,0,4.3012,1433.2,74.6,108.77,0.03798,0.465,182.02,7.21,99.93,0
3.49,2.24,0.534,0.0246,0.0608,6.4,888,0.089,1546.8,273.2,18.3,Permanent,0,4.2453,1434.3,112.4,78.12,0.05347,0.683,33.58,37.93,100.0,0
3.579,2.532,0.294,0.0346,0.0388,5.6,502,0.136,1517.3,256.8,50.1,Sand,1,4.4344,1429.5,87.8,38.3,0.03467,0.458,376.79,3.35,100.0,0
3.497,2.365,0.361,0.0485,0.065,7.6,762,0.088,1518.4,234.9,16.6,Sand,1,4.3016,1433.2,85.2,57.06,0.05583,0.687,41.47,30.95,100.0,0
3.406,2.009,0.443,0.0466,0.046,3.5,817,0.177,1541.9,165.3,25.8,Permanent,0,4.0911,1438.6,103.3,132.19,0.04287,0.709,66.56,20.68,94.22,0
4.147,2.777,0.602,0.0467,0.0526,17.2,1432,0.136,1595.3,153.9,85.9,Sand,1,5.0879,1411.7,183.7,311.68,0.03726,0.403,1107.24,1.3,30.41,1
3.371,2.093,0.369,0.0443,0.0512,6.8,772,0.146,1538.8,217.1,21.6,Permanent,0,4.0837,1438.9,99.9,97.22,0.04465,0.585,46.83,28.22,97.19,0
3.963,2.442,0.446,0.0377,0.034,12.1,1423,0.149,1606.3,92.5,20.4,Permanent,0,4.7893,1419.5,186.8,337.19,0.02666,0.36,41.48,36.5,21.73,1
3.843,2.11,0.784,0.048,0.0202,15.1,524,0.137,1486.9,68.7,56.2,Sand,1,4.5627,1425.5,61.4,42.03,0.01498,0.163,473.37,3.0,75.73,0
3.311,1.991,0.262,0.027,0.0748,3.3,581,0.171,1539.7,183.3,39.8,Sand,1,3.9836,1441.4,98.3,64.49,0.06995,0.861,237.28,5.72,94.98,0
3.417,2.286,0.431,0.0103,0.0511,2.5,639,0.084,1558.1,183.3,41.0,Sand,1,4.1829,1436.0,122.1,38.43,0.04861,0.762,252.28,5.45,100.0,0
3.764,2.298,0.387,0.0272,0.0542,2.5,519,0.156,1528.6,193.5,49.6,Permanent,0,4.5393,1426.2,102.4,46.82,0.05164,0.636,245.84,5.43,100.0,0
3.378,2.398,0.363,0.0273,0.0719,6.1,721,0.093,1528.5,269.2,29.5,Sand,1,4.1865,1436.2,92.3,53.73,0.06366,0.746,130.57,9.64,100.0,0
3.38,1.979,0.543,0.0265,0.0658,5.3,721,0.145,1529.8,260.6,52.6,Sand,1,4.0486,1439.5,90.2,84.08,0.05915,0.703,415.43,3.06,100.0,0
3.056,1.474,0.489,0.0532,0.0251,7.8,1104,0.071,1599.4,79.3,26.2,Sand,1,3.5651,1452.6,146.7,97.35,0.02148,0.396,103.04,14.75,61.83,1
3.556,2.117,0.504,0.0379,0.0523,4.9,628,0.179,1513.2,179.9,39.1,Permanent,0,4.2747,1433.5,79.7,79.23,0.04738,0.616,152.68,8.73,100.0,0
3.585,2.789,0.753,0.07,0.0294,6.2,447,0.129,1592.5,146.7,62.6,Permanent,0,4.5385,1427.3,165.2,28.7,0.02591,0.498,392.06,3.69,77.32,0
3.056,2.182,0.775,0.0774,0.055,17.9,483,0.08,1607.0,139.9,50.2,Permanent,0,3.8086,1447.0,160.0,20.98,0.03851,0.365,251.58,5.83,74.74,0
3.34,2.11,0.354,0.0449,0.0692,5.6,827,0.174,1508.7,232.9,16.9,Permanent,0,4.058,1439.6,69.1,133.39,0.0618,0.761,28.47,40.0,94.91,0
3.357,2.395,0.531,0.0151,0.0451,5.4,580,0.148,1532.5,211.1,31.1,Permanent,0,4.1609,1436.8,95.6,55.49,0.04047,0.6,96.75,13.66,99.28,0
3.9,1.486,0.233,0.0808,0.0293,6.4,451,0.172,1486.7,105.3,87.7,Die,2,4.4221,1428.9,57.8,39.0,0.02575,0.43,614.94,2.25,87.43,0
3.664,2.33,0.465,0.0312,0.0578,3.6,590,0.091,1514.0,253.4,34.6,Permanent,0,4.4508,1428.8,85.2,35.48,0.0538,0.672,119.83,10.52,100.0,0
3.434,1.903,0.374,0.0267,0.0581,7.8,601,0.121,1502.0,231.6,19.8,Die,2,4.0774,1438.6,63.3,49.09,0.04973,0.591,31.47,40.0,96.45,0
3.668,2.609,0.456,0.0305,0.0687,3.1,721,0.157,1536.5,284.1,58.8,Permanent,0,4.5474,1426.4,110.1,91.23,0.06452,0.818,345.52,3.62,100.0,0
3.151,1.799,0.529,0.0204,0.0284,10.6,543,0.184,1577.8,65.4,70.3,Sand,1,3.7571,1447.4,130.4,60.66,0.02299,0.394,741.56,2.04,71.76,0
3.599,2.688,0.31,0.017,0.0635,7.8,863,0.109,1509.1,195.7,55.9,Permanent,0,4.5013,1427.7,81.4,91.09,0.05434,0.624,313.0,4.2,100.0,0
3.591,2.276,0.492,0.0249,0.054,7.9,571,0.096,1504.0,270.4,37.6,Permanent,0,4.3577,1431.3,72.7,34.99,0.04604,0.606,141.55,8.71,98.64,0
3.332,2.473,0.544,0.0358,0.0516,6.0,699,0.129,1556.5,262.2,10.8,Sand,1,4.1686,1436.9,119.6,70.26,0.04577,0.56,17.39,40.0,100.0,0
3.347,2.095,0.263,0.0111,0.0505,7.8,887,0.123,1529.3,273.1,37.0,Permanent,0,4.0489,1439.5,89.8,108.2,0.04325,0.475,137.04,9.17,98.26,0
3.759,2.355,0.422,0.0358,0.0733,5.6,900,0.153,1500.5,150.4,48.9,Sand,1,4.5562,1425.9,74.6,138.79,0.06554,0.756,358.21,3.77,92.81,0
3.824,1.857,0.424,0.0616,0.0422,8.3,1233,0.219,1531.8,96.6,76.2,Die,2,4.4638,1428.1,103.7,372.98,0.03574,0.422,464.61,3.09,42.7,1
3.439,1.633,0.763,0.0538,0.027,10.5,581,0.176,1553.0,146.0,11.8,Die,2,4.0012,1440.6,112.3,66.33,0.02185,0.37,11.12,40.0,83.87,0
3.472,2.72,0.741,0.0625,0.0266,14.3,301,0.193,1532.9,110.3,32.5,Sand,1,4.3994,1431.0,101.8,19.48,0.01995,0.29,158.11,9.0,79.27,0
3.798,2.607,0.314,0.0133,0.0648,5.0,534,0.148,1501.0,262.3,40.9,Permanent,0,4.6719,1422.8,78.2,47.12,0.05863,0.783,167.35,7.4,98.4,0
3.745,2.31,0.369,0.0188,0.0607,4.3,704,0.155,1514.8,175.0,42.5,Permanent,0,4.5212,1426.7,88.1,86.16,0.05572,0.724,180.44,7.43,100.0,0
3.424,2.232,0.367,0.0345,0.0386,2.5,710,0.106,1554.3,163.1,27.4,Sand,1,4.1797,1436.3,118.0,59.95,0.03677,0.634,112.96,12.32,99.21,0
3.518,2.388,0.495,0.0191,0.0655,5.1,660,0.126,1527.9,206.5,21.5,Sand,1,4.3207,1432.4,95.6,61.31,0.05922,0.808,69.41,19.04,100.0,0
3.421,1.978,0.478,0.0395,0.0469,4.1,655,0.158,1514.5,185.2,13.3,Sand,1,4.0934,1438.4,76.1,75.67,0.04319,0.567,26.55,40.0,99.28,0
4.121,2.974,0.335,0.027,0.0533,12.6,595,0.113,1576.9,103.9,80.6,Sand,1,5.1216,1410.8,166.1,44.59,0.04146,0.423,975.37,1.51,78.55,0
3.387,2.412,0.26,0.0333,0.0695,6.0,796,0.176,1529.7,284.6,35.1,Die,2,4.2027,1435.9,93.9,124.48,0.06166,0.727,98.34,12.66,99.19,0
3.765,2.499,0.292,0.0439,0.0557,7.4,736,0.106,1536.1,270.6,37.9,Sand,1,4.6131,1424.6,111.5,64.2,0.04799,0.558,216.01,5.86,97.63,0
3.551,2.561,0.286,0.0171,0.06,7.7,524,0.103,1514.1,261.8,23.0,Sand,1,4.4104,1430.1,84.0,31.53,0.05137,0.603,79.38,15.78,99.08,0
3.877,2.764,0.222,0.0608,0.0386,6.8,1445,0.244,1473.9,54.3,23.1,Sand,1,4.8189,1419.3,54.5,570.8,0.03374,0.411,80.34,17.67,0.0,1
3.571,2.154,0.453,0.0405,0.0707,3.9,702,0.09,1544.9,155.6,51.6,Die,2,4.3022,1432.8,112.1,49.52,0.06539,0.779,213.16,6.52,100.0,0
3.26,2.608,0.17,0.0724,0.0203,11.9,1495,0.225,1567.1,135.1,89.7,Permanent,0,4.1533,1437.9,129.2,561.24,0.01604,0.243,804.91,1.78,0.0,1
3.518,2.594,0.404,0.023,0.0504,4.0,577,0.108,1544.0,202.3,53.7,Die,2,4.391,1430.7,113.3,40.13,0.04659,0.62,230.62,5.82,100.0,0
3.335,2.152,0.385,0.0221,0.0478,4.8,733,0.134,1551.4,233.7,46.8,Sand,1,4.0595,1439.4,112.0,80.64,0.04345,0.616,329.21,4.0,100.0,0
3.361,2.198,0.421,0.0499,0.0528,6.9,758,0.134,1548.9,256.7,55.7,Sand,1,4.1102,1438.3,110.6,85.91,0.04603,0.599,464.8,2.78,98.67,0
3.306,1.922,0.393,0.0253,0.0425,7.0,614,0.127,1544.3,200.1,11.7,Permanent,0,3.9551,1442.1,102.3,53.52,0.03694,0.522,13.61,40.0,94.71,0
4.17,2.337,0.297,0.0674,0.049,5.2,591,0.182,1452.7,64.2,12.8,Permanent,0,4.9712,1414.6,38.1,70.98,0.0442,0.567,16.44,40.0,78.02,0
3.525,2.428,0.371,0.047,0.0701,6.4,686,0.149,1529.9,208.6,12.1,Sand,1,4.3501,1431.9,98.0,78.51,0.06165,0.731,21.85,40.0,100.0,0
3.785,2.067,0.238,0.0453,0.0305,11.0,446,0.134,1501.5,113.3,17.2,Sand,1,4.4892,1427.5,74.0,29.87,0.02446,0.34,44.26,31.36,86.63,0
3.724,2.632,0.314,0.0484,0.0503,7.7,721,0.132,1523.0,198.4,46.9,Permanent,0,4.6178,1424.7,98.3,76.82,0.0431,0.533,219.85,6.03,100.0,0
3.631,2.653,0.281,0.0474,0.0497,4.5,617,0.145,1527.4,288.4,55.8,Permanent,0,4.5306,1427.1,100.3,61.69,0.04542,0.64,311.47,3.98,100.0,0
3.553,2.245,0.451,0.0248,0.0621,4.0,770,0.125,1526.6,262.9,22.5,Permanent,0,4.3097,1432.6,94.1,82.82,0.05734,0.735,50.55,25.0,100.0,0
3.588,2.237,0.398,0.0149,0.0743,5.0,861,0.168,1559.0,207.4,51.8,Permanent,0,4.3391,1431.6,127.3,139.39,0.06718,0.797,268.72,5.03,91.68,0
3.616,2.573,0.452,0.0133,0.05,5.0,885,0.114,1554.1,192.7,50.7,Sand,1,4.4783,1428.2,126.0,100.01,0.04528,0.585,385.84,3.53,98.58,0
3.618,2.677,0.386,0.0335,0.0436,4.8,832,0.166,1515.8,191.9,22.9,Permanent,0,4.521,1427.3,88.5,128.22,0.03955,0.537,52.26,25.34,94.45,0
3.772,2.355,0.544,0.0369,0.0719,6.3,566,0.082,1528.9,233.4,34.2,Permanent,0,4.5697,1425.5,103.3,29.29,0.06337,0.683,117.24,11.05,100.0,0
3.455,2.485,0.379,0.0344,0.0666,5.1,776,0.085,1500.4,251.9,53.3,Permanent,0,4.2947,1433.4,67.0,57.17,0.0602,0.756,284.4,4.39,100.0,0
3.738,3.02,0.641,0.0947,0.0477,13.8,1566,0.107,1472.4,134.3,29.7,Permanent,0,4.7768,1421.2,51.2,294.03,0.03621,0.423,88.16,15.18,56.57,1
3.617,2.558,0.257,0.0405,0.0445,3.9,737,0.115,1515.4,174.9,39.0,Sand,1,4.4834,1428.3,87.1,69.78,0.04115,0.614,228.32,5.87,100.0,0
3.346,2.361,0.428,0.0433,0.0705,4.7,674,0.125,1510.5,290.3,31.2,Permanent,0,4.148,1437.4,73.1,63.55,0.06415,0.688,97.39,12.53,96.03,0
3.33,2.28,0.48,0.0169,0.0616,3.6,776,0.179,1519.6,233.8,25.6,Permanent,0,4.0953,1438.5,81.1,120.59,0.05726,0.72,65.66,19.58,91.91,0
3.302,2.148,0.261,0.0274,0.0723,5.2,860,0.106,1519.4,177.1,48.7,Permanent,0,4.0266,1440.4,79.0,87.25,0.06515,0.697,236.92,5.67,95.68,0
3.451,2.173,0.263,0.0224,0.0727,5.2,731,0.096,1559.9,213.7,31.5,Sand,1,4.1831,1436.0,123.9,57.06,0.06549,0.714,148.77,9.05,100.0,0
3.161,2.823,0.204,0.063,0.0582,6.3,376,0.215,1548.8,132.6,44.5,Sand,1,4.1228,1438.9,109.9,33.96,0.05136,0.69,297.24,4.76,97.06,0
3.392,2.135,0.508,0.0398,0.0709,7.2,538,0.111,1531.9,272.6,40.0,Permanent,0,4.1171,1437.9,93.9,35.86,0.06135,0.657,160.23,7.86,98.38,0
3.334,2.378,0.799,0.0935,0.0551,5.5,1405,0.206,1601.6,155.9,5.4,Sand,1,4.1575,1437.6,164.0,453.88,0.04933,0.606,4.44,40.0,23.58,1
3.452,2.463,0.699,0.097,0.0283,6.7,590,0.203,1444.8,61.5,18.8,Permanent,0,4.3057,1433.6,11.2,79.05,0.02471,0.394,35.41,39.07,66.98,0
3.725,1.985,0.294,0.0131,0.0421,7.6,886,0.155,1527.9,244.4,51.5,Permanent,0,4.3915,1429.8,98.1,135.81,0.03616,0.455,264.83,4.85,94.76,0
4.044,1.927,0.606,0.0731,0.0509,7.4,277,0.121,1449.2,129.7,11.6,Sand,1,4.7107,1421.4,27.8,10.41,0.04382,0.515,20.35,40.0,75.82,0
3.441,2.405,0.53,0.0436,0.0715,5.9,597,0.174,1515.4,153.4,14.7,Permanent,0,4.2574,1434.4,81.0,69.39,0.06348,0.663,21.66,40.0,100.0,0
3.401,2.273,0.53,0.0207,0.0724,6.7,783,0.157,1521.2,251.3,11.5,Permanent,0,4.1654,1436.6,84.6,107.48,0.06334,0.675,13.32,40.0,98.08,0
3.751,2.425,0.528,0.0351,0.0646,5.0,699,0.134,1549.5,237.2,25.6,Sand,1,4.5714,1425.6,123.9,73.43,0.05849,0.716,98.51,13.32,100.0,0
3.572,2.431,0.528,0.0313,0.0607,2.7,818,0.099,1532.8,282.4,37.0,Sand,1,4.3929,1430.5,102.3,74.24,0.05748,0.707,205.51,6.08,100.0,0
3.532,2.294,0.508,0.0448,0.0645,6.4,795,0.085,1523.5,214.3,35.9,Die,2,4.3115,1432.8,90.8,59.98,0.05677,0.647,103.39,12.66,100.0,0
3.597,2.606,0.393,0.0313,0.0499,3.3,540,0.13,1528.1,260.0,18.1,Permanent,0,4.4757,1428.4,99.7,42.29,0.04671,0.538,32.92,38.52,99.69,0
3.669,2.37,0.445,0.028,0.0639,4.1,737,0.104,1554.4,243.4,53.5,Sand,1,4.4683,1428.3,126.1,63.23,0.05882,0.697,430.1,3.05,99.84,0
3.392,2.286,0.362,0.0105,0.0513,2.3,734,0.123,1545.4,285.1,56.8,Die,2,4.1571,1436.7,108.6,73.73,0.04898,0.757,258.2,4.88,100.0,0
3.634,2.19,0.358,0.0472,0.0387,4.9,533,0.121,1554.5,262.0,36.3,Sand,1,4.3795,1430.7,123.8,38.33,0.0351,0.492,197.41,6.55,100.0,0
3.049,2.517,0.508,0.0294,0.0252,9.1,289,0.054,1481.9,149.0,20.1,Die,2,3.8975,1444.5,37.4,5.05,0.02102,0.38,32.19,40.0,65.83,0
3.653,2.612,0.401,0.0462,0.0434,4.8,597,0.142,1545.6,296.1,40.7,Die,2,4.5394,1426.8,118.8,56.59,0.03947,0.528,132.43,9.44,100.0,0
3.571,1.81,0.256,0.0415,0.0456,11.3,1471,0.212,1512.0,100.3,86.6,Permanent,0,4.1882,1435.5,76.5,513.84,0.0364,0.453,750.59,1.88,13.92,1
3.793,1.968,0.436,0.023,0.0672,6.4,637,0.148,1506.1,235.0,26.7,Permanent,0,4.4569,1428.0,78.0,67.07,0.05913,0.755,71.18,17.86,100.0,0
3.686,2.5,0.494,0.0192,0.0383,3.6,767,0.164,1524.7,165.7,57.5,Permanent,0,4.5254,1426.8,97.9,107.76,0.0356,0.544,330.1,4.12,99.7,0
3.477,2.166,0.296,0.0419,0.0676,4.1,812,0.115,1504.5,295.7,27.3,Sand,1,4.2134,1435.3,69.2,85.05,0.06238,0.734,111.8,10.81,100.0,0
3.019,3.048,0.282,0.0388,0.0363,12.7,1321,0.207,1457.3,125.9,59.4,Die,2,4.0482,1441.1,16.2,403.23,0.02813,0.352,282.67,4.71,13.24,1
3.716,2.546,0.51,0.0472,0.07,6.3,672,0.119,1504.5,268.5,48.2,Permanent,0,4.5808,1425.6,79.0,60.21,0.06177,0.676,231.97,5.33,100.0,0
3.688,1.948,0.267,0.0408,0.0485,2.1,761,0.127,1517.0,291.6,18.4,Permanent,0,4.3506,1431.2,85.8,81.9,0.04656,0.662,33.94,36.1,100.0,0
3.751,2.026,0.278,0.0419,0.0722,5.2,639,0.089,1539.4,215.3,54.4,Sand,1,4.4401,1428.8,110.7,40.61,0.06506,0.754,444.32,2.98,100.0,0
3.457,2.392,0.38,0.0353,0.0544,7.5,543,0.106,1542.0,294.2,10.1,Die,2,4.2659,1434.1,108.0,35.09,0.04689,0.59,8.23,40.0,100.0,0
3.611,2.307,0.401,0.0119,0.0488,5.6,852,0.085,1520.0,277.3,44.6,Permanent,0,4.3835,1430.4,89.5,68.92,0.04358,0.494,198.61,6.26,100.0,0
3.228,3.056,0.203,0.0783,0.0399,9.9,1503,0.065,1534.4,95.4,18.4,Sand,1,4.2727,1435.2,99.2,165.26,0.03278,0.431,50.86,28.3,79.27,0
3.596,2.143,0.505,0.0252,0.0492,2.5,876,0.134,1508.5,193.9,56.6,Permanent,0,4.319,1432.2,76.4,115.16,0.04679,0.675,320.88,4.1,100.0,0
3.042,2.645,0.43,0.0887,0.0511,12.0,1513,0.068,1525.0,88.9,44.6,Permanent,0,3.9531,1443.7,81.3,173.2,0.04022,0.455,198.89,7.22,71.86,0
3.187,2.088,0.676,0.0464,0.0303,9.9,1509,0.052,1600.4,126.6,79.0,Permanent,0,3.8983,1444.1,156.3,131.07,0.02484,0.401,623.96,2.36,68.52,0
3.353,2.283,0.3,0.073,0.0264,16.8,592,0.115,1467.4,77.4,73.3,Permanent,0,4.1387,1437.8,29.6,44.91,0.01887,0.174,537.41,2.59,67.08,0
3.682,2.648,0.306,0.0169,0.0721,7.7,875,0.1,1501.3,192.5,54.2,Permanent,0,4.5703,1425.7,75.6,85.56,0.06188,0.666,293.87,4.45,100.0,0
3.478,2.217,0.259,0.0113,0.0667,6.9,887,0.164,1533.7,272.4,11.6,Die,2,4.2205,1434.9,98.8,143.88,0.05816,0.701,10.75,40.0,90.42,0
3.336,1.934,0.286,0.0464,0.0722,6.4,722,0.086,1521.2,150.7,20.8,Permanent,0,3.9956,1441.1,80.1,50.05,0.06354,0.761,43.44,31.55,95.34,0
3.497,2.158,0.499,0.0937,0.0366,5.9,499,0.243,1476.4,79.1,20.6,Permanent,0,4.2477,1434.8,41.6,67.58,0.03254,0.539,42.38,32.97,84.63,0
3.463,2.498,0.336,0.0141,0.062,7.1,751,0.093,1518.5,289.9,15.1,Sand,1,4.2999,1433.1,85.5,58.48,0.05381,0.647,34.05,36.08,100.0,0
3.48,2.491,0.398,0.0152,0.0404,6.3,576,0.127,1543.4,176.6,14.0,Permanent,0,4.3155,1432.6,110.8,47.09,0.0356,0.431,19.55,40.0,100.0,0
3.342,2.562,0.54,0.0189,0.0722,7.7,621,0.12,1554.3,243.5,42.3,Sand,1,4.2021,1435.9,118.3,51.88,0.0618,0.74,268.07,4.89,100.0,0
3.703,1.953,0.303,0.0169,0.062,5.6,744,0.179,1522.1,297.9,30.4,Permanent,0,4.3599,1430.7,91.4,110.63,0.05548,0.688,92.32,13.26,98.87,0
3.608,2.425,0.33,0.0442,0.0397,3.5,756,0.115,1523.9,167.8,51.6,Permanent,0,4.431,1429.6,94.3,73.66,0.03697,0.566,266.06,5.1,100.0,0
3.604,2.031,0.386,0.016,0.0658,2.3,530,0.13,1559.2,192.3,48.4,Sand,1,4.2865,1432.8,126.3,40.8,0.0628,0.845,351.82,3.89,96.4,0
3.559,2.617,0.453,0.0351,0.0532,12.2,477,0.088,1544.9,74.1,13.3,Sand,1,4.4434,1429.4,115.5,22.36,0.04173,0.496,26.43,40.0,86.91,0
3.62,3.046,0.326,0.0687,0.022,14.1,1424,0.248,1548.8,61.0,5.4,Permanent,0,4.6585,1424.3,124.5,561.2,0.01661,0.271,2.93,40.0,0.0,1
3.467,2.438,0.374,0.0193,0.0494,6.7,641,0.124,1514.0,278.1,23.0,Sand,1,4.2858,1433.4,80.6,57.03,0.04322,0.48,79.44,15.56,100.0,0
3.755,1.761,0.435,0.0923,0.0234,7.3,487,0.052,1528.3,71.6,79.0,Die,2,4.3731,1430.8,97.5,13.93,0.02021,0.347,498.7,2.92,71.32,0
3.529,2.657,0.31,0.0405,0.05,7.3,614,0.136,1504.5,204.0,18.7,Sand,1,4.428,1429.9,74.5,57.25,0.04325,0.591,52.3,24.86,100.0,0
3.653,2.057,0.312,0.0488,0.0454,5.9,787,0.155,1525.5,178.0,26.8,Permanent,0,4.3553,1431.2,94.3,107.62,0.04038,0.547,71.64,18.81,98.25,0
3.775,2.118,0.384,0.0361,0.0676,2.1,630,0.092,1506.7,276.8,31.0,Permanent,0,4.4929,1427.4,79.3,40.63,0.0648,0.822,96.11,12.8,100.0,0
4.175,2.172,0.765,0.0642,0.0249,6.8,1179,0.111,1597.1,50.2,32.4,Permanent,0,4.9206,1415.7,181.4,172.17,0.02171,0.395,104.83,14.76,43.77,1
3.749,2.578,0.284,0.0493,0.068,6.6,734,0.155,1547.4,165.4,39.4,Permanent,0,4.6252,1424.4,123.0,93.4,0.05957,0.732,155.15,8.91,98.33,0
3.474,2.546,0.281,0.0287,0.0745,7.1,814,0.145,1501.6,283.9,40.4,Die,2,4.332,1432.4,69.2,107.06,0.0647,0.675,130.43,9.34,100.0,0
3.39,2.377,0.436,0.0351,0.0381,2.6,854,0.138,1505.8,158.9,15.3,Permanent,0,4.1939,1436.1,69.8,112.35,0.03625,0.5,23.51,40.0,94.43,0
3.792,2.629,0.467,0.0255,0.0668,4.1,804,0.156,1524.1,174.5,47.9,Permanent,0,4.6775,1422.8,101.3,113.03,0.06156,0.737,229.5,5.88,99.31,0
4.195,2.747,0.631,0.0977,0.0314,13.0,1349,0.055,1595.9,116.7,43.9,Permanent,0,5.1437,1410.6,185.3,112.71,0.02422,0.328,192.98,7.66,55.25,1
3.642,2.562,0.431,0.0212,0.0574,3.7,531,0.11,1520.0,197.6,29.3,Permanent,0,4.5025,1427.5,92.4,34.73,0.05329,0.666,86.01,15.38,100.0,0
3.638,1.945,0.331,0.0229,0.0543,3.0,567,0.13,1549.3,248.1,58.1,Permanent,0,4.294,1432.6,116.7,46.62,0.05108,0.676,337.13,3.86,100.0,0
3.745,1.454,0.35,0.0678,0.0247,10.6,1479,0.066,1591.3,127.2,10.8,Sand,1,4.2524,1433.5,157.8,160.63,0.02,0.261,17.34,40.0,63.19,0
3.447,2.137,0.462,0.0405,0.0579,4.3,529,0.145,1516.5,273.4,17.4,Permanent,0,4.1725,1436.4,80.1,45.48,0.05316,0.625,30.45,40.0,96.13,0
3.27,1.931,0.652,0.0387,0.0205,14.6,1294,0.188,1465.5,67.7,60.0,Sand,1,3.9267,1443.0,22.5,351.5,0.01529,0.19,540.33,2.59,7.33,1
3.385,2.277,0.407,0.0308,0.0516,5.0,775,0.175,1519.1,279.4,40.3,Permanent,0,4.154,1437.0,82.1,117.63,0.04665,0.647,162.36,7.64,99.9,0
3.69,1.811,0.369,0.0868,0.0454,9.7,1493,0.243,1528.3,101.0,24.8,Sand,1,4.3223,1432.2,96.1,605.7,0.03735,0.485,92.36,15.45,3.23,1
3.571,3.133,0.735,0.0393,0.0569,6.4,1158,0.119,1470.8,132.0,43.6,Permanent,0,4.6289,1424.9,45.8,178.29,0.05,0.647,189.73,7.06,83.03,0
3.43,2.164,0.349,0.0185,0.0553,2.9,823,0.144,1507.3,178.6,39.3,Die,2,4.157,1436.7,70.7,109.28,0.05215,0.725,123.66,10.75,100.0,0
3.492,2.688,0.429,0.0255,0.0738,4.0,842,0.135,1538.5,281.0,55.5,Sand,1,4.3965,1430.7,107.8,106.97,0.06807,0.895,462.55,2.72,100.0,0
3.309,2.18,0.403,0.0298,0.0666,4.2,696,0.102,1529.1,240.3,46.8,Die,2,4.0458,1439.9,89.2,55.08,0.06123,0.681,175.03,7.36,96.68,0
3.677,2.115,0.501,0.0205,0.0403,2.4,540,0.157,1542.4,260.6,49.5,Permanent,0,4.3888,1430.1,112.2,51.14,0.03844,0.552,244.9,5.23,100.0,0
3.558,1.932,0.374,0.0351,0.0421,4.7,706,0.116,1542.2,223.6,45.2,Die,2,4.2136,1434.9,107.2,64.47,0.03826,0.604,163.72,8.05,100.0,0
3.345,2.308,0.429,0.0169,0.0562,6.2,781,0.137,1536.2,296.2,11.2,Permanent,0,4.1195,1437.9,98.3,93.12,0.04967,0.612,12.46,40.0,99.06,0
3.317,2.655,0.518,0.0201,0.051,7.3,802,0.107,1523.8,238.3,23.0,Sand,1,4.2084,1435.9,87.9,77.08,0.04404,0.577,79.61,16.15,100.0,0
3.692,2.133,0.531,0.0289,0.0408,5.0,818,0.162,1553.9,242.9,10.7,Permanent,0,4.4127,1429.6,124.4,121.25,0.03696,0.488,11.44,40.0,94.38,0
4.089,3.048,0.166,0.026,0.0255,7.5,1338,0.212,1576.6,142.9,37.7,Permanent,0,5.1138,1411.1,165.5,424.16,0.02192,0.39,142.18,10.08,2.31,1
3.687,2.174,0.543,0.0198,0.0466,4.1,764,0.11,1520.1,247.8,37.6,Permanent,0,4.4181,1429.4,90.7,71.57,0.0429,0.639,141.34,9.0,99.97,0
3.102,2.866,0.692,0.0488,0.0208,5.6,1516,0.118,1448.2,78.4,54.7,Permanent,0,4.0741,1440.2,8.0,303.63,0.01862,0.375,299.51,4.57,23.58,1
3.355,2.234,0.313,0.0313,0.0423,2.9,503,0.136,1515.9,255.8,21.9,Permanent,0,4.1099,1438.2,77.7,38.48,0.03994,0.608,47.9,26.31,96.64,0
3.42,2.315,0.542,0.0204,0.0386,4.1,556,0.134,1500.0,218.9,24.1,Sand,1,4.1985,1435.7,64.3,46.3,0.03559,0.55,86.9,14.74,100.0,0
3.515,2.294,0.321,0.0167,0.0608,6.1,791,0.123,1533.2,267.4,10.6,Permanent,0,4.2855,1433.2,100.0,85.77,0.05379,0.686,11.26,40.0,100.0,0
3.587,2.598,0.417,0.0479,0.0606,4.1,793,0.171,1501.2,264.0,25.1,Permanent,0,4.4687,1428.8,72.4,120.25,0.05589,0.666,62.99,19.64,98.72,0
3.167,2.376,0.6,0.0629,0.0507,12.8,283,0.147,1544.4,126.9,80.9,Permanent,0,3.9802,1442.3,102.1,13.11,0.03918,0.37,653.73,2.17,83.45,0
3.581,1.945,0.401,0.0338,0.0678,3.5,596,0.136,1504.4,166.2,39.3,Permanent,0,4.2407,1434.2,70.2,53.93,0.06324,0.785,154.19,8.68,99.42,0
3.462,2.503,0.272,0.0343,0.0687,4.2,872,0.171,1518.8,204.5,31.7,Sand,1,4.3075,1433.0,85.7,145.3,0.06314,0.792,150.51,8.73,92.37,0
3.383,1.971,0.437,0.0323,0.0429,2.7,743,0.165,1524.6,220.2,50.4,Permanent,0,4.0506,1439.5,85.1,101.87,0.04068,0.677,253.87,5.14,100.0,0
3.384,2.287,0.529,0.049,0.0437,4.9,519,0.115,1530.6,239.9,14.1,Sand,1,4.1625,1437.0,93.6,34.45,0.03954,0.561,29.81,40.0,98.78,0
3.527,3.05,0.504,0.0408,0.0259,8.8,548,0.225,1464.4,81.1,46.1,Die,2,4.5575,1426.8,37.6,75.54,0.0217,0.328,169.69,8.15,74.08,0
3.335,2.088,0.274,0.0293,0.0615,5.7,716,0.122,1504.6,242.3,39.9,Permanent,0,4.0412,1439.9,64.7,70.13,0.05483,0.662,158.96,7.94,100.0,0
3.464,2.336,0.324,0.0378,0.0562,3.2,634,0.092,1556.1,265.0,37.5,Die,2,4.2553,1434.3,121.8,41.36,0.05275,0.688,112.24,11.5,100.0,0
3.788,2.222,0.315,0.0304,0.0401,4.3,620,0.086,1557.2,239.6,36.1,Permanent,0,4.5388,1426.2,131.0,36.94,0.03672,0.534,130.38,10.11,95.63,0
3.557,2.507,0.545,0.0128,0.0386,7.4,735,0.084,1519.5,236.9,24.9,Die,2,4.3972,1430.3,89.1,50.77,0.03326,0.485,49.66,25.83,98.16,0
3.771,2.36,0.509,0.0289,0.0464,2.9,667,0.171,1550.8,225.5,44.5,Sand,1,4.5677,1425.5,125.3,85.04,0.04371,0.707,297.0,4.46,100.0,0
3.836,1.508,0.576,0.0299,0.0481,10.6,574,0.122,1487.2,102.6,29.7,Sand,1,4.3492,1430.5,56.7,45.14,0.03891,0.518,132.58,10.44,95.06,0
3.775,2.444,0.432,0.037,0.0725,5.5,766,0.114,1505.4,292.9,15.3,Die,2,4.6018,1424.8,80.7,74.73,0.06499,0.688,18.65,40.0,100.0,0
3.401,2.616,0.438,0.0129,0.0428,3.6,824,0.169,1525.1,235.0,41.9,Sand,1,4.2777,1433.8,91.2,128.03,0.03983,0.579,262.85,4.91,92.37,0
3.367,2.583,0.433,0.0447,0.0671,3.9,843,0.153,1527.8,176.4,26.2,Die,2,4.243,1435.1,92.7,121.72,0.06206,0.688,54.84,24.64,98.7,0
3.627,2.629,0.275,0.0395,0.0527,6.3,726,0.147,1549.1,232.8,17.9,Permanent,0,4.5165,1427.4,121.7,86.47,0.04643,0.563,32.06,40.0,98.91,0
4.057,1.53,0.559,0.0681,0.0547,14.3,1569,0.19,1592.0,75.9,63.1,Sand,1,4.5901,1424.2,167.8,521.89,0.04109,0.397,597.98,2.54,0.0,1
3.157,2.202,0.442,0.083,0.0599,5.2,316,0.162,1493.8,63.7,50.2,Sand,1,3.919,1444.0,49.8,18.08,0.05406,0.665,377.52,3.79,76.32,0
3.699,2.746,0.457,0.0357,0.0336,10.0,1242,0.137,1575.3,54.4,37.2,Die,2,4.6266,1424.4,150.9,235.86,0.0275,0.378,110.72,13.74,50.96,1
3.24,1.629,0.302,0.0426,0.0485,11.5,258,0.191,1579.6,156.8,37.3,Permanent,0,3.7967,1446.3,133.3,14.22,0.03852,0.444,139.26,10.22,86.11,0
3.484,2.308,0.469,0.0288,0.042,4.9,526,0.138,1530.0,167.6,51.4,Die,2,4.2628,1434.0,96.0,42.82,0.03802,0.614,211.47,6.44,100.0,0
3.779,2.04,0.485,0.011,0.0616,6.6,813,0.093,1529.9,223.8,33.4,Sand,1,4.4624,1427.9,102.0,69.04,0.05398,0.689,167.44,7.8,100.0,0
3.581,1.971,0.318,0.012,0.0501,2.5,527,0.09,1557.1,279.7,54.4,Sand,1,4.2417,1434.0,123.1,27.84,0.04764,0.65,444.47,2.87,96.08,0
3.506,2.521,0.272,0.0273,0.0582,6.1,601,0.154,1549.2,244.6,20.7,Sand,1,4.3549,1431.7,117.5,61.97,0.05148,0.65,64.29,20.29,100.0,0
3.5,2.362,0.527,0.0237,0.0579,7.8,716,0.157,1553.4,257.2,39.7,Permanent,0,4.2955,1433.1,120.3,89.93,0.0495,0.657,157.57,8.23,100.0,0
3.491,2.364,0.353,0.0488,0.0451,8.0,863,0.164,1514.3,299.1,42.5,Permanent,0,4.2952,1433.3,80.9,136.85,0.03846,0.447,180.82,6.72,88.89,0
3.66,2.006,0.332,0.0153,0.054,5.4,682,0.089,1537.2,251.9,52.6,Sand,1,4.3334,1431.5,105.7,46.5,0.04844,0.618,415.15,3.1,100.0,0
3.191,2.584,0.648,0.0571,0.0426,6.7,1527,0.112,1546.3,119.7,36.7,Sand,1,4.0716,1440.0,106.4,292.64,0.03723,0.526,202.31,7.05,57.54,1
3.526,2.266,0.478,0.0147,0.0578,6.2,626,0.089,1557.5,168.6,27.8,Permanent,0,4.2861,1433.1,124.3,39.02,0.05107,0.598,77.19,17.99,100.0,0
3.586,1.98,0.399,0.0123,0.0613,2.4,612,0.163,1510.6,260.3,26.3,Permanent,0,4.2502,1433.8,76.9,68.21,0.05844,0.685,69.21,18.06,100.0,0
3.538,2.604,0.519,0.0443,0.0603,3.5,773,0.159,1557.4,192.9,55.7,Sand,1,4.4207,1430.1,127.3,106.04,0.05628,0.691,464.56,2.94,100.0,0
3.328,2.009,0.355,0.046,0.0408,7.3,251,0.248,1494.3,97.3,82.2,Permanent,0,4.0126,1440.8,53.5,17.42,0.03527,0.477,675.87,2.07,81.25,0
3.458,2.25,0.482,0.0185,0.0387,5.9,554,0.156,1527.8,204.9,33.4,Die,2,4.2147,1435.2,92.6,53.62,0.03444,0.542,89.35,14.81,100.0,0
3.365,2.362,0.368,0.041,0.0501,6.0,827,0.164,1529.0,170.4,18.7,Sand,1,4.1657,1436.9,92.1,125.22,0.04446,0.51,52.42,25.92,99.57,0
3.681,2.419,0.335,0.037,0.055,6.0,899,0.137,1516.8,274.6,48.9,Sand,1,4.4997,1427.6,89.2,123.54,0.04881,0.633,359.4,3.46,99.68,0
4.04,1.86,0.478,0.0208,0.0399,12.6,297,0.066,1463.3,111.9,58.5,Permanent,0,4.6671,1422.0,41.3,6.48,0.03098,0.358,341.99,3.95,73.75,0
3.499,2.029,0.404,0.0152,0.0745,7.9,621,0.08,1538.5,227.2,26.2,Permanent,0,4.1806,1435.8,102.7,34.55,0.06357,0.721,68.81,19.06,96.37,0
3.514,2.111,0.395,0.0361,0.065,4.8,839,0.086,1525.8,206.1,50.1,Sand,1,4.2291,1434.7,91.1,67.37,0.05902,0.781,376.02,3.51,100.0,0
3.693,1.647,0.421,0.0296,0.0264,17.3,1115,0.201,1495.0,73.6,55.2,Sand,1,4.252,1433.4,61.6,279.59,0.01871,0.17,456.42,3.11,41.19,1
3.474,2.578,0.261,0.0313,0.0532,7.4,845,0.132,1507.0,249.5,54.5,Permanent,0,4.3437,1432.1,74.9,105.12,0.0459,0.616,297.16,4.23,99.63,0
3.76,2.173,0.385,0.0451,0.0708,2.6,626,0.155,1504.6,270.1,53.6,Permanent,0,4.4997,1427.3,77.3,68.08,0.06721,0.833,287.63,4.29,100.0,0
3.338,2.615,0.441,0.0485,0.0579,3.8,829,0.105,1536.1,225.1,59.8,Sand,1,4.2257,1435.6,100.4,80.25,0.05369,0.672,536.45,2.44,100.0,0
3.543,2.263,0.499,0.0328,0.0656,4.7,565,0.162,1550.5,258.2,48.9,Permanent,0,4.3077,1432.7,117.8,57.91,0.05969,0.745,238.65,5.42,100.0,0
3.441,2.085,0.277,0.0473,0.0393,4.5,869,0.081,1558.9,153.0,29.2,Die,2,4.1517,1437.0,121.9,68.1,0.03592,0.566,68.19,20.62,97.31,0
3.77,2.223,0.309,0.0426,0.0704,4.4,525,0.129,1509.5,180.4,48.6,Permanent,0,4.5252,1426.7,82.8,39.68,0.06444,0.732,236.24,5.63,100.0,0
3.583,2.021,0.299,0.0153,0.0449,7.7,871,0.101,1558.7,217.7,55.4,Sand,1,4.2614,1433.5,125.2,85.53,0.03846,0.457,459.8,2.92,100.0,0
3.691,2.072,0.31,0.034,0.0567,5.7,816,0.143,1551.3,172.1,33.7,Sand,1,4.393,1430.1,121.2,106.21,0.05054,0.587,170.1,8.11,100.0,0
3.742,2.554,0.41,0.0355,0.0543,2.2,648,0.111,1526.7,236.2,50.7,Permanent,0,4.605,1424.8,101.9,51.97,0.05196,0.68,257.04,5.02,100.0,0
3.319,2.69,0.293,0.0295,0.0417,4.5,631,0.174,1536.9,225.0,16.7,Permanent,0,4.2259,1435.5,101.4,77.35,0.03808,0.524,28.04,40.0,98.74,0
3.582,2.357,0.291,0.04,0.0598,2.9,706,0.113,1523.9,205.8,57.4,Permanent,0,4.3815,1430.8,93.0,62.8,0.05635,0.745,329.66,4.0,100.0,0
3.69,2.052,0.464,0.0414,0.061,5.7,603,0.142,1525.5,211.4,20.4,Permanent,0,4.3881,1430.3,95.3,57.89,0.05436,0.686,41.78,31.45,98.45,0
3.657,1.962,0.304,0.039,0.0603,7.9,837,0.179,1514.3,200.3,30.0,Permanent,0,4.3242,1431.9,82.4,140.41,0.0515,0.617,89.75,14.64,94.47,0
3.416,2.753,0.565,0.0648,0.0547,15.5,1453,0.182,1590.0,51.5,47.3,Die,2,4.3549,1432.3,157.6,429.65,0.04011,0.441,178.7,8.61,13.93,1
3.496,2.001,0.526,0.012,0.0744,3.2,743,0.119,1550.1,272.8,28.0,Sand,1,4.167,1436.1,114.0,73.35,0.06981,0.824,117.3,10.89,94.38,0
3.583,2.005,0.362,0.0391,0.0535,4.3,832,0.144,1528.4,251.3,11.6,Permanent,0,4.2643,1433.6,94.8,111.6,0.04908,0.66,13.55,40.0,100.0,0
3.442,2.059,0.323,0.0232,0.0617,7.7,583,0.163,1518.8,271.3,35.7,Permanent,0,4.1361,1437.2,81.6,62.07,0.05294,0.643,127.63,9.77,98.22,0
3.447,1.993,0.356,0.0339,0.0493,6.9,715,0.178,1550.7,260.0,39.4,Die,2,4.1225,1437.5,113.1,101.75,0.04292,0.539,124.12,10.4,100.0,0
3.568,1.987,0.449,0.0488,0.0383,4.4,821,0.082,1508.9,168.3,38.2,Permanent,0,4.2472,1434.2,74.7,61.72,0.03507,0.485,146.06,9.18,100.0,0
3.737,2.167,0.53,0.0107,0.0547,3.2,748,0.081,1505.8,202.5,18.3,Permanent,0,4.463,1428.0,77.8,50.4,0.05138,0.63,33.38,39.04,99.39,0
3.572,2.421,0.256,0.0377,0.0582,7.3,818,0.12,1518.4,193.9,25.7,Permanent,0,4.3917,1430.6,87.8,89.5,0.05032,0.66,66.06,20.05,100.0,0
3.406,1.792,0.182,0.0801,0.0245,16.6,1414,0.236,1540.7,81.6,51.4,Sand,1,4.0295,1440.3,100.4,527.44,0.0176,0.166,395.53,3.69,0.0,1
3.837,3.13,0.537,0.0712,0.0482,17.8,1176,0.086,1470.0,151.0,23.1,Die,2,4.9039,1417.5,52.5,133.71,0.03376,0.358,42.6,30.96,87.47,0
3.398,2.112,0.426,0.049,0.0605,5.1,748,0.112,1552.5,165.8,41.4,Sand,1,4.118,1438.0,114.5,69.96,0.05458,0.734,257.1,5.39,100.0,0
3.565,1.953,0.401,0.0419,0.049,6.2,620,0.158,1530.8,179.2,25.4,Sand,1,4.2298,1434.6,96.3,67.91,0.04324,0.54,96.6,13.99,100.0,0
3.477,2.51,0.394,0.0238,0.059,8.0,707,0.082,1500.7,192.8,34.3,Sand,1,4.3211,1432.6,68.1,45.99,0.05033,0.608,176.57,7.41,100.0,0
4.02,1.958,0.796,0.0376,0.0423,10.3,388,0.222,1518.1,140.6,84.0,Permanent,0,4.6849,1421.8,96.3,37.28,0.03437,0.421,705.19,1.95,95.96,0
3.568,2.032,0.277,0.0421,0.0514,2.7,559,0.163,1512.4,207.4,56.1,Permanent,0,4.2591,1433.8,78.5,56.91,0.04871,0.648,315.2,4.14,100.0,0
3.688,2.149,0.38,0.0453,0.0484,6.5,792,0.169,1545.6,166.2,15.0,Permanent,0,4.4193,1429.5,116.0,118.84,0.0425,0.628,22.58,40.0,99.82,0
3.768,2.224,0.205,0.0824,0.0234,12.4,1446,0.061,1475.8,125.0,62.3,Sand,1,4.5369,1426.7,49.1,142.84,0.01829,0.311,582.3,2.32,75.65,0
4.052,2.044,0.286,0.0608,0.0214,12.4,1219,0.221,1592.7,91.0,39.6,Permanent,0,4.754,1420.2,172.5,367.68,0.01672,0.257,156.77,9.58,9.13,1
3.005,2.171,0.375,0.034,0.0393,8.1,1166,0.098,1460.7,126.8,44.5,Sand,1,3.7396,1448.5,12.2,148.94,0.03342,0.493,296.74,4.5,65.04,0
3.602,2.335,0.473,0.0361,0.0695,4.5,661,0.083,1500.7,173.4,17.0,Permanent,0,4.3922,1430.5,70.3,40.45,0.06351,0.814,29.03,40.0,100.0,0
3.41,2.215,0.382,0.0416,0.071,7.4,755,0.081,1559.4,181.2,51.2,Permanent,0,4.1617,1436.8,122.6,51.68,0.06126,0.678,261.71,5.27,97.31,0
3.708,2.249,0.782,0.0978,0.028,6.7,467,0.217,1487.7,52.2,47.3,Sand,1,4.4907,1428.2,59.5,52.95,0.02449,0.445,336.22,4.27,87.21,0
3.923,1.841,0.328,0.0323,0.0264,14.8,279,0.209,1455.8,146.4,19.6,Permanent,0,4.5473,1425.4,30.4,18.23,0.01962,0.212,38.38,34.12,71.94,0
3.658,1.489,0.735,0.076,0.0359,5.9,1253,0.136,1524.2,82.5,23.1,Permanent,0,4.1801,1435.7,88.6,238.38,0.03191,0.455,53.33,27.03,59.7,1
3.64,2.228,0.434,0.0109,0.0669,7.3,544,0.149,1546.1,167.5,24.2,Permanent,0,4.3864,1430.3,115.8,49.39,0.05778,0.68,58.59,23.53,100.0,0
3.336,1.904,0.61,0.0802,0.0495,13.9,510,0.095,1519.8,71.0,36.5,Permanent,0,3.9973,1441.4,78.4,27.49,0.03748,0.407,133.4,10.86,86.91,0
3.791,2.696,0.423,0.0322,0.0394,7.5,856,0.168,1530.0,207.8,25.0,Sand,1,4.7007,1422.3,107.8,137.94,0.03388,0.47,94.1,14.05,97.74,0
3.78,2.594,0.277,0.0452,0.0514,7.4,766,0.088,1510.3,247.9,28.0,Permanent,0,4.6601,1423.4,86.9,57.89,0.04438,0.59,78.47,16.09,100.0,0
3.474,2.41,0.272,0.0435,0.0577,6.1,813,0.087,1540.0,237.6,16.5,Permanent,0,4.2923,1433.4,106.6,64.43,0.05108,0.626,27.14,40.0,100.0,0
3.511,2.844,0.646,0.0207,0.036,9.1,1203,0.202,1505.4,59.7,51.8,Sand,1,4.4665,1428.9,76.5,327.11,0.03,0.458,402.22,3.59,43.32,1
3.47,2.241,0.331,0.0463,0.0522,3.0,709,0.148,1532.8,230.0,35.8,Permanent,0,4.2324,1434.9,97.9,83.11,0.0492,0.691,127.83,10.19,100.0,0
3.743,2.183,0.404,0.0145,0.0477,3.7,890,0.09,1546.2,225.6,23.6,Die,2,4.4755,1427.7,118.5,79.46,0.04432,0.617,44.63,29.59,100.0,0
3.398,2.427,0.307,0.031,0.0736,5.1,770,0.102,1503.7,163.2,19.8,Die,2,4.2171,1435.4,68.3,67.4,0.06648,0.761,31.25,40.0,100.0,0
3.633,2.896,0.736,0.041,0.0516,12.9,228,0.173,1494.8,65.7,44.1,Permanent,0,4.6124,1425.1,69.7,10.03,0.03984,0.44,194.87,7.33,82.97,0
3.497,2.478,0.524,0.0772,0.0532,11.8,573,0.201,1573.1,72.7,47.9,Permanent,0,4.3492,1432.2,140.9,73.83,0.04201,0.43,229.64,6.53,88.35,0
3.317,2.007,0.336,0.0229,0.0397,5.3,897,0.083,1526.1,197.6,49.9,Sand,1,3.9933,1441.1,85.1,74.33,0.03567,0.51,373.09,3.56,95.94,0
3.636,1.957,0.387,0.0402,0.0454,3.3,727,0.166,1543.0,154.4,29.9,Sand,1,4.3017,1432.5,110.5,98.36,0.0425,0.561,134.29,10.34,100.0,0
3.404,1.922,0.36,0.0393,0.0655,3.8,654,0.131,1532.8,283.1,33.1,Permanent,0,4.0574,1439.3,93.5,62.58,0.06076,0.762,109.59,11.4,100.0,0
3.739,2.32,0.383,0.0255,0.0607,6.1,846,0.108,1500.1,199.3,52.2,Permanent,0,4.5211,1426.7,73.4,86.72,0.05372,0.598,272.5,4.77,100.0,0
3.592,2.296,0.527,0.0358,0.0601,2.3,681,0.156,1552.7,230.2,48.7,Sand,1,4.3694,1431.1,121.7,80.68,0.05736,0.679,356.41,3.71,100.0,0
3.494,2.128,0.366,0.0181,0.048,6.0,753,0.146,1526.7,214.6,37.8,Sand,1,4.2091,1435.2,91.5,92.63,0.04261,0.563,214.1,6.13,100.0,0
3.782,2.218,0.35,0.0178,0.046,2.9,671,0.11,1506.5,218.2,31.1,Die,2,4.5269,1426.4,80.1,55.55,0.04337,0.644,77.27,16.67,100.0,0
3.754,2.254,0.31,0.0185,0.0639,3.8,654,0.144,1501.6,194.2,24.4,Permanent,0,4.5115,1426.9,74.7,68.98,0.05927,0.731,59.48,21.98,100.0,0
3.661,1.96,0.259,0.014,0.0617,3.2,629,0.127,1538.1,234.3,26.0,Permanent,0,4.3195,1431.8,106.3,56.11,0.05786,0.778,67.4,19.34,100.0,0
3.411,2.188,0.31,0.0279,0.0425,7.4,807,0.114,1539.7,256.9,41.1,Permanent,0,4.1495,1437.0,102.7,82.84,0.03663,0.502,168.76,7.6,99.36,0
3.376,2.602,0.504,0.0388,0.068,6.5,730,0.173,1508.7,182.6,52.3,Permanent,0,4.2558,1434.7,74.1,103.1,0.05967,0.787,273.02,4.86,100.0,0
3.8,2.286,0.549,0.0319,0.0686,4.5,886,0.086,1502.5,299.1,22.1,Sand,1,4.5724,1425.3,77.2,75.19,0.06277,0.759,73.42,16.39,98.67,0
3.544,1.944,0.52,0.014,0.0404,2.9,837,0.146,1541.2,260.5,16.7,Permanent,0,4.1967,1435.2,106.0,114.31,0.03811,0.675,27.82,40.0,99.47,0
3.788,2.564,0.492,0.0456,0.0384,3.6,562,0.14,1515.1,190.2,17.1,Sand,1,4.6576,1423.4,91.7,49.45,0.03566,0.546,44.09,30.05,100.0,0
3.694,2.435,0.373,0.0367,0.0558,4.2,807,0.14,1547.4,156.5,31.3,Sand,1,4.5185,1427.1,120.3,102.02,0.05133,0.691,147.11,9.45,100.0,0
3.649,2.28,0.281,0.013,0.0733,7.7,884,0.089,1525.1,221.6,31.2,Sand,1,4.4132,1429.6,95.5,78.06,0.0628,0.708,145.63,8.95,100.0,0
3.637,2.388,0.703,0.097,0.0588,15.4,276,0.117,1545.9,67.4,66.0,Sand,1,4.4655,1429.1,116.9,9.99,0.04319,0.444,654.17,2.26,82.86,0
3.342,2.443,0.291,0.0277,0.0709,2.7,738,0.18,1531.0,163.3,55.7,Die,2,4.1656,1436.9,94.1,109.43,0.06718,0.786,248.0,5.51,98.92,0
3.406,2.427,0.454,0.0304,0.0678,8.0,798,0.102,1549.3,262.3,58.5,Permanent,0,4.225,1435.2,114.1,72.59,0.05779,0.679,341.98,3.76,100.0,0
3.64,2.068,0.426,0.0467,0.0507,4.8,679,0.087,1526.7,224.1,26.5,Die,2,4.3446,1431.5,95.1,44.54,0.04607,0.562,56.38,23.11,100.0,0
3.693,2.664,0.506,0.0216,0.0402,2.5,622,0.14,1537.7,170.7,47.5,Permanent,0,4.5879,1425.3,112.5,60.66,0.0382,0.579,225.74,6.06,100.0,0
3.531,2.176,0.257,0.0276,0.0412,7.0,783,0.108,1535.6,220.4,36.7,Die,2,4.2657,1433.7,101.9,74.0,0.03586,0.475,108.04,12.17,100.0,0
3.486,2.129,0.493,0.0243,0.0696,7.8,668,0.16,1524.5,285.6,36.6,Permanent,0,4.2036,1435.4,89.2,79.67,0.05957,0.658,133.72,9.27,100.0,0
4.103,1.613,0.263,0.0345,0.0372,17.6,1492,0.206,1464.8,138.8,56.0,Sand,1,4.6521,1422.2,42.6,513.56,0.02612,0.299,471.07,2.81,7.79,1
3.612,1.908,0.432,0.0122,0.0546,4.9,867,0.113,1534.4,237.0,20.9,Sand,1,4.2525,1433.6,100.8,94.93,0.04951,0.653,65.82,19.71,97.5,0
3.373,2.644,0.254,0.0336,0.0411,3.6,851,0.153,1543.3,262.8,43.0,Sand,1,4.2655,1434.4,108.9,123.97,0.0382,0.491,277.44,4.62,94.2,0
3.58,1.782,0.567,0.0764,0.0509,14.8,1212,0.206,1578.0,74.7,39.0,Permanent,0,4.1996,1435.5,142.5,337.8,0.0379,0.432,152.12,9.88,42.14,1
3.221,2.461,0.55,0.0838,0.0444,12.6,558,0.094,1496.4,116.5,45.1,Sand,1,4.0694,1440.1,56.3,32.63,0.0345,0.402,304.99,4.52,88.99,0
3.498,2.626,0.528,0.027,0.0558,6.4,790,0.173,1513.6,172.7,12.1,Sand,1,4.382,1431.1,82.5,121.06,0.04908,0.646,22.07,40.0,100.0,0
3.995,2.604,0.273,0.0305,0.0478,10.8,1534,0.207,1518.8,57.3,20.2,Permanent,0,4.8731,1417.3,101.5,543.37,0.03855,0.467,40.72,35.89,0.0,1
3.719,1.927,0.31,0.0401,0.0484,4.6,625,0.084,1520.1,279.8,22.6,Die,2,4.3741,1430.5,89.6,36.51,0.04421,0.548,40.7,30.48,100.0,0
3.686,2.468,0.307,0.0149,0.0529,3.3,764,0.145,1504.1,190.0,35.8,Sand,1,4.514,1427.0,77.0,94.53,0.04952,0.719,192.02,6.84,100.0,0
3.245,1.866,0.277,0.0406,0.0363,5.4,1134,0.171,1599.4,101.8,45.1,Sand,1,3.88,1444.2,155.2,245.2,0.03252,0.526,304.96,4.91,50.58,1
4.184,2.676,0.313,0.0423,0.0322,6.4,550,0.193,1584.3,139.0,27.6,Die,2,5.0906,1411.4,172.9,65.14,0.02832,0.45,60.94,23.72,71.78,0
3.54,2.17,0.406,0.0495,0.0519,3.9,873,0.168,1507.5,282.2,51.4,Sand,1,4.28,1433.5,74.0,143.07,0.04801,0.596,397.03,3.09,94.86,0
3.499,2.263,0.276,0.0955,0.0385,17.4,1190,0.111,1500.2,84.5,60.3,Permanent,0,4.2846,1433.9,66.2,175.21,0.02715,0.287,363.15,3.9,74.66,0
3.665,2.971,0.257,0.0718,0.0431,10.5,1556,0.064,1475.7,139.8,83.7,Permanent,0,4.6791,1423.6,52.1,174.29,0.03489,0.448,700.14,1.91,85.68,0
3.737,2.689,0.355,0.0337,0.0718,8.0,787,0.1,1548.1,259.4,41.6,Sand,1,4.6447,1423.8,124.3,69.49,0.06125,0.643,259.62,4.96,100.0,0
3.672,2.557,0.393,0.0187,0.0436,5.0,736,0.138,1543.2,162.5,43.1,Permanent,0,4.5302,1426.7,116.5,83.7,0.03948,0.553,186.12,7.42,100.0,0
3.717,2.604,0.364,0.0402,0.0636,6.9,838,0.16,1519.6,196.7,44.7,Permanent,0,4.5981,1425.1,94.5,125.48,0.05538,0.58,199.49,6.63,97.44,0
3.644,2.033,0.542,0.0396,0.0719,7.5,700,0.152,1519.8,287.5,49.0,Die,2,4.3349,1431.7,88.1,83.31,0.06187,0.623,192.07,6.42,99.0,0
3.408,1.857,0.424,0.0873,0.0453,16.0,291,0.146,1583.5,67.2,58.4,Sand,1,4.0556,1439.7,143.8,13.79,0.03287,0.293,512.26,2.96,70.86,0
3.451,2.217,0.299,0.045,0.06,4.2,617,0.177,1530.3,221.3,40.1,Sand,1,4.2046,1435.6,94.7,75.4,0.05519,0.697,241.48,5.42,100.0,0
3.415,2.26,0.322,0.0457,0.0257,10.2,451,0.204,1495.1,122.3,78.4,Permanent,0,4.183,1436.3,58.8,46.37,0.02093,0.295,613.99,2.24,89.91,0
3.374,2.243,0.424,0.0263,0.0745,5.6,688,0.179,1516.4,210.0,57.7,Permanent,0,4.1301,1437.6,78.8,94.53,0.06652,0.804,333.29,3.92,95.87,0
3.926,2.194,0.685,0.0854,0.0361,17.1,255,0.209,1578.7,86.3,72.7,Sand,1,4.6858,1422.5,156.2,15.15,0.02566,0.233,791.72,1.88,65.83,0
3.702,2.521,0.288,0.0242,0.0678,6.5,779,0.158,1514.0,190.0,42.4,Sand,1,4.5503,1426.2,87.8,107.29,0.05957,0.679,269.31,4.92,100.0,0
3.23,2.567,0.19,0.0766,0.0467,15.0,1560,0.072,1557.2,99.8,40.0,Permanent,0,4.1107,1439.0,118.1,194.97,0.03459,0.41,159.85,9.12,75.23,0
4.122,3.047,0.266,0.0727,0.0546,7.1,492,0.247,1482.3,103.4,41.7,Die,2,5.1614,1410.2,72.1,66.83,0.04741,0.57,139.32,9.9,90.79,0
3.396,2.259,0.376,0.0263,0.0506,7.5,732,0.113,1515.6,172.9,59.0,Sand,1,4.1578,1436.8,78.8,67.47,0.04354,0.551,521.66,2.57,100.0,0
3.524,2.216,0.413,0.0131,0.0612,3.3,644,0.129,1527.4,177.1,48.4,Sand,1,4.2673,1433.6,93.8,60.07,0.05737,0.764,351.03,3.85,100.0,0
3.645,2.138,0.307,0.0173,0.0636,7.8,551,0.146,1559.5,288.5,18.5,Permanent,0,4.3632,1430.8,128.7,49.62,0.05439,0.71,34.07,37.31,97.22,0
3.617,2.463,0.506,0.0434,0.0556,4.9,749,0.169,1551.6,214.5,59.8,Permanent,0,4.4524,1429.0,122.6,106.14,0.05047,0.682,357.98,3.74,98.24,0
3.44,2.364,0.32,0.0218,0.0593,6.2,773,0.148,1512.7,285.1,44.1,Sand,1,4.2348,1434.8,78.0,98.78,0.0524,0.66,292.27,4.2,100.0,0
3.702,1.714,0.614,0.0274,0.0521,15.2,407,0.114,1508.8,135.1,34.2,Die,2,4.2829,1432.6,76.2,21.12,0.03843,0.48,93.66,14.67,91.78,0
3.427,2.532,0.318,0.0195,0.0735,5.1,787,0.166,1525.3,179.8,55.1,Permanent,0,4.2772,1433.8,91.5,115.2,0.06642,0.718,303.69,4.43,99.34,0
3.371,2.26,0.254,0.033,0.0669,3.0,755,0.081,1502.8,248.6,59.6,Permanent,0,4.1356,1437.5,65.3,51.7,0.06308,0.858,355.31,3.53,97.53,0
3.471,2.56,0.346,0.0134,0.0531,4.8,573,0.091,1535.9,200.4,13.7,Sand,1,4.3291,1432.3,103.6,33.26,0.04827,0.639,28.24,40.0,100.0,0
3.376,1.936,0.272,0.0359,0.0413,2.7,573,0.134,1518.4,212.5,29.4,Die,2,4.0332,1440.0,78.5,49.15,0.03917,0.606,68.96,18.94,95.73,0
3.499,2.282,0.347,0.0146,0.057,6.7,680,0.145,1506.6,183.4,14.1,Die,2,4.2641,1433.8,72.8,74.77,0.04988,0.569,15.99,40.0,100.0,0
3.021,2.153,0.752,0.074,0.0544,6.0,1124,0.056,1540.5,137.0,30.7,Sand,1,3.763,1448.2,92.3,79.25,0.04822,0.56,141.16,9.94,95.23,0
3.434,2.287,0.276,0.0378,0.0628,2.1,840,0.162,1552.1,180.3,23.2,Permanent,0,4.2093,1435.5,116.6,127.4,0.06016,0.745,53.68,25.56,98.85,0
3.677,2.035,0.523,0.0163,0.0738,4.0,558,0.142,1549.5,281.2,57.9,Permanent,0,4.3608,1430.8,118.7,49.36,0.06817,0.799,335.24,3.78,99.47,0
3.383,2.192,0.549,0.0376,0.0716,4.0,639,0.121,1542.5,181.0,30.9,Sand,1,4.126,1437.7,104.7,55.04,0.06608,0.783,143.61,9.48,100.0,0
3.648,2.665,0.473,0.0113,0.0596,7.6,761,0.158,1525.5,229.9,18.5,Die,2,4.5401,1426.5,99.0,102.32,0.05119,0.621,27.44,40.0,100.0,0
3.701,2.14,0.33,0.0323,0.0534,7.7,537,0.158,1549.8,177.3,42.6,Permanent,0,4.4253,1429.2,120.6,51.05,0.04577,0.543,181.24,7.57,100.0,0
3.448,2.535,0.352,0.0341,0.0716,4.6,767,0.115,1526.0,289.7,49.6,Permanent,0,4.3041,1433.2,92.8,75.9,0.06537,0.788,245.63,5.03,99.09,0
3.991,2.484,0.229,0.0297,0.031,12.3,1184,0.211,1454.0,121.5,10.8,Sand,1,4.8286,1418.4,35.6,330.04,0.02425,0.262,17.43,40.0,29.13,1
3.584,1.948,0.271,0.0497,0.0638,6.4,699,0.117,1548.8,168.0,16.1,Permanent,0,4.2497,1434.1,114.8,63.74,0.05613,0.725,25.84,40.0,100.0,0
3.763,2.121,0.464,0.021,0.0573,4.3,672,0.117,1549.2,284.6,24.7,Permanent,0,4.4772,1427.7,121.6,58.97,0.0526,0.648,61.2,20.66,99.48,0
3.596,2.559,0.377,0.0443,0.0454,2.5,860,0.141,1551.6,195.6,42.7,Die,2,4.4643,1428.8,122.8,116.4,0.0432,0.63,145.54,9.32,100.0,0
3.424,2.275,0.751,0.0491,0.0206,12.2,593,0.102,1522.9,82.4,12.0,Permanent,0,4.1991,1435.9,86.9,40.02,0.01617,0.247,14.42,40.0,73.99,0
3.83,1.86,0.481,0.0762,0.0488,11.0,1177,0.171,1470.0,111.3,48.1,Sand,1,4.4751,1427.9,42.1,265.41,0.03916,0.463,346.98,3.92,55.14,1
3.786,2.536,0.5,0.0225,0.0535,7.2,664,0.159,1537.9,186.9,27.8,Permanent,0,4.6389,1423.7,114.2,78.39,0.04625,0.588,77.25,17.49,100.0,0
3.737,2.591,0.31,0.0311,0.0735,5.2,615,0.146,1540.6,284.7,52.7,Permanent,0,4.6109,1424.6,116.0,61.87,0.06625,0.913,277.39,4.53,98.03,0
4.196,2.242,0.194,0.0889,0.0378,13.9,488,0.104,1536.8,95.8,79.1,Permanent,0,4.9735,1414.6,122.3,27.77,0.02865,0.265,625.02,2.31,80.44,0
3.707,2.344,0.438,0.0281,0.0662,4.4,845,0.117,1546.1,206.2,59.3,Permanent,0,4.4979,1427.4,118.6,93.61,0.06057,0.697,351.4,3.81,100.0,0
3.34,2.255,0.515,0.0477,0.042,3.1,767,0.085,1545.8,164.2,48.3,Die,2,4.1078,1438.4,107.4,55.84,0.03951,0.535,186.96,7.39,97.45,0
3.627,2.134,0.378,0.0176,0.0704,5.3,557,0.118,1510.5,256.3,14.3,Permanent,0,4.3443,1431.4,79.1,41.06,0.06331,0.754,20.43,40.0,100.0,0
3.514,2.361,0.404,0.0345,0.0421,6.8,592,0.161,1523.2,269.7,59.0,Permanent,0,4.3127,1432.7,90.5,63.17,0.03679,0.524,348.06,3.6,100.0,0
3.727,2.057,0.369,0.0233,0.0631,6.2,696,0.178,1537.7,232.2,59.4,Permanent,0,4.4207,1429.2,108.5,96.17,0.05578,0.724,353.38,3.69,100.0,0
3.413,2.323,0.471,0.0202,0.0596,3.7,536,0.103,1502.4,222.4,10.7,Permanent,0,4.1936,1435.9,66.6,33.05,0.05538,0.705,11.47,40.0,98.71,0
3.457,2.379,0.406,0.0312,0.0615,5.2,770,0.151,1516.8,188.2,35.0,Sand,1,4.2604,1434.2,82.7,100.07,0.05539,0.732,183.67,7.23,100.0,0
3.698,1.958,0.514,0.0224,0.0589,3.7,838,0.097,1554.7,291.6,14.8,Permanent,0,4.3581,1430.8,123.9,75.76,0.05475,0.743,21.83,40.0,98.55,0
3.385,2.446,0.434,0.0418,0.0645,2.2,764,0.159,1524.9,246.5,27.1,Sand,1,4.2146,1435.6,89.3,103.51,0.06171,0.77,110.02,11.62,100.0,0
3.025,3.073,0.565,0.02,0.0208,14.3,1175,0.146,1499.2,159.6,83.2,Die,2,4.0557,1440.7,58.5,225.76,0.01565,0.199,553.88,2.42,50.56,1
4.056,1.616,0.548,0.0354,0.0501,6.8,1139,0.175,1519.5,103.6,42.0,Permanent,0,4.6059,1423.5,96.0,254.52,0.0437,0.556,176.28,8.03,66.69,0
3.524,2.68,0.534,0.0387,0.0575,7.6,594,0.14,1501.9,217.2,18.1,Permanent,0,4.43,1429.9,72.0,55.32,0.04947,0.571,32.89,39.06,100.0,0
3.791,2.48,0.374,0.024,0.0397,7.1,809,0.165,1526.7,224.3,35.1,Permanent,0,4.6251,1424.0,102.7,121.01,0.03441,0.486,123.32,10.56,98.97,0
3.323,2.413,0.433,0.045,0.0526,3.2,740,0.085,1510.0,256.6,35.3,Permanent,0,4.142,1437.7,72.4,52.3,0.04928,0.629,124.49,10.07,100.0,0
3.37,2.275,0.495,0.0372,0.0482,5.6,785,0.115,1554.0,211.6,42.8,Sand,1,4.1406,1437.4,116.5,79.6,0.04312,0.59,275.1,4.88,100.0,0
3.772,2.632,0.759,0.0651,0.0379,16.0,1528,0.155,1497.4,90.0,59.9,Permanent,0,4.6711,1423.3,74.0,403.79,0.02752,0.23,358.35,3.93,27.53,1
3.638,2.399,0.273,0.0222,0.0658,6.7,501,0.165,1546.3,170.9,15.7,Sand,1,4.4453,1428.9,117.3,46.37,0.05749,0.689,36.74,37.43,100.0,0
3.674,2.11,0.542,0.0306,0.0667,7.2,821,0.095,1550.2,299.3,54.1,Sand,1,4.3876,1430.2,119.9,71.81,0.05777,0.697,439.32,2.85,100.0,0
3.398,2.335,0.506,0.0159,0.0672,7.6,621,0.088,1531.4,207.8,31.3,Die,2,4.1817,1436.2,95.2,38.03,0.05772,0.685,78.38,16.89,100.0,0
3.328,1.441,0.59,0.0941,0.0545,9.1,540,0.194,1603.8,89.7,16.9,Permanent,0,3.8392,1445.3,158.5,63.2,0.04543,0.437,28.49,40.0,76.48,0
3.464,2.598,0.551,0.0939,0.057,14.4,417,0.058,1530.4,82.4,51.2,Permanent,0,4.3611,1432.2,98.2,11.24,0.04274,0.45,261.84,5.53,88.08,0
3.341,2.307,0.446,0.0374,0.0518,4.3,686,0.165,1521.2,178.8,32.1,Permanent,0,4.1226,1438.0,83.2,86.69,0.04754,0.648,103.0,13.03,99.88,0
3.56,2.093,0.465,0.03,0.0679,5.3,565,0.154,1548.4,261.4,34.6,Sand,1,4.2674,1433.6,114.8,55.14,0.06114,0.84,179.95,7.15,100.0,0
3.355,2.077,0.35,0.0298,0.0609,6.5,842,0.124,1556.2,188.0,24.7,Permanent,0,4.0574,1439.4,116.8,98.58,0.05339,0.651,61.24,22.34,100.0,0
3.53,2.682,0.269,0.0409,0.055,7.4,594,0.083,1504.3,240.5,33.6,Sand,1,4.4379,1429.7,74.6,32.84,0.04742,0.525,169.56,7.45,98.16,0
3.704,1.623,0.529,0.0857,0.0463,11.8,462,0.221,1576.5,81.1,81.6,Die,2,4.2736,1433.3,143.2,52.77,0.03654,0.362,532.52,2.81,88.0,0
4.0,1.702,0.645,0.0595,0.0563,6.7,1561,0.126,1546.8,66.0,17.0,Permanent,0,4.587,1424.4,122.4,344.23,0.04916,0.598,28.74,40.0,43.75,1
3.721,2.484,0.292,0.0269,0.0695,4.9,702,0.178,1529.1,225.4,48.4,Permanent,0,4.558,1425.9,103.1,97.9,0.06303,0.711,234.35,5.56,100.0,0
3.347,2.025,0.28,0.0334,0.0661,7.7,527,0.089,1513.3,273.7,41.1,Sand,1,4.0335,1440.1,73.3,27.65,0.05668,0.685,253.17,4.9,97.08,0
3.41,2.496,0.275,0.0306,0.0492,2.4,737,0.095,1557.0,295.2,25.0,Die,2,4.2525,1434.5,122.4,57.6,0.04697,0.721,50.04,25.22,97.96,0
3.573,1.559,0.326,0.058,0.0311,12.3,1428,0.184,1521.3,140.9,66.6,Permanent,0,4.1118,1437.5,83.8,420.39,0.02434,0.228,443.28,3.11,23.68,1
3.563,2.627,0.51,0.0328,0.0388,3.6,789,0.151,1522.2,170.5,27.2,Die,2,4.4499,1429.2,93.0,105.03,0.03613,0.537,59.31,22.79,100.0,0
3.783,2.348,0.476,0.0282,0.0734,4.0,636,0.142,1550.1,251.9,52.6,Sand,1,4.5746,1425.3,124.8,64.27,0.06774,0.848,414.6,3.13,98.21,0
3.887,2.154,0.609,0.0624,0.0215,10.3,303,0.171,1465.3,84.0,49.1,Die,2,4.6256,1423.9,41.3,17.47,0.01749,0.334,193.25,7.15,68.08,0
3.158,2.257,0.51,0.0432,0.0297,7.6,1386,0.092,1458.5,68.0,49.9,Sand,1,3.925,1443.5,14.9,196.73,0.02548,0.371,373.78,3.72,44.33,1
3.397,2.203,0.342,0.0397,0.0535,4.4,893,0.162,1559.2,260.1,37.2,Sand,1,4.1445,1437.3,122.0,144.22,0.04894,0.655,207.16,6.27,91.04,0
3.318,2.148,0.309,0.0272,0.039,5.1,524,0.177,1523.3,178.0,33.6,Permanent,0,4.0431,1439.9,83.4,54.41,0.03516,0.567,113.09,11.9,99.21,0
3.338,1.942,0.483,0.0404,0.0725,6.1,525,0.133,1540.8,205.5,11.0,Die,2,3.9994,1441.0,99.8,40.95,0.06419,0.738,9.73,40.0,93.81,0
3.763,2.485,0.785,0.0883,0.0591,8.9,1180,0.09,1547.1,141.1,60.4,Die,2,4.6208,1424.8,122.3,140.4,0.04947,0.604,291.55,4.82,90.23,0
3.359,1.932,0.327,0.0441,0.0665,7.8,799,0.152,1519.9,165.0,24.8,Sand,1,4.018,1440.5,79.4,108.49,0.05692,0.705,92.22,14.69,100.0,0
3.543,2.238,0.308,0.026,0.0519,8.0,889,0.08,1509.6,267.6,12.6,Permanent,0,4.2977,1432.9,76.7,70.66,0.04422,0.546,15.91,40.0,100.0,0
3.713,2.309,0.539,0.0443,0.0543,3.1,658,0.112,1556.8,250.8,59.4,Die,2,4.4973,1427.6,129.3,54.43,0.05102,0.68,282.36,4.63,100.0,0
3.526,1.91,0.332,0.0229,0.0548,2.7,675,0.169,1505.9,211.8,46.7,Die,2,4.1701,1436.0,69.9,85.94,0.05188,0.73,174.12,7.43,100.0,0
3.305,2.133,0.349,0.0391,0.0546,6.5,693,0.175,1500.8,245.4,12.6,Permanent,0,4.029,1440.4,60.4,93.83,0.048,0.631,15.75,40.0,98.68,0
3.526,2.686,0.479,0.0317,0.0408,2.4,737,0.112,1515.6,244.2,48.8,Die,2,4.4315,1429.8,85.8,68.31,0.03888,0.644,190.73,6.67,100.0,0
4.06,1.84,0.437,0.0809,0.0411,10.6,423,0.138,1609.4,141.3,59.1,Die,2,4.7002,1421.6,187.8,27.59,0.03325,0.459,279.62,5.25,70.89,0
3.592,2.168,0.272,0.0471,0.0663,6.6,605,0.153,1513.5,275.9,31.1,Die,2,4.33,1432.1,81.4,62.42,0.05818,0.752,77.15,16.04,100.0,0
3.628,2.12,0.519,0.0791,0.0269,7.1,487,0.185,1519.6,69.5,84.0,Permanent,0,4.3609,1431.5,88.2,49.03,0.02339,0.373,705.11,2.06,81.94,0
3.636,2.396,0.547,0.0385,0.0485,2.4,548,0.082,1519.1,211.8,48.4,Sand,1,4.4472,1429.0,90.0,27.46,0.0463,0.663,352.08,3.71,98.63,0
3.397,2.578,0.497,0.0491,0.0222,12.6,1136,0.198,1559.2,152.1,28.8,Die,2,4.2726,1434.3,125.0,285.8,0.01729,0.259,66.47,21.17,49.21,1
3.435,1.991,0.256,0.0293,0.0462,5.0,621,0.145,1557.2,199.1,39.8,Die,2,4.1087,1437.9,119.3,62.67,0.0418,0.508,126.43,10.74,97.85,0
3.648,2.402,0.486,0.0129,0.0484,5.1,787,0.159,1517.8,250.0,57.2,Permanent,0,4.4532,1428.6,89.1,110.37,0.04367,0.549,327.18,3.87,98.52,0
3.479,2.488,0.372,0.0182,0.0638,7.0,661,0.162,1504.4,245.9,58.3,Die,2,4.3143,1432.7,71.7,79.42,0.05546,0.698,272.33,4.62,100.0,0
3.334,2.611,0.543,0.0317,0.0645,7.5,846,0.093,1501.2,165.1,25.0,Die,2,4.2154,1435.7,65.4,74.16,0.05556,0.674,50.06,26.69,100.0,0
3.537,2.628,0.522,0.0271,0.0544,7.7,768,0.095,1511.4,211.2,24.6,Die,2,4.4218,1429.9,81.5,62.53,0.04665,0.611,48.49,26.81,100.0,0
3.618,2.617,0.523,0.0568,0.0436,10.6,1415,0.084,1500.5,72.4,67.9,Die,2,4.5096,1427.8,72.7,188.26,0.0353,0.431,369.01,3.87,76.4,0
3.688,2.383,0.402,0.041,0.0411,2.3,680,0.123,1519.6,201.4,32.1,Permanent,0,4.4961,1427.7,91.9,63.66,0.03924,0.601,103.0,12.8,100.0,0
3.443,1.995,0.535,0.0386,0.0668,3.5,538,0.117,1549.4,298.3,12.4,Permanent,0,4.1211,1437.6,111.7,37.79,0.06232,0.78,15.32,40.0,95.91,0
3.624,2.665,0.407,0.024,0.0524,4.0,770,0.101,1523.8,267.2,42.7,Permanent,0,4.5206,1427.2,96.6,66.7,0.04833,0.631,182.64,6.88,100.0,0
3.701,2.365,0.356,0.0341,0.0504,3.4,501,0.087,1522.9,258.5,33.6,Permanent,0,4.501,1427.4,95.5,24.41,0.04707,0.656,112.62,11.23,99.31,0
3.75,2.178,0.498,0.0326,0.0716,7.5,683,0.115,1506.0,222.6,46.4,Permanent,0,4.4867,1427.6,78.4,60.11,0.06162,0.612,215.25,5.96,100.0,0
3.074,2.934,0.421,0.0235,0.0392,8.0,1141,0.069,1514.8,159.7,47.9,Permanent,0,4.0597,1440.5,74.4,101.01,0.0334,0.465,229.86,5.9,95.94,0
3.548,2.375,0.47,0.0226,0.0637,5.6,881,0.111,1536.2,256.4,57.2,Sand,1,4.3474,1431.7,104.5,96.44,0.05692,0.667,490.16,2.61,100.0,0
3.479,2.493,0.417,0.0151,0.0501,2.4,524,0.089,1505.2,229.5,31.5,Permanent,0,4.3154,1432.6,72.6,27.47,0.04771,0.682,99.3,12.85,98.11,0
3.06,3.007,0.25,0.0969,0.0586,11.2,472,0.226,1472.8,136.7,22.2,Permanent,0,4.0947,1440.3,32.5,56.31,0.04685,0.591,49.44,27.02,86.81,0
3.382,2.461,0.408,0.0418,0.0739,3.2,835,0.16,1546.8,208.4,27.0,Permanent,0,4.2165,1435.6,111.2,124.49,0.06935,0.846,73.09,18.31,100.0,0
3.329,2.355,0.282,0.0406,0.0656,4.5,802,0.162,1524.1,216.1,60.0,Sand,1,4.1272,1438.0,86.1,116.28,0.05991,0.752,539.26,2.43,96.12,0
3.39,2.051,0.527,0.0288,0.0569,5.8,671,0.152,1541.4,238.5,55.0,Permanent,0,4.0829,1438.7,102.7,76.35,0.05059,0.72,302.0,4.31,100.0,0
3.711,2.648,0.432,0.0265,0.0661,8.0,602,0.086,1535.0,222.2,32.5,Permanent,0,4.6029,1424.9,110.1,34.7,0.05634,0.633,105.73,12.42,100.0,0
3.704,2.438,0.522,0.0243,0.0625,2.2,664,0.086,1525.6,240.6,44.0,Sand,1,4.5246,1426.8,98.8,42.53,0.05982,0.726,290.8,4.42,100.0,0
3.507,2.182,0.434,0.0481,0.0671,7.1,842,0.109,1528.3,221.7,40.2,Sand,1,4.2508,1434.3,93.9,86.28,0.05819,0.62,242.53,5.39,100.0,0
3.468,2.028,0.498,0.0216,0.0585,5.7,726,0.134,1521.8,236.0,29.4,Die,2,4.1516,1436.7,85.1,79.05,0.05217,0.707,69.38,18.53,100.0,0
3.064,2.506,0.359,0.0726,0.0479,13.2,329,0.246,1452.9,151.0,49.3,Permanent,0,3.9234,1444.2,8.7,29.84,0.0368,0.458,243.46,5.35,73.6,0
3.222,2.742,0.671,0.0889,0.0255,7.2,1553,0.137,1517.8,142.2,63.3,Sand,1,4.1652,1437.9,80.0,370.36,0.02207,0.328,601.06,2.29,32.03,1
3.487,1.906,0.521,0.0415,0.0417,5.8,662,0.101,1518.8,260.5,31.1,Permanent,0,4.1356,1437.1,81.6,49.34,0.03711,0.57,96.74,13.01,100.0,0
3.665,2.585,0.279,0.0115,0.0728,5.6,547,0.141,1536.6,173.1,39.2,Sand,1,4.5303,1426.7,109.9,47.21,0.06506,0.771,230.96,5.9,98.33,0
3.632,2.24,0.532,0.0284,0.0561,3.2,571,0.083,1503.6,205.0,37.1,Sand,1,4.3876,1430.4,73.2,30.18,0.05254,0.632,206.84,6.28,100.0,0
3.439,2.502,0.351,0.044,0.0461,2.1,790,0.172,1539.7,244.4,13.7,Sand,1,4.2873,1433.7,106.0,119.81,0.0442,0.655,27.97,40.0,99.27,0
3.625,2.592,0.523,0.0389,0.0652,4.3,784,0.173,1530.6,175.3,14.7,Permanent,0,4.5024,1427.8,102.9,118.77,0.05984,0.737,21.66,40.0,100.0,0
3.552,2.496,0.302,0.0385,0.0648,4.0,560,0.177,1517.4,212.1,19.3,Die,2,4.3965,1430.6,86.8,62.06,0.05984,0.735,29.72,40.0,98.79,0
3.79,2.896,0.694,0.0326,0.0345,8.6,290,0.125,1537.4,116.1,29.9,Permanent,0,4.7662,1420.7,116.7,11.79,0.02899,0.363,89.59,15.86,83.11,0
3.421,2.355,0.481,0.0483,0.0598,7.2,890,0.175,1514.4,189.0,12.3,Sand,1,4.2221,1435.4,79.0,154.62,0.05178,0.73,22.52,40.0,91.88,0
3.413,2.152,0.25,0.0453,0.0403,5.5,708,0.106,1543.8,265.7,12.4,Die,2,4.1454,1437.2,106.6,59.05,0.03613,0.476,12.37,40.0,99.97,0
3.357,2.0,0.373,0.0482,0.0497,6.6,836,0.18,1554.0,187.0,20.9,Die,2,4.0396,1440.0,114.0,140.57,0.04349,0.526,35.11,38.94,90.12,0
3.42,3.15,0.484,0.0429,0.045,12.8,1598,0.226,1484.5,53.2,35.7,Permanent,0,4.4837,1429.1,55.5,645.15,0.03489,0.351,127.14,11.26,0.0,1
3.686,1.958,0.493,0.0174,0.041,7.7,582,0.15,1538.7,169.0,58.9,Permanent,0,4.3449,1431.1,107.5,56.73,0.03509,0.534,347.33,3.94,100.0,0
3.704,1.677,0.44,0.0238,0.0281,6.4,1314,0.151,1541.2,99.4,39.1,Permanent,0,4.2704,1432.9,108.3,290.8,0.02475,0.373,153.14,9.41,48.64,1
3.3,2.063,0.295,0.0246,0.0546,7.7,547,0.137,1535.1,161.9,32.0,Permanent,0,3.9958,1441.1,94.0,45.72,0.04685,0.56,102.5,13.4,94.79,0
3.776,2.664,0.345,0.0306,0.0409,2.8,525,0.149,1533.0,279.9,22.6,Sand,1,4.674,1423.0,110.0,45.88,0.03864,0.601,76.64,16.35,100.0,0
3.673,2.178,0.432,0.0499,0.0452,6.7,594,0.134,1549.6,206.7,58.6,Sand,1,4.4157,1429.7,119.9,52.97,0.0396,0.447,515.66,2.6,100.0,0
3.589,2.034,0.42,0.0305,0.0637,7.3,615,0.171,1503.2,196.5,57.7,Permanent,0,4.2774,1433.2,70.0,72.46,0.05505,0.61,332.53,3.93,100.0,0
3.243,2.276,0.5,0.0774,0.0596,15.5,284,0.243,1588.8,93.7,16.4,Sand,1,4.0278,1441.0,147.8,21.86,0.04376,0.403,40.1,37.28,74.46,0
3.412,2.289,0.542,0.0183,0.0714,5.6,677,0.128,1511.5,175.9,42.2,Permanent,0,4.181,1436.2,75.4,65.49,0.06382,0.785,178.15,7.5,100.0,0
3.608,2.19,0.495,0.0235,0.0443,4.1,623,0.134,1521.5,165.2,20.6,Sand,1,4.3464,1431.4,90.0,57.96,0.04079,0.573,63.69,21.29,100.0,0
3.441,2.164,0.454,0.0292,0.0514,4.5,763,0.174,1501.3,272.3,37.0,Permanent,0,4.1722,1436.3,65.0,113.36,0.04697,0.606,136.95,8.97,100.0,0
3.673,2.185,0.494,0.0266,0.0638,3.0,588,0.175,1541.7,293.9,45.9,Sand,1,4.41,1429.7,112.1,67.48,0.06009,0.794,316.11,3.95,100.0,0
3.64,2.411,0.304,0.0445,0.0589,4.0,636,0.083,1529.5,176.0,34.6,Permanent,0,4.4582,1428.8,100.7,37.35,0.05439,0.671,119.53,11.32,100.0,0
3.459,2.071,0.262,0.0424,0.0439,5.0,786,0.145,1525.6,181.2,22.9,Die,2,4.1639,1436.6,89.0,100.39,0.0397,0.61,42.04,31.98,100.0,0
3.034,2.202,0.468,0.0918,0.0252,16.6,339,0.201,1581.0,81.5,70.7,Permanent,0,3.7992,1447.4,133.6,25.71,0.01805,0.318,499.8,3.0,68.71,0
3.106,2.453,0.209,0.0744,0.0496,7.3,454,0.173,1527.0,131.9,12.1,Permanent,0,3.9488,1443.4,83.6,39.95,0.04284,0.599,14.63,40.0,96.65,0
3.449,2.362,0.503,0.0107,0.0688,4.0,668,0.104,1519.4,167.9,26.1,Sand,1,4.2395,1434.5,84.8,51.9,0.06351,0.845,101.8,13.28,100.0,0
4.052,2.348,0.482,0.0216,0.0262,7.1,1321,0.141,1482.7,111.2,67.3,Permanent,0,4.8417,1417.8,65.0,275.09,0.02269,0.415,452.78,3.03,49.81,1
3.412,2.371,0.434,0.0363,0.0596,4.6,792,0.118,1549.6,283.6,46.1,Permanent,0,4.2141,1435.5,114.1,82.37,0.05443,0.693,212.08,5.97,100.0,0
3.538,2.401,0.75,0.0457,0.0453,10.0,591,0.111,1537.5,72.1,12.9,Permanent,0,4.3538,1431.7,105.8,43.5,0.03711,0.462,16.58,40.0,88.99,0
3.388,2.439,0.296,0.0219,0.0485,3.5,585,0.145,1532.2,201.4,26.6,Sand,1,4.2079,1435.6,96.6,55.4,0.04524,0.667,106.09,12.54,100.0,0
3.379,2.197,0.519,0.0471,0.0578,4.4,671,0.121,1547.3,213.9,43.4,Permanent,0,4.1268,1437.8,109.5,61.06,0.05293,0.621,188.27,7.08,99.38,0
3.573,2.142,0.312,0.0219,0.0717,7.1,883,0.173,1510.0,279.7,14.8,Die,2,4.2946,1432.8,77.2,151.05,0.06217,0.749,17.49,40.0,88.48,0
3.674,2.336,0.3,0.0199,0.0553,4.7,724,0.15,1525.0,161.2,34.0,Sand,1,4.4595,1428.4,96.5,87.86,0.05037,0.632,173.26,7.87,100.0,0
3.791,2.212,0.405,0.0146,0.0396,6.9,672,0.162,1549.1,198.1,40.3,Sand,1,4.5326,1426.2,123.0,81.95,0.03449,0.514,243.22,5.55,100.0,0
3.58,2.086,0.369,0.0337,0.0584,6.9,737,0.112,1527.0,244.6,55.7,Permanent,0,4.2868,1433.1,93.9,68.1,0.05084,0.626,310.0,4.14,98.15,0
3.645,2.039,0.548,0.045,0.0498,6.1,520,0.128,1550.5,207.5,54.3,Sand,1,4.3401,1431.6,118.9,38.78,0.0441,0.605,441.96,3.04,99.84,0
3.346,2.16,0.429,0.0192,0.0542,4.8,639,0.104,1548.5,190.1,24.5,Permanent,0,4.0721,1439.0,109.5,47.27,0.04926,0.67,60.1,22.6,100.0,0
3.438,1.966,0.398,0.0464,0.0749,7.0,750,0.145,1539.9,238.9,16.6,Permanent,0,4.1087,1438.0,101.9,91.18,0.0652,0.744,27.7,40.0,95.74,0
3.305,2.147,0.541,0.0266,0.0607,4.6,793,0.105,1502.5,219.2,57.0,Permanent,0,4.0299,1440.3,62.2,74.15,0.05537,0.699,324.92,3.95,100.0,0
3.421,2.013,0.33,0.0463,0.0571,4.6,588,0.106,1504.2,261.2,53.9,Sand,1,4.1074,1438.1,66.1,41.06,0.05209,0.644,435.03,2.86,99.82,0
3.43,2.156,0.329,0.0101,0.0641,7.5,788,0.152,1504.7,251.7,53.3,Permanent,0,4.1517,1436.7,68.0,105.8,0.05522,0.647,283.9,4.41,99.12,0
3.231,1.619,0.78,0.0785,0.0241,5.5,447,0.165,1572.9,141.1,41.3,Permanent,0,3.7968,1446.6,126.3,36.86,0.02155,0.374,170.48,8.4,81.27,0
4.138,1.542,0.621,0.0934,0.051,16.6,369,0.107,1510.1,138.7,54.4,Permanent,0,4.6828,1421.8,88.3,16.3,0.03664,0.314,295.95,4.63,88.35,0
3.747,2.182,0.353,0.0435,0.0344,5.5,454,0.204,1560.1,135.3,53.1,Sand,1,4.4886,1427.6,132.5,47.05,0.03078,0.414,423.51,3.36,90.23,0
3.657,1.914,0.336,0.0362,0.0526,2.4,880,0.101,1533.0,212.4,18.0,Die,2,4.3067,1432.3,100.7,87.48,0.05019,0.712,26.02,40.0,100.0,0
3.565,2.208,0.309,0.0428,0.038,9.9,227,0.067,1511.9,111.9,5.7,Permanent,0,4.3147,1432.5,79.4,3.87,0.03124,0.376,3.3,40.0,83.1,0
3.326,2.137,0.289,0.024,0.0437,7.8,701,0.131,1541.1,223.1,16.7,Die,2,4.0462,1439.8,101.3,71.95,0.03741,0.52,22.39,40.0,100.0,0
3.441,2.633,0.278,0.0122,0.0681,3.9,838,0.103,1541.4,159.6,10.1,Die,2,4.3228,1432.6,108.8,80.81,0.06301,0.764,8.18,40.0,98.37,0
3.252,1.487,0.646,0.0783,0.0596,12.9,321,0.209,1577.9,108.1,38.3,Permanent,0,3.774,1447.0,130.8,24.01,0.046,0.441,146.82,10.01,82.95,0
3.725,1.417,0.33,0.065,0.0257,5.7,439,0.153,1513.8,139.7,66.3,Permanent,0,4.2187,1434.4,79.4,33.01,0.02293,0.347,438.92,3.13,85.18,0
3.511,2.085,0.54,0.0423,0.0417,2.8,787,0.113,1523.6,295.7,36.1,Permanent,0,4.2197,1435.0,88.6,78.28,0.0394,0.603,130.64,9.4,100.0,0
3.543,2.402,0.309,0.0325,0.0521,4.3,796,0.119,1534.8,270.7,47.0,Permanent,0,4.3549,1431.6,103.2,84.49,0.04781,0.588,220.74,5.73,100.0,0
3.368,2.12,0.393,0.0154,0.0592,3.9,544,0.14,1507.4,193.2,18.3,Permanent,0,4.0794,1438.7,68.7,46.18,0.05473,0.705,33.43,39.31,100.0,0
3.534,2.415,0.528,0.047,0.073,6.2,874,0.132,1519.4,294.7,54.7,Permanent,0,4.355,1431.7,87.7,112.61,0.06446,0.759,298.81,4.1,97.93,0
3.487,2.475,0.535,0.0364,0.0473,2.9,808,0.126,1540.0,179.2,37.7,Permanent,0,4.3244,1432.6,107.5,92.14,0.04461,0.585,142.32,9.56,100.0,0
3.757,2.668,0.354,0.0264,0.066,3.4,724,0.11,1539.5,297.7,34.1,Permanent,0,4.6547,1423.5,116.1,64.41,0.06156,0.701,116.44,10.66,100.0,0
3.351,2.102,0.466,0.0197,0.0466,5.0,871,0.164,1522.6,293.6,58.9,Die,2,4.0581,1439.4,83.2,139.33,0.04215,0.57,277.28,4.43,89.48,0
3.754,2.627,0.282,0.0494,0.0623,2.2,820,0.147,1543.5,215.0,35.6,Permanent,0,4.646,1423.9,119.6,110.77,0.05953,0.745,126.74,10.48,99.77,0
3.351,2.386,0.357,0.0232,0.0431,6.1,524,0.152,1530.2,292.9,13.9,Permanent,0,4.1538,1437.1,93.1,46.54,0.03813,0.5,19.42,40.0,97.02,0
3.87,2.027,0.455,0.0586,0.0343,6.3,444,0.196,1503.7,146.2,45.6,Sand,1,4.5654,1425.4,78.2,43.29,0.03019,0.38,312.21,4.35,100.0,0
3.541,2.699,0.371,0.0282,0.0393,7.4,879,0.096,1529.6,273.3,52.8,Permanent,0,4.4502,1429.3,100.3,82.77,0.03394,0.516,279.17,4.5,100.0,0
4.097,1.545,0.227,0.0304,0.0412,5.3,273,0.246,1560.0,107.4,21.5,Permanent,0,4.6221,1422.9,137.1,20.43,0.03703,0.527,46.17,31.46,85.87,0
3.657,2.257,0.515,0.032,0.0717,4.4,664,0.131,1556.2,246.7,49.5,Sand,1,4.4199,1429.5,126.7,64.63,0.06568,0.798,368.12,3.56,98.52,0
3.338,2.356,0.316,0.0331,0.0518,6.5,742,0.149,1500.5,290.8,27.1,Permanent,0,4.134,1437.7,62.8,91.76,0.04553,0.579,73.35,16.49,100.0,0
3.721,2.001,0.378,0.0484,0.0539,6.3,721,0.104,1554.5,193.4,59.5,Die,2,4.4041,1429.8,124.7,60.32,0.0475,0.636,283.12,4.81,98.59,0
3.551,2.461,0.447,0.0193,0.0632,7.9,899,0.159,1538.6,264.4,26.9,Permanent,0,4.3779,1430.9,107.7,143.98,0.05399,0.618,72.47,17.58,92.95,0
3.62,1.472,0.252,0.0581,0.0206,14.6,242,0.064,1515.4,53.2,73.8,Sand,1,4.1298,1436.9,78.6,4.17,0.01538,0.205,816.59,1.79,61.91,1
3.358,2.294,0.471,0.0429,0.0588,6.4,675,0.084,1559.3,270.7,23.8,Sand,1,4.1369,1437.6,121.7,42.84,0.05178,0.599,84.69,15.22,100.0,0
3.902,1.762,0.491,0.0691,0.0419,10.9,345,0.186,1447.2,87.0,38.4,Die,2,4.5124,1426.6,20.5,24.78,0.03364,0.431,118.13,11.51,78.61,0
3.648,2.114,0.722,0.0731,0.0477,6.9,1311,0.087,1471.5,105.6,52.3,Die,2,4.3771,1430.9,40.6,168.03,0.04155,0.529,218.82,6.24,84.45,0
3.559,2.071,0.32,0.013,0.048,3.7,524,0.11,1504.2,245.3,27.1,Sand,1,4.2536,1433.8,70.4,33.69,0.04456,0.596,110.03,11.44,96.46,0
3.607,2.147,0.3,0.0269,0.0687,5.9,755,0.137,1550.1,239.0,26.8,Permanent,0,4.3312,1431.8,118.3,87.19,0.06105,0.647,71.75,18.27,100.0,0
3.377,2.332,0.415,0.0335,0.0549,7.5,768,0.084,1521.4,260.0,34.5,Sand,1,4.1653,1436.8,84.6,55.17,0.04719,0.563,178.04,7.08,100.0,0
3.248,2.736,0.189,0.0223,0.0207,8.1,384,0.185,1487.5,153.8,41.4,Die,2,4.1677,1437.2,50.3,30.5,0.01763,0.351,137.35,9.71,81.02,0
3.555,2.301,0.459,0.0172,0.0561,3.9,585,0.141,1503.0,155.3,47.3,Die,2,4.3281,1432.0,71.0,53.76,0.05191,0.666,179.07,7.53,100.0,0
3.043,2.19,0.462,0.0994,0.0548,7.6,421,0.099,1584.0,62.2,19.5,Sand,1,3.8066,1447.3,136.7,19.71,0.04707,0.6,57.22,26.6,76.35,0
3.573,2.373,0.488,0.0385,0.0583,6.7,769,0.111,1527.7,203.1,28.1,Die,2,4.377,1431.0,96.7,73.15,0.05099,0.581,63.27,20.94,100.0,0
3.414,1.931,0.625,0.0743,0.0516,17.1,1393,0.099,1454.2,75.6,33.2,Sand,1,4.083,1438.9,15.3,215.01,0.03671,0.33,165.31,8.34,53.67,1
3.478,2.235,0.484,0.0192,0.0555,2.5,652,0.15,1513.6,270.3,34.6,Sand,1,4.2298,1434.7,78.8,71.3,0.05279,0.715,179.06,6.94,100.0,0
3.615,1.971,0.517,0.028,0.0567,5.7,734,0.131,1539.5,176.7,46.4,Permanent,0,4.2815,1433.0,106.5,79.14,0.05058,0.633,215.35,6.33,100.0,0
3.652,1.995,0.331,0.0456,0.0745,4.6,509,0.157,1541.7,282.2,37.2,Permanent,0,4.332,1431.8,109.9,45.35,0.06802,0.671,138.53,9.09,100.0,0
3.436,2.148,0.439,0.025,0.0741,4.1,794,0.164,1535.3,286.1,47.6,Sand,1,4.1604,1436.6,98.7,115.33,0.06817,0.776,339.82,3.68,96.67,0
3.403,2.672,0.411,0.0417,0.0681,5.0,728,0.089,1510.0,160.7,18.9,Sand,1,4.3082,1433.3,76.7,52.84,0.06162,0.689,53.43,25.25,98.68,0
3.602,1.545,0.45,0.0398,0.0231,9.0,1317,0.159,1567.1,77.8,13.7,Sand,1,4.1305,1436.8,130.4,308.85,0.01928,0.328,28.06,40.0,33.66,1
3.741,2.153,0.499,0.0212,0.0674,6.5,525,0.172,1537.5,151.3,13.9,Permanent,0,4.4659,1428.0,109.5,52.93,0.05912,0.566,19.4,40.0,100.0,0
3.308,1.94,0.516,0.0186,0.0391,6.3,730,0.124,1508.5,279.3,20.6,Sand,1,3.9611,1441.9,66.7,73.82,0.03452,0.505,63.83,19.26,98.01,0
3.738,2.122,0.28,0.0171,0.0625,4.6,655,0.119,1552.6,258.2,13.1,Permanent,0,4.4511,1428.4,124.2,56.97,0.05698,0.728,17.19,40.0,99.48,0
3.785,1.954,0.492,0.0322,0.0717,4.4,660,0.145,1540.2,230.2,19.9,Permanent,0,4.4469,1428.4,111.8,70.65,0.06569,0.75,39.43,33.22,100.0,0
4.094,2.729,0.53,0.0968,0.0343,17.4,537,0.167,1470.4,155.2,27.0,Permanent,0,5.0363,1413.5,56.9,53.77,0.02422,0.237,73.1,17.99,82.22,0
3.326,2.057,0.475,0.0256,0.0384,5.7,893,0.127,1501.3,211.8,21.1,Sand,1,4.0201,1440.4,60.9,113.4,0.03428,0.475,66.95,19.26,94.63,0
3.103,2.778,0.304,0.0888,0.0518,14.0,475,0.053,1485.8,137.6,34.1,Die,2,4.0587,1440.9,44.9,13.3,0.03916,0.482,93.11,14.48,83.81,0
3.317,2.156,0.713,0.0413,0.044,13.9,1183,0.235,1544.9,154.2,52.8,Permanent,0,4.0492,1439.9,105.0,368.69,0.03332,0.426,279.15,4.98,42.93,1
3.336,2.385,0.402,0.034,0.0706,5.5,504,0.088,1512.9,172.7,35.9,Sand,1,4.1423,1437.5,75.3,25.0,0.06324,0.785,193.75,6.92,97.46,0
3.796,1.563,0.507,0.0278,0.0517,8.8,1573,0.16,1521.0,132.1,12.7,Sand,1,4.3263,1431.2,89.8,443.35,0.04332,0.605,24.02,40.0,27.34,1
3.501,2.549,0.353,0.0499,0.0629,5.0,808,0.104,1544.1,182.6,55.7,Permanent,0,4.3671,1431.6,112.5,75.8,0.05693,0.748,310.57,4.38,100.0,0
3.794,2.138,0.486,0.0259,0.0734,4.0,549,0.168,1517.5,299.8,34.3,Sand,1,4.5149,1426.7,90.8,56.59,0.06777,0.776,176.29,6.91,98.6,0
3.331,3.176,0.223,0.0927,0.0497,9.2,1509,0.248,1530.3,134.2,70.7,Die,2,4.4203,1431.3,99.0,630.2,0.04134,0.512,399.6,3.49,0.0,1
3.674,2.959,0.184,0.0223,0.0422,6.3,521,0.228,1589.6,108.1,85.7,Die,2,4.6682,1423.4,166.2,69.08,0.03714,0.539,588.0,2.52,83.52,0
4.12,2.17,0.455,0.0364,0.025,8.2,1285,0.232,1523.9,115.1,88.8,Permanent,0,4.8556,1417.3,106.7,427.43,0.02118,0.374,789.17,1.79,15.47,1
3.455,2.592,0.366,0.0437,0.0551,4.9,678,0.131,1501.2,225.8,46.5,Permanent,0,4.3333,1432.5,68.7,67.34,0.04997,0.584,215.94,5.91,100.0,0
3.35,2.012,0.332,0.0373,0.0394,7.4,810,0.179,1554.4,258.3,58.3,Permanent,0,4.0325,1440.1,114.3,131.03,0.03398,0.503,339.41,3.82,90.28,0
3.739,2.143,0.252,0.0201,0.068,6.7,565,0.17,1551.8,229.6,37.7,Permanent,0,4.4596,1428.2,123.6,60.59,0.05945,0.711,142.17,9.3,100.0,0
3.702,2.544,0.28,0.0134,0.0466,6.7,723,0.136,1550.9,185.2,18.3,Sand,1,4.5543,1426.0,124.9,79.51,0.04076,0.564,50.15,27.23,100.0,0
3.37,1.914,0.504,0.0317,0.0447,5.3,861,0.136,1549.1,156.9,43.6,Sand,1,4.0184,1440.3,108.8,112.9,0.04018,0.57,284.69,4.89,98.41,0
4.166,1.532,0.19,0.0628,0.048,17.9,1243,0.204,1536.1,119.8,10.2,Sand,1,4.6972,1421.1,115.0,352.29,0.03357,0.315,15.46,40.0,42.75,1
3.672,2.563,0.394,0.0418,0.0562,5.2,709,0.11,1535.4,207.0,44.3,Die,2,4.54,1426.7,108.7,61.6,0.05072,0.669,156.85,8.47,100.0,0
3.612,2.513,0.33,0.017,0.0487,5.4,511,0.167,1551.0,232.4,11.7,Permanent,0,4.4552,1428.8,122.2,48.76,0.04373,0.503,13.69,40.0,100.0,0
3.385,2.309,0.277,0.0375,0.0443,7.9,810,0.126,1532.6,282.3,59.9,Die,2,4.1672,1436.7,95.9,92.45,0.03778,0.519,287.15,4.35,100.0,0
3.58,2.247,0.783,0.0403,0.0281,14.6,1376,0.208,1560.4,59.0,10.5,Permanent,0,4.3426,1431.8,128.6,440.07,0.02099,0.305,11.1,40.0,10.9,1
3.48,2.427,0.456,0.0232,0.0447,4.0,582,0.166,1537.5,291.9,40.4,Permanent,0,4.2969,1433.1,104.3,62.85,0.0413,0.654,163.43,7.62,100.0,0
3.495,2.311,0.451,0.029,0.0395,4.4,843,0.18,1554.9,291.3,34.3,Sand,1,4.2747,1433.7,121.3,142.64,0.03619,0.561,176.56,7.16,93.88,0
3.733,2.055,0.284,0.0201,0.0466,6.5,649,0.087,1522.3,242.5,43.1,Permanent,0,4.4247,1429.0,93.2,40.82,0.0409,0.508,186.11,6.88,100.0,0
3.353,2.134,0.331,0.0224,0.0516,5.9,825,0.122,1528.1,264.9,19.1,Permanent,0,4.0719,1439.0,89.1,92.58,0.0459,0.573,36.65,34.47,98.68,0
3.558,2.174,0.426,0.0326,0.0742,7.5,707,0.118,1558.6,216.0,42.0,Die,2,4.2932,1433.0,125.6,65.61,0.06385,0.732,141.0,9.52,100.0,0
3.47,1.617,0.383,0.0498,0.0452,15.7,1477,0.163,1511.8,139.4,23.9,Permanent,0,4.0257,1439.9,71.9,398.63,0.03306,0.361,57.01,24.07,33.06,1
3.169,2.536,0.205,0.049,0.0289,12.7,255,0.094,1458.3,123.1,65.4,Sand,1,4.0308,1441.0,17.3,6.82,0.02246,0.263,641.36,2.08,60.4,1
3.46,2.571,0.508,0.0101,0.0495,5.0,683,0.13,1537.0,226.7,21.6,Permanent,0,4.3209,1432.5,104.5,67.78,0.04475,0.603,46.73,28.04,99.59,0
3.699,2.29,0.339,0.0182,0.0731,2.4,534,0.143,1507.6,239.0,32.3,Permanent,0,4.4687,1428.1,79.5,45.71,0.06972,0.83,104.33,12.16,100.0,0
3.174,1.797,0.704,0.0817,0.0392,15.0,274,0.154,1486.2,116.2,54.1,Sand,1,3.8002,1446.8,39.4,12.94,0.02904,0.311,439.7,3.12,68.42,0
3.661,3.101,0.242,0.0217,0.0344,16.7,1434,0.224,1472.1,103.3,38.9,Permanent,0,4.7016,1422.7,49.4,516.08,0.02461,0.265,151.47,9.04,3.01,1
3.352,1.994,0.522,0.044,0.0624,3.3,588,0.176,1551.0,191.2,22.5,Sand,1,4.0315,1440.2,110.8,67.87,0.05841,0.735,76.11,17.86,100.0,0
3.55,2.566,0.426,0.021,0.0612,6.0,649,0.121,1525.1,267.9,40.8,Die,2,4.4125,1430.1,95.1,56.85,0.05428,0.722,133.23,9.44,100.0,0
3.43,2.171,0.541,0.0311,0.0686,3.7,707,0.142,1540.3,189.0,49.9,Die,2,4.1636,1436.6,103.7,79.59,0.06372,0.691,199.34,6.78,100.0,0
3.625,2.353,0.278,0.04,0.0561,2.1,738,0.126,1530.8,178.1,56.0,Permanent,0,4.4227,1429.7,101.1,76.75,0.05381,0.713,313.49,4.32,100.0,0
3.646,2.569,0.426,0.0231,0.0389,5.5,762,0.113,1551.7,265.8,52.5,Sand,1,4.5102,1427.4,124.3,73.37,0.03483,0.512,413.02,3.11,100.0,0
3.383,2.174,0.43,0.0466,0.0521,6.0,629,0.15,1518.6,156.5,46.2,Die,2,4.1231,1437.9,80.7,66.47,0.04615,0.52,170.69,7.98,96.36,0
3.321,2.324,0.475,0.0274,0.0571,2.3,610,0.167,1515.5,261.5,47.3,Permanent,0,4.1049,1438.4,77.0,69.5,0.05447,0.744,223.98,5.6,99.87,0
3.462,2.268,0.516,0.0406,0.0659,7.0,830,0.151,1527.0,237.6,10.4,Permanent,0,4.2312,1434.9,92.1,116.07,0.05728,0.702,10.91,40.0,96.6,0
3.656,2.811,0.664,0.0745,0.0415,14.1,1283,0.145,1520.0,116.3,87.8,Permanent,0,4.6177,1425.1,94.8,267.38,0.0313,0.29,770.27,1.82,59.28,1
3.11,1.673,0.411,0.0368,0.02,17.6,1369,0.074,1504.6,52.2,12.9,Permanent,0,3.6796,1449.5,55.1,155.08,0.0141,0.196,16.7,40.0,54.88,1
3.594,2.687,0.428,0.0284,0.0437,2.0,568,0.118,1516.5,243.8,58.5,Permanent,0,4.4991,1427.9,88.6,42.49,0.04196,0.586,342.62,3.71,100.0,0
3.656,2.014,0.326,0.0313,0.0596,6.6,566,0.135,1510.7,273.8,46.6,Sand,1,4.3377,1431.5,79.2,48.47,0.0522,0.648,325.97,3.79,100.0,0
3.61,2.68,0.435,0.016,0.0468,7.3,527,0.105,1547.4,289.9,22.9,Sand,1,4.5084,1427.5,119.9,32.67,0.04049,0.539,78.61,16.0,100.0,0
3.654,1.91,0.536,0.0225,0.0668,2.0,675,0.166,1528.2,194.2,53.4,Permanent,0,4.2986,1432.4,95.8,84.62,0.06412,0.807,285.35,4.67,100.0,0
3.76,2.161,0.261,0.0319,0.0561,5.3,797,0.149,1549.4,230.0,48.6,Permanent,0,4.4906,1427.4,121.9,105.75,0.05046,0.554,236.65,5.58,100.0,0
3.785,1.94,0.511,0.0283,0.0477,4.6,508,0.13,1536.5,240.3,42.9,Die,2,4.4409,1428.5,108.0,37.63,0.04348,0.526,147.11,8.81,100.0,0
4.096,2.706,0.282,0.0367,0.0408,14.0,432,0.08,1556.2,148.9,88.0,Sand,1,5.0098,1413.7,142.6,16.62,0.03086,0.361,1161.86,1.21,79.88,0
3.496,1.462,0.195,0.0824,0.0459,11.1,1167,0.226,1526.0,156.3,74.1,Permanent,0,4.0108,1440.4,85.6,343.56,0.03679,0.464,549.33,2.49,45.24,1
3.289,2.355,0.747,0.0809,0.0543,8.9,291,0.102,1516.8,60.5,5.3,Sand,1,4.1014,1439.1,77.7,9.65,0.04542,0.507,4.23,40.0,82.29,0
3.329,2.037,0.271,0.0268,0.0506,2.1,691,0.108,1531.1,184.2,38.1,Die,2,4.0169,1440.5,90.6,57.84,0.04852,0.726,116.31,11.58,100.0,0
3.589,2.184,0.337,0.0378,0.0563,8.0,673,0.129,1543.2,239.8,42.4,Permanent,0,4.3295,1432.0,111.1,65.48,0.04796,0.553,179.86,7.25,100.0,0
3.579,2.086,0.492,0.0171,0.0474,5.3,506,0.088,1545.9,268.8,32.7,Sand,1,4.2805,1433.1,112.8,25.06,0.04266,0.563,160.77,7.94,98.18,0
3.781,2.231,0.398,0.0115,0.0746,2.5,719,0.137,1530.5,222.5,17.4,Die,2,4.528,1426.3,104.2,79.18,0.07098,0.839,24.2,40.0,98.74,0
3.372,2.557,0.176,0.0942,0.0462,17.6,1221,0.212,1533.9,80.1,11.5,Permanent,0,4.2555,1435.1,98.7,354.24,0.03253,0.321,13.16,40.0,39.34,1
3.629,2.361,0.621,0.0383,0.0528,9.9,1398,0.174,1529.7,137.0,54.2,Sand,1,4.4286,1429.5,100.2,379.24,0.04332,0.51,440.08,3.16,47.9,1
3.526,2.038,0.553,0.0801,0.0367,15.5,491,0.068,1577.5,52.8,86.9,Permanent,0,4.2322,1435.0,142.6,18.34,0.02692,0.286,755.57,2.02,66.75,0
3.373,3.061,0.188,0.0293,0.0327,17.5,546,0.119,1519.1,130.0,51.1,Permanent,0,4.403,1431.1,88.0,39.73,0.02301,0.232,260.93,5.32,88.11,0
3.619,2.687,0.516,0.0477,0.0447,3.4,819,0.179,1514.0,204.8,56.4,Die,2,4.5302,1427.2,86.8,134.46,0.0418,0.608,254.84,5.14,94.33,0
4.001,1.918,0.661,0.0648,0.0318,7.4,1120,0.173,1466.9,118.1,84.7,Sand,1,4.6615,1422.6,44.3,242.54,0.02741,0.433,1075.39,1.25,53.92,1
3.413,1.823,0.464,0.0758,0.0554,7.4,1408,0.109,1469.9,108.4,72.8,Die,2,4.0459,1439.9,30.0,241.62,0.04781,0.598,423.44,3.22,56.98,1
3.82,2.666,0.771,0.0533,0.0412,6.2,323,0.102,1508.4,53.3,9.3,Sand,1,4.7267,1421.7,86.7,11.96,0.03643,0.513,13.08,40.0,84.22,0
3.498,1.985,0.541,0.0427,0.0509,5.6,546,0.167,1503.9,151.0,18.7,Sand,1,4.1745,1436.2,67.7,55.48,0.04553,0.623,52.71,25.67,100.0,0
3.444,2.458,0.308,0.0108,0.0671,7.8,714,0.129,1540.1,245.5,29.8,Permanent,0,4.2663,1433.9,106.1,73.72,0.0574,0.664,88.84,14.57,100.0,0
3.422,2.348,0.387,0.017,0.0552,4.5,589,0.131,1551.1,206.7,20.2,Permanent,0,4.21,1435.4,115.7,50.97,0.0504,0.662,40.82,32.93,100.0,0
3.735,2.414,0.366,0.0475,0.0623,7.5,826,0.099,1517.6,248.1,53.1,Die,2,4.5559,1426.1,91.5,75.48,0.05365,0.648,225.19,5.64,100.0,0
3.589,2.303,0.399,0.0377,0.0505,2.3,786,0.128,1544.9,262.6,23.9,Permanent,0,4.3687,1431.1,113.8,88.33,0.04826,0.692,56.93,22.52,100.0,0
3.363,2.636,0.465,0.0322,0.0435,4.9,876,0.151,1546.0,276.8,48.7,Sand,1,4.2522,1434.8,111.3,129.23,0.03942,0.59,355.68,3.57,95.06,0
3.556,2.48,0.364,0.0182,0.0629,6.3,550,0.131,1557.0,224.6,21.7,Sand,1,4.3887,1430.6,126.4,44.26,0.05548,0.662,70.78,18.82,100.0,0
4.093,1.441,0.761,0.0923,0.0419,13.2,469,0.206,1529.6,125.4,19.2,Permanent,0,4.6039,1423.9,105.7,50.75,0.03218,0.397,36.77,38.19,99.16,0
3.381,2.651,0.413,0.0417,0.051,4.8,585,0.135,1512.2,262.3,49.3,Die,2,4.279,1434.1,78.1,51.72,0.04637,0.661,194.2,6.44,100.0,0
3.5,2.383,0.49,0.0405,0.0589,3.7,798,0.145,1517.0,210.8,54.4,Permanent,0,4.3074,1432.9,84.0,103.05,0.05477,0.662,295.44,4.42,100.0,0
3.084,1.463,0.334,0.0545,0.0404,5.3,361,0.055,1504.7,101.1,71.0,Sand,1,3.59,1451.9,52.7,8.04,0.03637,0.526,756.65,1.85,77.95,0
3.376,2.211,0.333,0.0314,0.0579,4.6,836,0.162,1518.5,225.0,36.6,Sand,1,4.1239,1437.8,80.8,126.93,0.05279,0.654,200.72,6.44,98.8,0
3.498,1.648,0.656,0.0329,0.0407,9.7,522,0.212,1546.0,79.9,84.6,Die,2,4.0585,1438.9,107.2,64.71,0.03356,0.489,572.49,2.56,92.96,0
3.364,2.463,0.676,0.0532,0.0202,14.3,202,0.076,1532.8,53.4,39.5,Sand,1,4.2029,1436.1,96.7,3.45,0.01514,0.171,233.99,6.32,60.94,1
3.571,3.164,0.463,0.049,0.0286,14.4,1459,0.111,1498.3,108.7,41.9,Permanent,0,4.6419,1424.7,73.6,264.78,0.02144,0.244,175.23,7.93,53.07,1
3.457,2.18,0.403,0.0497,0.0737,4.9,857,0.169,1525.1,255.4,54.8,Sand,1,4.2003,1435.8,89.4,138.37,0.06681,0.827,451.24,2.81,94.29,0
3.409,2.681,0.361,0.0372,0.0408,2.8,839,0.14,1544.1,218.7,34.9,Permanent,0,4.3153,1433.1,111.0,110.45,0.03861,0.588,121.92,10.87,100.0,0
3.553,2.346,0.517,0.0343,0.074,7.5,637,0.149,1551.6,188.1,26.0,Permanent,0,4.3468,1431.7,119.9,67.52,0.06366,0.729,67.38,20.24,100.0,0
3.351,2.475,0.378,0.049,0.0694,7.6,661,0.089,1543.9,182.0,30.9,Sand,1,4.1922,1436.4,107.5,43.49,0.05959,0.669,143.31,9.5,100.0,0
3.504,2.218,0.518,0.0273,0.0653,7.7,539,0.139,1507.8,244.2,27.1,Permanent,0,4.2529,1434.1,73.6,45.17,0.05602,0.664,73.2,17.26,99.22,0
3.765,2.004,0.303,0.0401,0.0392,4.3,853,0.109,1558.1,290.7,57.7,Permanent,0,4.4468,1428.5,129.5,88.64,0.03596,0.535,332.46,3.81,98.59,0
4.089,1.728,0.287,0.0814,0.0406,13.2,322,0.072,1534.9,138.6,16.3,Permanent,0,4.6921,1421.7,113.2,8.39,0.03119,0.324,26.59,40.0,81.57,0
3.78,1.747,0.661,0.078,0.0456,14.2,1301,0.088,1445.6,87.3,46.4,Die,2,4.3879,1430.2,15.4,166.59,0.03432,0.434,171.88,7.9,67.42,0
3.335,2.625,0.263,0.0296,0.0446,3.4,683,0.15,1557.2,197.9,25.3,Die,2,4.2193,1435.6,121.5,77.99,0.04162,0.599,51.06,26.62,99.59,0
3.642,2.576,0.486,0.0389,0.0513,5.0,800,0.126,1500.9,156.2,33.7,Permanent,0,4.5133,1427.4,73.5,89.86,0.0464,0.621,113.89,11.81,100.0,0
3.309,2.045,0.44,0.0349,0.0641,7.7,836,0.163,1516.5,273.1,46.9,Permanent,0,4.0025,1441.0,75.5,127.06,0.05494,0.627,220.36,5.64,94.24,0
3.388,2.33,0.782,0.0373,0.0252,7.9,1481,0.171,1516.1,133.0,61.4,Sand,1,4.1771,1436.5,79.6,418.95,0.02149,0.43,566.29,2.44,24.76,1
3.492,2.101,0.301,0.029,0.0549,2.6,617,0.118,1537.6,286.9,24.2,Permanent,0,4.2018,1435.4,102.2,50.03,0.05215,0.716,58.75,21.29,100.0,0
3.786,2.066,0.288,0.0206,0.059,6.9,508,0.167,1503.0,180.5,46.7,Sand,1,4.4814,1427.5,75.5,48.29,0.05137,0.612,327.74,4.04,100.0,0
3.566,2.651,0.379,0.0435,0.062,7.7,826,0.173,1549.9,215.8,48.7,Sand,1,4.4637,1429.0,120.9,132.24,0.05323,0.636,356.47,3.74,96.91,0
3.453,2.505,0.311,0.0131,0.0744,3.2,625,0.086,1545.2,234.6,34.7,Permanent,0,4.2922,1433.3,111.9,37.57,0.06979,0.789,120.35,10.89,99.11,0
3.486,2.181,0.318,0.0471,0.0719,4.1,720,0.159,1512.3,293.0,10.4,Permanent,0,4.2284,1435.0,77.4,92.25,0.06627,0.781,10.87,40.0,100.0,0
3.074,3.076,0.162,0.0309,0.0563,9.5,449,0.058,1526.3,141.2,45.4,Permanent,0,4.1093,1439.3,87.0,13.06,0.04653,0.525,205.78,6.73,91.37,0
3.631,1.855,0.477,0.0659,0.0471,7.8,272,0.184,1599.1,107.9,73.7,Sand,1,4.271,1433.5,165.6,15.23,0.04031,0.464,815.12,1.83,74.79,0
3.703,2.292,0.491,0.0258,0.0618,3.2,876,0.134,1512.9,258.8,52.8,Permanent,0,4.4756,1428.0,84.9,114.67,0.05797,0.736,278.4,4.5,99.91,0
3.773,2.636,0.311,0.0226,0.0433,6.7,570,0.178,1532.5,238.5,21.4,Sand,1,4.6596,1423.3,109.2,64.55,0.03788,0.503,68.82,18.8,99.5,0
3.604,2.079,0.349,0.0227,0.0606,5.0,660,0.107,1536.1,183.3,38.7,Permanent,0,4.3044,1432.5,103.7,52.01,0.05483,0.737,149.52,9.05,100.0,0
3.737,2.304,0.383,0.033,0.0566,2.1,775,0.156,1560.0,177.2,21.6,Permanent,0,4.5155,1426.9,133.0,104.44,0.0543,0.659,46.85,29.51,99.61,0
4.143,1.586,0.613,0.0855,0.0519,10.3,1321,0.247,1525.2,76.0,54.8,Permanent,0,4.7002,1421.3,103.8,482.14,0.04219,0.48,299.83,4.83,18.42,1
3.646,2.473,0.301,0.0215,0.0735,6.4,733,0.092,1506.5,284.3,53.6,Permanent,0,4.4774,1428.1,78.4,55.35,0.06464,0.747,287.32,4.25,100.0,0
3.517,2.365,0.3,0.0476,0.0393,7.8,596,0.121,1504.7,281.7,47.4,Sand,1,4.3211,1432.6,72.1,47.89,0.03363,0.503,336.66,3.63,98.16,0
3.558,2.185,0.378,0.0166,0.0681,7.6,554,0.133,1540.8,188.9,51.5,Permanent,0,4.2923,1432.9,107.9,45.55,0.05847,0.651,264.86,5.1,100.0,0
3.387,2.166,0.378,0.0337,0.0446,6.3,805,0.144,1554.8,168.6,19.2,Permanent,0,4.1206,1437.8,117.0,104.54,0.0393,0.627,36.7,37.78,97.5,0
3.402,1.953,0.396,0.0255,0.0635,3.0,686,0.154,1516.0,206.3,27.9,Permanent,0,4.0613,1439.1,76.8,80.8,0.05985,0.734,77.87,16.82,100.0,0
3.888,2.751,0.561,0.032,0.0405,17.6,1129,0.112,1547.1,87.2,39.3,Sand,1,4.8153,1419.1,127.9,159.6,0.02845,0.238,232.15,6.29,67.62,0
3.737,1.589,0.35,0.0455,0.0525,10.2,1185,0.25,1507.2,86.5,17.7,Permanent,0,4.2817,1432.7,74.6,391.82,0.04283,0.5,31.2,40.0,33.5,1
3.418,2.638,0.519,0.0417,0.0461,7.1,719,0.145,1515.9,214.4,18.4,Sand,1,4.3117,1433.2,82.8,83.98,0.04005,0.602,50.93,25.56,100.0,0
3.446,2.425,0.488,0.0283,0.0635,2.5,696,0.125,1510.5,274.9,44.1,Permanent,0,4.264,1434.1,76.3,67.52,0.06046,0.803,194.48,6.35,100.0,0
3.013,1.705,0.601,0.0718,0.0583,16.1,558,0.205,1601.0,100.8,44.8,Sand,1,3.6055,1452.0,149.0,71.32,0.0423,0.482,300.61,4.99,82.77,0
4.04,1.83,0.335,0.0793,0.0524,8.3,340,0.11,1528.9,111.9,6.6,Die,2,4.676,1422.3,106.7,14.22,0.04435,0.602,3.53,40.0,93.52,0
3.339,2.216,0.505,0.0379,0.0545,6.4,870,0.172,1535.4,264.4,32.3,Sand,1,4.0901,1438.8,96.6,145.78,0.04797,0.678,156.86,8.1,89.34,0
3.365,2.587,0.409,0.0156,0.0601,3.3,825,0.153,1541.9,286.7,57.3,Permanent,0,4.2323,1435.1,106.9,116.47,0.05623,0.716,328.75,3.82,96.59,0
3.36,2.107,0.251,0.0351,0.0721,6.7,558,0.172,1509.8,254.0,42.5,Sand,1,4.0741,1439.1,70.7,59.9,0.06303,0.794,271.55,4.62,97.4,0
3.497,1.974,0.283,0.0282,0.0383,2.9,552,0.165,1537.8,175.8,44.2,Permanent,0,4.1639,1436.3,101.5,56.22,0.03619,0.579,195.55,6.97,100.0,0
3.564,2.594,0.478,0.0212,0.0637,6.5,512,0.14,1534.8,214.7,21.8,Sand,1,4.4355,1429.5,105.3,41.1,0.05589,0.691,71.17,18.55,100.0,0
3.301,2.25,0.345,0.0415,0.0699,4.4,568,0.083,1519.2,254.1,24.5,Sand,1,4.0649,1439.6,79.6,29.8,0.06397,0.818,89.93,14.07,99.27,0
3.645,2.388,0.431,0.0469,0.05,5.6,702,0.087,1523.0,235.8,15.2,Permanent,0,4.4567,1428.8,94.2,48.13,0.04471,0.683,22.96,40.0,100.0,0
3.43,2.086,0.521,0.0337,0.0587,2.4,795,0.138,1521.8,270.9,12.3,Permanent,0,4.1368,1437.3,84.5,97.41,0.05597,0.795,15.18,40.0,95.65,0
3.738,2.524,0.439,0.0495,0.0475,2.8,676,0.175,1534.4,215.2,22.4,Permanent,0,4.596,1425.1,109.3,89.57,0.04493,0.581,50.2,26.28,100.0,0
3.662,1.996,0.484,0.0472,0.0479,7.5,836,0.099,1553.8,236.4,55.9,Permanent,0,4.3428,1431.5,122.3,77.65,0.04121,0.534,312.0,4.22,100.0,0
3.56,2.025,0.416,0.044,0.0626,6.8,697,0.119,1516.4,290.0,21.1,Permanent,0,4.2491,1434.1,82.2,64.49,0.05457,0.65,44.44,27.6,100.0,0
4.036,2.599,0.738,0.0448,0.0341,9.7,1592,0.138,1501.7,84.3,11.7,Die,2,4.9174,1416.2,85.5,390.21,0.02807,0.354,10.87,40.0,27.13,1
3.766,2.015,0.531,0.0283,0.0487,2.4,513,0.162,1508.6,233.4,51.1,Permanent,0,4.4471,1428.4,80.2,47.5,0.04649,0.606,261.63,4.87,100.0,0
3.435,2.209,0.26,0.0197,0.0534,6.3,777,0.159,1537.0,239.6,17.5,Permanent,0,4.1784,1436.1,100.9,107.34,0.04709,0.577,30.67,40.0,98.95,0
3.611,1.955,0.32,0.0424,0.043,2.4,868,0.17,1503.6,225.8,45.5,Sand,1,4.2773,1433.2,70.3,143.34,0.04107,0.637,310.54,4.11,96.29,0
3.926,2.871,0.627,0.0278,0.0265,14.3,395,0.166,1582.7,85.2,8.5,Die,2,4.8927,1417.1,165.6,28.94,0.01989,0.294,5.77,40.0,53.21,1
3.627,1.597,0.257,0.0833,0.0308,12.2,1466,0.225,1450.0,74.3,45.9,Sand,1,4.1874,1435.7,14.4,540.12,0.02418,0.314,315.8,4.36,0.0,1
3.024,1.704,0.654,0.0759,0.0312,8.2,428,0.1,1582.7,52.8,8.5,Permanent,0,3.6174,1451.7,131.0,20.53,0.02648,0.327,7.28,40.0,62.81,0
3.856,3.027,0.525,0.0824,0.0477,11.9,1339,0.167,1489.0,111.9,5.6,Sand,1,4.8924,1417.8,71.2,333.92,0.03759,0.445,4.63,40.0,45.14,1
3.608,1.996,0.327,0.0119,0.054,5.8,550,0.103,1519.6,287.6,57.7,Sand,1,4.2768,1433.0,86.6,34.9,0.04802,0.676,498.74,2.47,98.55,0
3.417,2.351,0.424,0.0174,0.0625,5.2,885,0.148,1502.7,213.6,12.4,Permanent,0,4.2064,1435.5,67.2,129.06,0.05637,0.66,15.29,40.0,95.84,0
3.413,1.989,0.475,0.0173,0.0682,2.7,568,0.141,1559.2,153.4,26.3,Permanent,0,4.0821,1438.5,120.6,50.81,0.06463,0.855,69.33,20.28,100.0,0
3.637,2.549,0.374,0.0294,0.0388,4.7,851,0.097,1519.1,225.2,13.9,Die,2,4.4963,1427.8,91.3,78.7,0.03537,0.526,15.54,40.0,96.12,0
3.546,2.009,0.365,0.0482,0.0582,6.3,523,0.125,1501.1,173.6,45.1,Sand,1,4.232,1434.6,66.5,38.25,0.05132,0.674,304.65,4.36,100.0,0
3.667,2.198,0.292,0.0244,0.0527,5.6,596,0.101,1546.4,276.6,41.7,Die,2,4.4072,1429.8,116.7,40.26,0.04715,0.655,139.42,9.11,100.0,0
3.685,2.667,0.357,0.0175,0.0726,7.9,557,0.111,1522.9,164.2,22.5,Permanent,0,4.5795,1425.5,97.4,38.53,0.06198,0.671,50.64,26.83,100.0,0
3.606,2.083,0.415,0.0314,0.0683,5.4,636,0.161,1526.7,255.8,38.5,Die,2,4.3109,1432.4,94.3,72.73,0.06137,0.722,118.45,10.73,100.0,0
3.6,2.414,0.523,0.0114,0.0405,5.0,712,0.083,1531.4,294.7,57.2,Sand,1,4.408,1429.9,101.5,46.91,0.03661,0.557,490.05,2.52,100.0,0
3.602,2.316,0.344,0.0132,0.0664,6.8,671,0.098,1542.2,156.9,17.3,Permanent,0,4.3779,1430.6,111.6,49.31,0.05795,0.676,29.95,40.0,97.37,0
3.754,2.075,0.329,0.0262,0.067,2.1,526,0.169,1506.2,281.6,53.3,Permanent,0,4.4542,1428.3,77.9,52.5,0.0642,0.746,283.8,4.31,100.0,0
3.484,2.332,0.299,0.0118,0.0388,2.3,573,0.087,1534.4,175.2,14.1,Sand,1,4.2657,1433.8,100.6,31.87,0.037,0.581,30.01,40.0,95.31,0
3.417,2.44,0.374,0.0277,0.0463,4.0,844,0.145,1539.7,278.5,17.8,Sand,1,4.2394,1434.8,104.9,115.79,0.0428,0.619,47.43,26.59,99.64,0
3.352,1.789,0.214,0.0826,0.0219,10.0,514,0.141,1493.8,80.8,79.3,Permanent,0,3.9754,1441.8,52.0,41.45,0.01791,0.292,629.58,2.24,75.48,0
3.484,2.049,0.341,0.0455,0.0572,7.0,771,0.12,1518.2,261.4,49.8,Permanent,0,4.1819,1436.1,82.1,80.12,0.04967,0.556,248.41,5.06,99.88,0
3.093,1.758,0.599,0.022,0.0456,16.3,1495,0.115,1586.9,144.2,77.2,Die,2,3.6864,1449.3,137.6,286.41,0.03292,0.406,477.38,3.02,46.58,1
3.685,1.694,0.357,0.0324,0.0575,5.3,1149,0.093,1580.3,157.3,61.8,Die,2,4.2609,1433.3,147.1,137.39,0.05165,0.67,306.03,4.65,83.67,0
3.419,2.392,0.344,0.0278,0.0698,2.5,899,0.09,1514.2,167.8,35.6,Permanent,0,4.2255,1435.1,79.1,81.0,0.06646,0.856,126.59,10.64,100.0,0
3.659,1.995,0.451,0.032,0.0392,6.5,892,0.092,1558.0,253.0,18.8,Sand,1,4.3346,1431.6,126.4,81.82,0.0344,0.501,52.9,24.67,100.0,0
3.259,2.688,0.573,0.085,0.0311,7.2,426,0.138,1476.6,78.0,23.0,Sand,1,4.1835,1437.2,39.4,28.0,0.02693,0.425,79.3,17.64,73.55,0
3.783,2.217,0.432,0.0156,0.0454,5.0,635,0.132,1546.6,277.8,34.2,Sand,1,4.5276,1426.3,120.3,59.73,0.04106,0.618,175.22,7.24,100.0,0
3.034,2.065,0.31,0.0863,0.0413,12.4,309,0.068,1500.8,101.0,80.2,Sand,1,3.7514,1448.5,52.2,7.21,0.03224,0.382,963.98,1.45,70.37,0
3.682,2.022,0.399,0.0458,0.0688,5.7,889,0.101,1530.5,239.7,26.0,Permanent,0,4.3714,1430.7,99.7,89.07,0.06134,0.709,67.43,19.14,99.8,0
3.746,2.403,0.256,0.0193,0.042,5.2,683,0.177,1540.1,201.9,18.3,Permanent,0,4.5536,1425.9,114.2,92.46,0.0379,0.582,33.62,39.8,100.0,0
3.369,2.487,0.308,0.0481,0.0652,7.8,741,0.136,1550.3,257.5,15.0,Sand,1,4.2146,1435.8,114.6,83.71,0.05571,0.697,33.91,38.12,100.0,0
3.636,2.579,0.446,0.0196,0.057,4.5,589,0.178,1525.4,267.2,31.1,Die,2,4.5024,1427.6,97.8,69.14,0.05216,0.646,77.17,16.3,100.0,0
3.69,2.067,0.43,0.0283,0.0573,4.6,790,0.083,1535.1,153.2,28.6,Permanent,0,4.3888,1430.1,104.9,58.11,0.05225,0.698,81.84,16.88,100.0,0
3.827,2.726,0.365,0.0912,0.0489,14.2,321,0.145,1552.4,60.5,74.3,Permanent,0,4.7658,1421.0,131.4,16.73,0.03676,0.343,552.26,2.7,78.74,0
3.7,2.3,0.304,0.0184,0.0691,2.5,866,0.127,1548.4,245.3,17.9,Sand,1,4.4726,1428.0,120.3,106.91,0.06574,0.798,47.99,27.15,100.0,0
4.009,2.231,0.519,0.0881,0.0283,8.4,270,0.052,1536.4,61.9,21.2,Permanent,0,4.7823,1419.9,116.5,4.26,0.02392,0.401,44.78,32.93,70.19,0
3.657,2.319,0.747,0.0889,0.0242,16.1,383,0.193,1445.1,121.8,59.0,Permanent,0,4.4594,1429.1,16.1,31.71,0.01754,0.19,348.17,3.8,66.13,0
3.329,2.176,0.392,0.0416,0.0662,4.7,578,0.096,1556.4,291.1,59.2,Permanent,0,4.0679,1439.4,117.0,35.92,0.06023,0.75,350.74,3.61,98.9,0
3.591,2.289,0.513,0.0134,0.0456,5.2,531,0.147,1517.5,246.8,39.2,Permanent,0,4.3585,1431.1,86.4,46.21,0.04112,0.583,153.58,8.27,100.0,0
3.377,2.055,0.325,0.0145,0.0599,7.5,866,0.143,1537.6,184.8,19.7,Permanent,0,4.0668,1439.0,98.5,119.74,0.05151,0.637,38.77,34.89,91.42,0
3.583,2.038,0.498,0.0399,0.072,5.7,610,0.154,1530.3,194.1,41.1,Sand,1,4.2758,1433.4,96.9,63.98,0.06429,0.782,252.99,5.28,96.78,0
3.603,2.398,0.372,0.0338,0.0711,4.6,592,0.139,1505.1,231.7,39.6,Permanent,0,4.4136,1429.9,75.2,54.33,0.06491,0.76,156.91,8.11,100.0,0
3.707,2.345,0.292,0.0344,0.0426,5.5,896,0.106,1500.9,205.3,22.4,Sand,1,4.5005,1427.4,73.4,95.17,0.03817,0.5,75.32,17.2,100.0,0
3.476,2.539,0.35,0.0392,0.0423,5.9,733,0.172,1514.1,208.0,12.9,Sand,1,4.336,1432.3,81.8,103.45,0.03757,0.505,24.96,40.0,96.31,0
3.303,2.302,0.535,0.0265,0.0476,5.6,868,0.095,1553.8,152.9,54.3,Die,2,4.079,1439.1,114.7,79.83,0.04249,0.555,235.69,5.94,100.0,0
3.531,2.043,0.343,0.0186,0.0474,5.6,606,0.127,1507.5,252.2,40.6,Sand,1,4.218,1434.8,72.7,52.3,0.04234,0.655,247.79,5.07,100.0,0
3.795,1.975,0.275,0.0458,0.0748,5.5,679,0.099,1529.6,279.9,39.8,Permanent,0,4.4689,1427.9,101.7,50.88,0.06704,0.713,158.22,7.9,100.0,0
3.68,2.667,0.484,0.0264,0.0478,5.4,870,0.13,1546.6,202.0,18.0,Die,2,4.5781,1425.6,121.0,109.91,0.04289,0.543,25.93,40.0,98.97,0
3.824,1.462,0.797,0.0399,0.0438,16.7,200,0.239,1585.3,78.0,88.0,Sand,1,4.3246,1431.2,154.1,10.7,0.03139,0.282,1161.35,1.3,69.31,0
3.324,2.959,0.238,0.0691,0.0238,17.3,224,0.147,1489.3,59.0,57.0,Permanent,0,4.3335,1433.3,56.0,8.26,0.01679,0.252,325.44,4.39,64.74,0
3.692,2.466,0.389,0.0493,0.0518,7.2,572,0.13,1513.3,266.9,31.3,Permanent,0,4.53,1426.9,86.4,47.58,0.04492,0.577,97.7,12.76,100.0,0
3.421,2.303,0.688,0.0346,0.0213,12.9,309,0.194,1487.7,76.3,36.7,Permanent,0,4.2003,1435.8,51.9,20.69,0.01648,0.209,135.02,10.45,72.38,0
3.511,2.65,0.409,0.0243,0.0723,7.9,553,0.119,1503.5,215.1,49.4,Permanent,0,4.4024,1430.5,73.0,40.77,0.06179,0.695,243.86,5.28,100.0,0
3.718,2.052,0.775,0.0278,0.0311,8.1,1393,0.12,1498.4,58.2,44.2,Permanent,0,4.4109,1429.5,68.9,260.77,0.02641,0.392,195.64,7.36,54.2,1
3.481,2.224,0.533,0.0459,0.0673,5.7,633,0.132,1536.4,161.2,57.6,Sand,1,4.2376,1434.7,101.6,59.3,0.06001,0.693,497.45,2.76,100.0,0
3.529,2.418,0.37,0.0476,0.0644,6.4,816,0.11,1536.9,251.6,50.3,Permanent,0,4.3513,1431.8,105.1,81.61,0.0567,0.697,253.4,5.07,100.0,0
3.598,3.116,0.31,0.0705,0.0308,5.7,415,0.224,1561.9,63.5,69.3,Permanent,0,4.6601,1424.3,137.6,43.04,0.02749,0.431,480.07,3.12,81.16,0
3.451,2.403,0.54,0.0194,0.0681,4.5,727,0.081,1514.7,218.1,54.6,Sand,1,4.2588,1434.1,80.5,48.02,0.06222,0.769,446.8,2.9,100.0,0
3.812,1.97,0.734,0.0453,0.0591,11.7,1505,0.238,1547.2,108.2,49.4,Permanent,0,4.4836,1427.5,119.7,603.21,0.04675,0.539,244.34,5.89,3.07,1
3.516,2.435,0.518,0.025,0.0419,2.4,531,0.174,1532.8,165.0,54.6,Sand,1,4.3362,1432.1,100.7,54.72,0.03991,0.562,447.27,3.06,100.0,0
3.37,2.442,0.497,0.0177,0.0427,7.6,787,0.12,1509.2,245.6,16.6,Sand,1,4.1896,1436.1,73.0,83.15,0.03665,0.473,41.21,30.66,98.39,0
3.499,2.55,0.539,0.0491,0.0663,4.3,687,0.161,1502.2,227.5,19.4,Permanent,0,4.3653,1431.6,70.5,84.72,0.06089,0.736,37.55,33.95,97.43,0
3.732,2.772,0.24,0.043,0.0518,17.0,302,0.18,1505.7,100.8,45.5,Permanent,0,4.6699,1423.3,82.4,18.42,0.03687,0.443,206.72,6.8,94.37,0
3.517,2.226,0.397,0.0217,0.073,4.0,734,0.143,1555.2,176.8,12.5,Permanent,0,4.2662,1433.7,121.5,85.92,0.06729,0.791,15.64,40.0,98.02,0
3.808,1.565,0.242,0.0479,0.0547,14.9,1588,0.119,1553.1,73.5,48.9,Permanent,0,4.3462,1430.8,122.2,335.9,0.04055,0.428,238.68,6.2,49.6,1
3.484,2.514,0.487,0.0294,0.0647,3.9,592,0.103,1549.6,281.1,46.2,Permanent,0,4.3319,1432.3,117.2,40.26,0.05985,0.727,213.02,5.95,100.0,0
3.53,2.431,0.451,0.0142,0.0696,5.7,835,0.175,1557.7,167.0,25.3,Sand,1,4.3455,1431.7,126.0,136.52,0.06202,0.7,95.8,14.52,95.5,0
3.452,2.034,0.316,0.0178,0.0664,6.5,717,0.146,1533.8,183.0,41.3,Sand,1,4.1357,1437.1,96.8,84.17,0.05828,0.655,255.53,5.29,100.0,0
3.413,1.976,0.26,0.014,0.0715,6.8,611,0.17,1548.9,209.0,54.0,Sand,1,4.076,1438.6,110.3,70.94,0.06245,0.724,437.26,3.06,92.05,0
3.688,1.988,0.453,0.0275,0.0581,4.0,611,0.17,1509.0,179.1,42.2,Permanent,0,4.3603,1430.8,78.2,70.75,0.05367,0.708,178.5,7.45,100.0,0
3.391,2.394,0.291,0.0195,0.0485,6.2,633,0.099,1545.6,195.2,35.1,Sand,1,4.195,1435.9,109.7,44.57,0.04283,0.483,184.3,7.33,100.0,0
3.648,2.362,0.547,0.0331,0.0646,2.7,802,0.165,1525.7,177.5,28.7,Die,2,4.4464,1429.0,96.7,118.84,0.06117,0.777,65.82,20.48,100.0,0
3.648,2.38,0.404,0.017,0.0409,2.8,785,0.105,1551.6,228.9,48.0,Permanent,0,4.4468,1428.8,122.7,72.06,0.0386,0.6,230.72,5.73,100.0,0
3.944,1.723,0.407,0.0434,0.0464,13.2,459,0.116,1593.9,89.4,32.5,Permanent,0,4.5322,1425.8,168.1,27.37,0.03567,0.46,105.52,14.26,77.72,0
3.411,2.305,0.263,0.018,0.0393,5.9,560,0.099,1531.4,184.0,56.3,Permanent,0,4.1852,1436.1,95.4,34.51,0.0349,0.547,317.37,4.25,100.0,0
3.788,2.82,0.282,0.0914,0.0302,10.6,291,0.218,1441.5,128.9,83.1,Permanent,0,4.758,1421.4,20.1,20.61,0.02449,0.333,691.2,1.9,64.75,0
4.104,1.404,0.375,0.0562,0.0467,14.8,1232,0.181,1562.6,157.5,43.6,Permanent,0,4.5909,1423.8,138.8,306.71,0.03471,0.33,190.26,7.39,55.22,1
3.614,2.171,0.288,0.0459,0.0575,6.0,800,0.112,1559.8,241.9,41.4,Permanent,0,4.353,1431.4,128.4,80.47,0.05096,0.609,171.04,7.71,99.53,0
3.498,2.401,0.459,0.0274,0.0495,2.4,813,0.13,1534.5,215.9,15.4,Permanent,0,4.3069,1432.9,101.7,96.23,0.04715,0.673,23.84,40.0,100.0,0
3.423,3.139,0.595,0.0259,0.0329,14.9,1455,0.186,1515.3,111.8,83.1,Permanent,0,4.4775,1429.1,86.2,439.75,0.02438,0.273,690.24,2.03,20.81,1
3.505,2.034,0.408,0.0142,0.071,5.0,547,0.16,1547.5,168.8,12.2,Permanent,0,4.1875,1435.6,111.9,53.41,0.06424,0.774,14.89,40.0,100.0,0
3.024,1.661,0.17,0.0236,0.0462,17.1,1246,0.106,1479.8,53.8,32.7,Sand,1,3.5853,1452.0,27.7,184.09,0.03283,0.394,160.79,8.87,48.16,1
3.415,2.398,0.633,0.0851,0.0457,16.5,1289,0.241,1479.1,147.6,29.4,Die,2,4.2424,1435.2,43.9,447.95,0.03281,0.368,69.37,19.19,17.92,1
3.312,2.603,0.371,0.0318,0.0629,3.6,798,0.091,1556.0,166.1,34.1,Permanent,0,4.19,1436.4,119.5,64.46,0.05856,0.745,115.97,11.98,100.0,0
3.162,2.45,0.569,0.0662,0.0382,11.7,467,0.11,1540.2,134.6,20.6,Die,2,4.0011,1441.9,98.3,26.77,0.03024,0.381,34.09,40.0,92.32,0
3.793,1.94,0.289,0.0218,0.0726,3.5,508,0.143,1532.3,172.8,58.2,Permanent,0,4.4472,1428.3,104.0,41.43,0.06768,0.799,338.65,4.01,100.0,0
3.704,2.329,0.47,0.05,0.0438,5.4,649,0.12,1532.4,239.1,45.5,Die,2,4.497,1427.7,104.7,56.3,0.03925,0.58,165.59,7.81,100.0,0
3.497,2.337,0.539,0.0487,0.0443,5.8,732,0.164,1541.0,266.0,33.0,Permanent,0,4.292,1433.4,107.6,97.96,0.03941,0.543,109.11,11.69,100.0,0
3.618,2.143,0.364,0.0368,0.0738,2.5,516,0.083,1557.8,164.3,31.8,Permanent,0,4.3447,1431.5,126.2,24.6,0.07012,0.859,101.1,13.78,96.89,0
3.118,2.331,0.614,0.0605,0.0452,12.8,1235,0.22,1580.9,81.8,29.5,Permanent,0,3.915,1444.1,136.9,374.84,0.03499,0.374,87.13,17.21,26.73,1
3.647,2.03,0.387,0.0205,0.0711,7.7,642,0.135,1545.2,176.8,44.8,Permanent,0,4.3305,1431.6,113.6,62.3,0.06097,0.688,200.52,6.82,100.0,0
3.506,3.075,0.545,0.0515,0.0382,17.2,1318,0.139,1569.0,130.5,8.3,Permanent,0,4.548,1427.2,141.7,270.4,0.02707,0.276,6.87,40.0,45.6,1
3.629,2.569,0.495,0.0156,0.0389,3.8,711,0.095,1507.4,213.3,21.2,Permanent,0,4.4902,1427.8,79.6,53.59,0.03607,0.565,44.85,28.86,100.0,0
3.788,2.336,0.27,0.0427,0.0464,6.1,730,0.144,1536.4,270.5,51.2,Permanent,0,4.5807,1425.3,111.1,85.69,0.0411,0.501,262.44,4.82,100.0,0
3.56,2.351,0.369,0.0143,0.0542,4.5,526,0.155,1549.1,225.3,59.3,Permanent,0,4.3485,1431.5,117.6,47.92,0.04954,0.667,351.38,3.77,100.0,0
3.66,2.492,0.436,0.042,0.0727,5.2,570,0.148,1521.5,205.6,29.8,Permanent,0,4.5041,1427.6,93.9,53.55,0.06548,0.764,88.56,14.86,100.0,0
3.544,2.507,0.282,0.0358,0.0571,7.1,674,0.155,1522.7,287.1,59.1,Sand,1,4.3914,1430.7,92.0,78.83,0.04951,0.54,523.36,2.36,100.0,0
3.551,2.244,0.316,0.0439,0.0487,6.3,810,0.09,1535.3,255.1,47.3,Sand,1,4.314,1432.6,102.6,65.97,0.04291,0.609,335.77,3.81,100.0,0
3.381,2.014,0.525,0.0401,0.0603,4.2,506,0.108,1519.6,203.7,16.8,Permanent,0,4.0654,1439.2,80.4,30.87,0.05548,0.652,28.13,40.0,90.7,0
3.599,2.071,0.252,0.0106,0.0504,4.6,760,0.173,1521.1,187.1,41.0,Permanent,0,4.2929,1432.7,88.4,111.83,0.04592,0.6,167.83,7.95,97.56,0
3.491,2.12,0.363,0.045,0.0464,4.8,600,0.149,1518.0,233.8,24.7,Permanent,0,4.2131,1435.3,82.7,60.19,0.04218,0.501,60.94,21.07,100.0,0
3.361,1.656,0.458,0.0292,0.0435,15.7,1548,0.155,1449.6,57.9,51.3,Permanent,0,3.9223,1442.7,6.9,415.29,0.03175,0.361,263.34,5.28,1.22,1
3.152,1.473,0.352,0.0717,0.0443,8.3,1244,0.243,1503.4,142.1,29.0,Die,2,3.6668,1450.0,53.5,421.14,0.03748,0.497,67.21,20.25,26.52,1
3.428,2.322,0.257,0.0124,0.0428,6.1,529,0.094,1528.0,247.3,40.9,Permanent,0,4.2066,1435.4,92.6,29.31,0.03794,0.585,167.05,7.67,100.0,0
4.141,1.576,0.323,0.0659,0.0477,16.1,1287,0.133,1452.0,128.0,82.2,Sand,1,4.6885,1421.4,30.5,245.57,0.0345,0.339,1014.69,1.3,59.7,1
3.338,2.344,0.488,0.0257,0.0605,6.3,877,0.138,1532.4,257.5,21.7,Permanent,0,4.1284,1437.8,94.6,118.87,0.0534,0.669,47.28,26.96,99.81,0
3.792,2.13,0.327,0.0201,0.0436,5.9,651,0.087,1509.0,298.2,42.1,Permanent,0,4.5087,1426.8,82.2,41.47,0.03878,0.567,177.48,6.82,100.0,0
3.243,2.405,0.767,0.0243,0.0337,17.0,1333,0.237,1464.6,118.7,18.7,Sand,1,4.053,1439.9,24.6,470.31,0.02397,0.261,52.2,25.78,0.0,1
3.478,2.229,0.498,0.0286,0.0537,2.7,621,0.142,1553.5,229.4,47.3,Permanent,0,4.2303,1434.8,118.7,61.02,0.05081,0.664,224.02,5.91,99.75,0
3.415,3.068,0.238,0.0812,0.0541,17.1,288,0.145,1577.8,107.7,78.9,Permanent,0,4.4644,1429.8,148.0,13.47,0.03849,0.33,623.11,2.36,79.89,0
3.574,2.602,0.398,0.0429,0.0386,2.8,754,0.12,1503.1,248.6,13.4,Sand,1,4.4557,1429.1,74.0,76.21,0.03653,0.532,27.0,40.0,100.0,0
3.603,2.339,0.483,0.0434,0.0502,6.9,564,0.12,1551.0,212.5,22.7,Die,2,4.3971,1430.4,120.6,42.75,0.04377,0.589,41.08,32.59,100.0,0
3.792,2.28,0.429,0.0492,0.0588,2.0,500,0.128,1536.8,243.4,42.2,Permanent,0,4.5686,1425.6,111.3,35.69,0.05645,0.708,178.04,7.26,100.0,0
3.985,1.598,0.304,0.0267,0.0277,15.0,231,0.12,1528.5,125.8,17.1,Sand,1,4.527,1425.6,102.9,7.14,0.02055,0.228,43.96,31.91,79.53,0
4.088,1.722,0.394,0.0714,0.0254,7.3,310,0.182,1526.9,88.6,32.6,Sand,1,4.6859,1421.8,105.1,19.57,0.02192,0.348,159.45,9.02,74.93,0
3.775,2.176,0.511,0.0148,0.07,7.6,601,0.085,1503.4,226.1,50.9,Permanent,0,4.5057,1426.9,76.5,34.34,0.06021,0.68,259.57,4.92,100.0,0
3.403,2.372,0.358,0.0597,0.0281,16.7,441,0.132,1449.7,52.9,81.9,Permanent,0,4.214,1435.7,14.0,28.74,0.02016,0.239,670.84,2.08,57.84,1
3.435,1.75,0.791,0.0787,0.0531,16.4,328,0.126,1484.1,72.0,28.5,Sand,1,4.0449,1439.8,44.3,15.13,0.03826,0.397,122.08,11.57,74.85,0
3.775,2.109,0.523,0.0208,0.0633,2.8,812,0.16,1507.7,249.9,21.7,Permanent,0,4.4851,1427.4,80.3,117.82,0.05985,0.718,46.98,26.78,100.0,0
3.663,2.441,0.257,0.0149,0.0501,4.4,700,0.101,1531.2,224.5,30.5,Permanent,0,4.4821,1427.9,103.3,55.49,0.04584,0.617,92.84,14.07,100.0,0
3.492,2.477,0.407,0.0345,0.0652,7.6,523,0.147,1523.1,225.7,16.3,Permanent,0,4.3294,1432.4,90.7,44.92,0.05603,0.554,26.72,40.0,100.0,0
3.36,2.214,0.408,0.0873,0.0503,5.1,281,0.25,1527.8,108.6,45.1,Permanent,0,4.1275,1438.2,89.6,22.11,0.04545,0.611,203.76,6.97,96.68,0
3.241,1.957,0.546,0.0913,0.0341,7.9,315,0.244,1588.6,73.0,22.7,Permanent,0,3.924,1443.6,145.0,26.95,0.02907,0.408,51.65,29.35,68.44,0
3.515,1.441,0.479,0.0414,0.0346,12.0,323,0.163,1481.4,94.4,32.7,Permanent,0,4.0095,1440.0,41.4,18.96,0.0272,0.269,106.64,13.01,72.43,0
3.562,2.678,0.461,0.027,0.0525,2.4,861,0.153,1540.0,178.9,32.2,Sand,1,4.4634,1428.8,111.2,126.56,0.05005,0.634,155.98,8.73,96.31,0
3.519,2.454,0.54,0.0358,0.0464,7.3,721,0.086,1501.1,195.0,19.0,Permanent,0,4.3493,1431.8,69.3,49.74,0.0401,0.524,36.07,36.21,100.0,0
3.679,1.515,0.431,0.097,0.0278,17.0,424,0.113,1502.4,85.7,65.9,Permanent,0,4.2166,1434.9,67.6,22.66,0.01976,0.192,434.83,3.26,76.13,0
3.609,2.398,0.308,0.0184,0.0388,5.4,693,0.107,1525.6,182.3,54.9,Permanent,0,4.4146,1429.8,95.8,57.31,0.03479,0.514,301.78,4.45,100.0,0
3.46,2.358,0.407,0.0322,0.056,5.1,819,0.092,1520.7,152.6,16.9,Permanent,0,4.2562,1434.3,86.5,69.09,0.05059,0.648,28.63,40.0,100.0,0
3.607,1.686,0.366,0.0879,0.0213,13.3,412,0.067,1567.2,59.8,7.6,Die,2,4.1983,1435.5,131.7,12.69,0.01635,0.257,4.57,40.0,65.61,0
3.565,2.685,0.44,0.0109,0.0575,5.6,844,0.139,1523.4,226.5,58.4,Permanent,0,4.4635,1428.7,94.7,110.89,0.05144,0.64,341.19,3.8,100.0,0
3.707,2.346,0.427,0.014,0.0493,4.9,759,0.136,1534.5,255.3,59.8,Permanent,0,4.4938,1427.4,107.0,87.62,0.04463,0.551,357.67,3.58,100.0,0
3.708,2.026,0.734,0.0343,0.0404,10.3,1546,0.15,1602.9,151.2,78.0,Permanent,0,4.395,1430.0,172.9,400.38,0.03285,0.451,608.26,2.39,25.04,1
3.353,2.669,0.308,0.0175,0.0574,7.9,615,0.081,1556.2,255.4,53.0,Sand,1,4.2483,1434.8,121.5,34.39,0.04904,0.591,421.71,3.08,98.53,0
3.331,2.072,0.423,0.0175,0.0567,5.0,524,0.115,1505.1,256.5,33.0,Permanent,0,4.0277,1440.2,64.9,35.18,0.05127,0.592,109.17,11.44,97.55,0
3.601,1.917,0.266,0.0399,0.0393,3.6,890,0.132,1516.7,238.9,39.0,Permanent,0,4.253,1433.8,82.8,116.72,0.03658,0.523,151.93,8.41,99.09,0
3.72,2.681,0.46,0.0189,0.0508,7.6,508,0.174,1554.6,232.3,35.9,Permanent,0,4.6197,1424.4,130.2,50.14,0.04365,0.586,129.04,10.25,99.62,0
3.477,2.254,0.274,0.0244,0.0525,5.7,777,0.113,1544.5,233.7,56.6,Permanent,0,4.236,1434.6,109.8,76.15,0.04678,0.548,320.44,4.09,100.0,0
3.657,2.04,0.527,0.035,0.0525,6.8,578,0.142,1512.5,262.6,12.6,Permanent,0,4.3484,1431.3,81.2,52.89,0.04583,0.624,15.87,40.0,99.76,0
3.775,2.56,0.463,0.0372,0.0656,2.4,831,0.172,1506.6,225.8,41.7,Permanent,0,4.6411,1423.8,82.8,133.01,0.06252,0.865,174.06,7.36,98.61,0
3.483,1.981,0.488,0.0273,0.046,7.0,589,0.172,1528.8,169.7,33.8,Permanent,0,4.1525,1436.6,92.2,66.84,0.03998,0.505,114.25,11.9,100.0,0
3.1,2.624,0.548,0.0554,0.0427,12.9,1570,0.137,1570.7,153.9,51.3,Sand,1,3.9928,1442.2,128.4,375.95,0.03295,0.353,394.9,3.59,42.02,1
3.678,2.347,0.452,0.0345,0.0538,3.4,843,0.114,1553.8,191.5,14.4,Permanent,0,4.4721,1428.2,125.5,90.53,0.05027,0.694,20.8,40.0,100.0,0
3.714,1.964,0.461,0.0218,0.0538,6.0,665,0.17,1527.3,221.4,45.0,Sand,1,4.3765,1430.3,97.1,83.98,0.04773,0.59,304.12,4.29,100.0,0
3.135,3.094,0.516,0.073,0.0327,10.8,1102,0.146,1511.2,97.4,21.4,Sand,1,4.1907,1437.5,73.7,198.01,0.02639,0.344,68.47,20.65,66.88,0
3.877,2.056,0.478,0.069,0.0267,5.6,1562,0.051,1470.0,55.5,25.8,Permanent,0,4.585,1425.0,45.0,138.24,0.02384,0.443,66.68,21.21,69.87,0
3.424,1.712,0.406,0.0379,0.0342,16.7,1598,0.195,1487.4,113.2,6.8,Permanent,0,4.0077,1440.4,47.0,557.11,0.02449,0.235,4.66,40.0,0.0,1
3.515,2.221,0.377,0.0576,0.0283,11.7,432,0.106,1589.0,138.5,66.0,Permanent,0,4.275,1433.8,155.2,22.09,0.02241,0.307,436.24,3.32,75.58,0
3.446,2.308,0.329,0.0178,0.0407,3.7,796,0.103,1524.7,232.9,46.5,Sand,1,4.2218,1435.0,89.7,72.9,0.03778,0.546,323.94,3.99,100.0,0
3.794,1.995,0.199,0.0381,0.0413,7.2,226,0.202,1573.0,70.6,85.9,Sand,1,4.4719,1427.8,145.2,11.47,0.03577,0.492,1107.37,1.36,78.07,0
3.726,2.163,0.369,0.0345,0.039,5.8,584,0.161,1549.6,227.6,56.8,Permanent,0,4.4581,1428.4,121.2,61.5,0.03477,0.447,322.38,4.1,100.0,0
3.695,2.034,0.521,0.0474,0.0442,7.0,701,0.155,1534.4,219.4,59.5,Permanent,0,4.3887,1430.3,104.1,85.28,0.03848,0.501,354.03,3.71,100.0,0
3.544,2.517,0.396,0.0104,0.0635,3.7,702,0.111,1526.4,204.5,35.8,Permanent,0,4.3867,1430.6,95.8,61.37,0.05899,0.695,128.48,10.29,97.75,0
3.6,2.465,0.433,0.0104,0.0467,6.2,674,0.119,1529.6,284.0,37.5,Permanent,0,4.4252,1429.5,100.1,60.24,0.04121,0.512,140.8,8.85,100.0,0
3.658,2.083,0.453,0.0271,0.057,3.1,559,0.107,1553.4,215.1,56.4,Sand,1,4.3609,1430.9,122.5,37.41,0.05354,0.757,476.95,2.81,100.0,0
3.349,2.262,0.528,0.0569,0.0504,16.5,1407,0.068,1489.6,109.5,40.0,Die,2,4.1222,1438.1,51.5,150.77,0.03628,0.446,127.8,10.8,81.93,0
3.312,2.501,0.511,0.0295,0.0481,4.7,504,0.132,1507.0,218.6,18.2,Permanent,0,4.1556,1437.3,69.7,37.56,0.04374,0.555,33.17,38.85,99.98,0
3.326,2.645,0.401,0.0254,0.04,4.0,527,0.126,1549.0,235.4,52.0,Permanent,0,4.216,1435.7,113.3,39.07,0.03692,0.568,270.55,4.86,100.0,0
3.556,2.63,0.337,0.0244,0.0505,4.2,849,0.146,1530.3,193.5,36.4,Permanent,0,4.4409,1429.4,100.9,117.46,0.04643,0.601,132.51,10.09,99.4,0
3.31,2.359,0.415,0.0342,0.0594,7.8,869,0.12,1552.6,253.6,35.2,Sand,1,4.1076,1438.5,114.1,100.99,0.05088,0.631,186.12,6.98,98.1,0
3.429,2.438,0.409,0.0462,0.0388,2.6,828,0.127,1523.7,269.9,37.3,Permanent,0,4.257,1434.5,89.3,96.94,0.03682,0.495,139.1,9.01,100.0,0
3.421,2.581,0.433,0.0442,0.0421,4.6,664,0.135,1559.8,218.6,23.2,Permanent,0,4.2959,1433.6,126.3,66.67,0.03839,0.527,54.03,24.83,97.48,0
3.621,2.389,0.361,0.0174,0.0553,6.7,509,0.158,1523.4,175.2,50.7,Permanent,0,4.4232,1429.5,93.9,45.8,0.04838,0.596,257.45,5.24,100.0,0
3.646,2.22,0.51,0.0414,0.0721,3.8,783,0.11,1552.4,226.2,23.3,Permanent,0,4.3999,1430.1,122.3,75.1,0.06687,0.715,54.52,24.33,100.0,0
3.391,2.11,0.434,0.0376,0.0649,5.3,856,0.133,1546.2,254.8,17.1,Die,2,4.1066,1438.2,108.0,108.75,0.05839,0.714,23.46,40.0,96.99,0
3.741,2.337,0.463,0.033,0.0716,6.1,751,0.083,1549.4,282.9,55.3,Die,2,4.531,1426.6,122.8,52.08,0.06337,0.667,244.39,5.18,95.55,0
3.369,2.28,0.28,0.0488,0.0394,5.7,632,0.12,1512.8,198.8,59.5,Sand,1,4.1449,1437.4,75.4,53.66,0.03517,0.542,530.17,2.48,100.0,0
3.753,2.368,0.341,0.0244,0.0419,2.7,541,0.103,1509.8,182.7,20.2,Permanent,0,4.5506,1426.0,83.8,33.76,0.03969,0.561,40.98,32.38,100.0,0
3.605,1.949,0.492,0.0406,0.0556,3.5,837,0.155,1529.9,212.5,22.5,Permanent,0,4.2679,1433.5,96.4,121.68,0.05181,0.655,50.59,26.04,94.64,0
3.797,2.501,0.49,0.0251,0.07,4.0,533,0.153,1552.0,279.6,37.6,Permanent,0,4.6395,1423.7,128.4,48.49,0.06473,0.772,141.1,9.02,98.9,0
3.799,2.419,0.297,0.034,0.0413,4.8,709,0.114,1503.6,208.7,13.6,Permanent,0,4.6162,1424.3,79.3,63.83,0.03752,0.531,18.39,40.0,100.0,0
3.866,3.019,0.183,0.0312,0.0585,13.6,422,0.248,1588.6,115.6,6.9,Permanent,0,4.8831,1417.6,171.0,49.33,0.04458,0.479,4.77,40.0,81.19,0
3.628,1.942,0.334,0.0104,0.06,5.4,696,0.157,1554.0,206.6,16.5,Permanent,0,4.279,1432.9,121.1,84.91,0.05394,0.739,27.14,40.0,100.0,0
3.349,1.534,0.772,0.051,0.0262,6.4,1563,0.246,1488.8,77.7,21.8,Permanent,0,3.8778,1443.9,44.8,672.82,0.02312,0.45,47.38,29.78,0.0,1
3.598,2.368,0.36,0.0384,0.0399,3.1,657,0.081,1513.2,264.2,16.3,Permanent,0,4.4001,1430.3,82.9,39.0,0.03754,0.511,26.46,40.0,100.0,0
3.589,2.234,0.285,0.0326,0.0614,7.2,629,0.142,1554.9,261.6,13.0,Permanent,0,4.3442,1431.6,123.2,62.64,0.05315,0.599,17.0,40.0,100.0,0
3.733,2.465,0.332,0.0412,0.0468,5.7,531,0.102,1511.4,290.1,36.1,Permanent,0,4.5686,1425.8,85.6,32.2,0.04175,0.552,130.62,9.35,100.0,0
3.316,2.013,0.253,0.0177,0.0639,4.0,775,0.137,1508.4,195.5,53.3,Sand,1,3.9926,1441.1,67.4,91.91,0.05901,0.672,426.88,3.08,100.0,0
3.506,2.233,0.488,0.0439,0.047,6.3,803,0.159,1550.5,243.5,32.0,Die,2,4.2645,1434.0,116.5,114.96,0.04149,0.559,81.8,15.98,98.77,0
3.786,2.206,0.297,0.0495,0.0449,2.1,516,0.103,1553.9,151.2,11.8,Permanent,0,4.5374,1426.4,127.6,30.71,0.04303,0.684,13.91,40.0,99.66,0
3.672,2.401,0.337,0.0171,0.0458,4.3,575,0.134,1520.9,242.9,56.8,Permanent,0,4.478,1428.0,92.9,49.62,0.04203,0.572,322.92,3.96,100.0,0
3.479,1.958,0.372,0.0275,0.0631,5.4,619,0.152,1516.6,184.1,13.7,Sand,1,4.1405,1436.9,79.6,65.27,0.05664,0.697,28.33,40.0,97.44,0
3.148,2.023,0.651,0.0465,0.022,11.9,240,0.101,1574.3,74.5,82.8,Permanent,0,3.8378,1445.7,128.6,6.54,0.01731,0.237,685.61,2.19,60.32,1
3.967,2.758,0.727,0.0923,0.0287,11.0,1349,0.072,1493.2,118.4,15.1,Die,2,4.9172,1416.9,76.4,147.03,0.023,0.337,18.24,40.0,69.88,0
3.632,1.939,0.382,0.0168,0.0513,4.8,831,0.161,1538.3,258.4,14.0,Sand,1,4.2836,1432.8,105.5,124.27,0.04658,0.607,29.22,40.0,92.99,0
3.785,2.543,0.513,0.0274,0.0622,4.5,715,0.081,1514.4,285.0,57.2,Permanent,0,4.6416,1423.7,90.7,46.38,0.05686,0.692,327.12,3.76,98.89,0
3.712,2.008,0.52,0.0181,0.0638,3.5,874,0.173,1537.1,271.2,29.7,Permanent,0,4.3877,1430.0,107.2,148.16,0.05949,0.714,88.16,14.36,95.86,0
3.467,2.128,0.32,0.0498,0.0703,4.2,702,0.087,1520.8,195.8,42.9,Permanent,0,4.1925,1435.9,84.9,48.19,0.06464,0.81,184.29,7.19,100.0,0
3.629,2.175,0.534,0.0372,0.064,7.4,621,0.127,1535.9,194.7,52.1,Sand,1,4.3661,1431.0,104.9,54.72,0.05515,0.667,406.71,3.3,100.0,0
3.463,2.207,0.414,0.0472,0.067,7.5,542,0.114,1557.6,241.7,28.7,Sand,1,4.214,1435.4,122.2,37.37,0.05765,0.689,123.78,10.63,100.0,0
3.694,1.942,0.383,0.0362,0.0595,6.2,830,0.121,1535.1,172.3,39.2,Permanent,0,4.3537,1431.0,104.0,92.88,0.05259,0.633,154.01,8.85,100.0,0
3.802,2.51,0.295,0.0493,0.0514,16.4,1220,0.203,1563.7,57.8,88.3,Die,2,4.6549,1423.5,140.2,337.55,0.03703,0.362,623.69,2.41,39.3,1
3.681,2.086,0.35,0.0426,0.0438,2.2,814,0.141,1504.7,181.9,44.4,Sand,1,4.3901,1430.3,74.5,104.5,0.04192,0.589,295.44,4.48,100.0,0
3.241,1.449,0.457,0.038,0.0291,9.3,1484,0.092,1486.9,54.7,39.1,Die,2,3.7363,1447.7,39.2,227.68,0.0242,0.347,122.53,11.69,43.76,1
4.027,2.619,0.23,0.0668,0.0219,17.5,358,0.234,1541.5,159.8,28.7,Permanent,0,4.9224,1416.3,125.2,33.41,0.01541,0.158,82.53,16.74,73.58,0
3.687,1.458,0.746,0.0783,0.0421,13.3,1258,0.053,1576.9,81.6,45.3,Permanent,0,4.1987,1435.1,141.8,94.05,0.03224,0.347,205.54,7.28,86.83,0
3.319,2.115,0.356,0.0489,0.0619,2.3,522,0.101,1543.6,246.1,59.7,Die,2,4.0398,1440.2,103.4,30.89,0.05914,0.739,284.91,4.55,94.59,0
3.562,2.876,0.468,0.0583,0.0478,15.9,286,0.073,1454.4,116.8,15.6,Die,2,4.5401,1427.3,27.1,6.71,0.03476,0.42,19.35,40.0,76.51,0
3.344,2.601,0.382,0.0448,0.0638,2.9,830,0.097,1549.0,227.2,38.8,Sand,1,4.2258,1435.6,113.5,74.58,0.06021,0.776,225.54,5.86,100.0,0
3.631,2.136,0.763,0.0976,0.0227,7.4,548,0.056,1532.3,59.3,84.3,Die,2,4.3757,1431.2,101.1,18.84,0.01958,0.369,568.02,2.59,69.6,0
3.466,1.971,0.465,0.0126,0.0606,4.1,826,0.123,1539.0,253.3,21.7,Permanent,0,4.1271,1437.2,101.8,93.91,0.0559,0.663,47.22,27.23,95.97,0
3.367,2.574,0.515,0.0332,0.0677,2.4,596,0.116,1545.7,159.0,43.3,Permanent,0,4.2362,1435.1,110.5,46.18,0.06457,0.755,187.45,7.4,96.33,0
3.595,2.537,0.344,0.0415,0.0527,5.9,639,0.123,1507.3,203.0,37.5,Die,2,4.4546,1429.0,78.3,56.11,0.0469,0.544,112.76,11.57,100.0,0
3.737,2.381,0.324,0.0328,0.0578,3.5,817,0.085,1514.2,287.9,56.3,Sand,1,4.5413,1426.3,87.9,63.66,0.05393,0.748,476.04,2.58,100.0,0
3.335,1.904,0.483,0.0946,0.0389,11.4,1353,0.086,1487.4,69.1,34.8,Permanent,0,4.0008,1441.4,46.0,175.99,0.03094,0.4,121.3,11.69,69.5,0
3.344,2.174,0.326,0.0195,0.0489,5.8,895,0.097,1521.5,231.1,29.8,Sand,1,4.0746,1439.0,82.5,87.16,0.04354,0.559,133.13,9.69,100.0,0
3.584,2.568,0.323,0.0192,0.0745,3.8,800,0.109,1503.7,273.3,34.3,Sand,1,4.4465,1429.1,74.6,78.15,0.06899,0.813,176.7,6.96,99.76,0
3.626,2.069,0.484,0.0385,0.0598,6.2,509,0.119,1550.5,182.3,54.8,Die,2,4.3285,1431.9,118.6,34.42,0.05276,0.667,240.18,5.7,98.46,0
4.084,1.889,0.712,0.0888,0.0574,16.3,577,0.239,1463.9,66.6,69.8,Permanent,0,4.7432,1420.5,43.4,88.81,0.04145,0.35,487.43,2.87,85.77,0
3.318,2.205,0.73,0.0926,0.0341,11.7,1238,0.125,1561.5,77.4,41.9,Permanent,0,4.0834,1439.5,122.0,213.55,0.02697,0.367,175.65,8.45,63.82,0
3.681,2.816,0.721,0.0677,0.0467,9.9,596,0.197,1569.5,79.4,89.6,Die,2,4.6418,1424.4,145.1,78.05,0.03829,0.468,642.58,2.32,87.12,0
3.507,2.033,0.412,0.0451,0.0477,4.0,745,0.126,1526.0,290.3,35.3,Sand,1,4.1995,1435.5,90.4,78.28,0.04411,0.596,186.99,6.61,100.0,0
3.702,2.492,0.443,0.0482,0.0392,6.6,853,0.141,1524.0,279.0,34.3,Sand,1,4.5491,1426.4,97.6,114.39,0.03429,0.497,176.59,7.05,97.41,0
3.473,2.658,0.493,0.0461,0.0526,6.7,556,0.14,1505.3,229.5,45.9,Permanent,0,4.3744,1431.5,73.8,48.47,0.04606,0.624,210.28,6.07,100.0,0
4.059,2.226,0.332,0.029,0.0324,10.9,1402,0.224,1554.5,105.2,20.4,Sand,1,4.8105,1418.5,135.9,491.17,0.02609,0.45,62.39,23.23,2.39,1
3.332,2.439,0.397,0.0137,0.0524,7.4,572,0.125,1553.7,260.2,42.2,Die,2,4.1495,1437.2,116.5,45.67,0.04523,0.594,142.28,9.09,100.0,0
3.736,2.051,0.371,0.0249,0.0475,5.6,695,0.089,1505.3,178.7,34.1,Sand,1,4.428,1429.0,76.3,48.19,0.0425,0.496,174.27,7.61,100.0,0
3.86,2.845,0.516,0.0898,0.0415,9.2,463,0.242,1566.6,86.6,80.7,Die,2,4.8382,1419.2,147.5,57.94,0.03451,0.466,520.77,2.84,80.85,0
3.216,1.494,0.652,0.0452,0.0521,13.7,413,0.087,1577.6,123.2,15.6,Permanent,0,3.7292,1448.0,129.6,16.59,0.03965,0.424,24.32,40.0,78.67,0
3.704,2.538,0.307,0.0239,0.0581,4.2,529,0.143,1556.9,215.9,45.9,Sand,1,4.5581,1426.0,130.9,44.72,0.05336,0.72,316.22,4.24,99.35,0
3.39,2.006,0.381,0.0259,0.0611,4.1,868,0.129,1515.6,291.8,31.2,Permanent,0,4.0677,1439.0,76.6,108.27,0.05631,0.717,97.46,12.56,100.0,0
3.916,2.442,0.625,0.094,0.0295,5.1,1168,0.067,1477.6,82.9,27.0,Die,2,4.761,1420.8,56.7,102.33,0.02666,0.46,58.23,23.95,86.47,0
3.574,2.226,0.733,0.0833,0.0428,8.8,482,0.207,1512.2,147.6,68.8,Sand,1,4.3438,1432.1,80.0,53.84,0.0359,0.47,709.94,1.92,100.0,0
3.494,2.271,0.354,0.0392,0.0679,7.0,836,0.083,1502.4,210.2,30.3,Permanent,0,4.2641,1434.0,68.4,65.05,0.05903,0.676,91.55,14.11,100.0,0
3.622,2.389,0.386,0.0236,0.0672,3.0,632,0.132,1538.3,165.0,56.1,Permanent,0,4.426,1429.5,108.8,59.0,0.06332,0.779,314.93,4.36,100.0,0
3.789,2.114,0.415,0.0401,0.0625,2.4,584,0.152,1503.4,191.0,55.9,Sand,1,4.5074,1427.0,76.4,57.79,0.05958,0.856,468.26,2.8,100.0,0
3.653,2.156,0.334,0.0101,0.0749,4.2,567,0.124,1528.9,176.2,15.1,Permanent,0,4.3749,1430.5,98.5,44.49,0.0688,0.785,22.86,40.0,99.82,0
3.462,2.31,0.491,0.0249,0.0447,7.3,715,0.108,1539.9,205.1,13.4,Permanent,0,4.2407,1434.6,105.3,61.62,0.03863,0.484,17.94,40.0,100.0,0
3.377,2.201,0.481,0.0254,0.0434,5.2,569,0.155,1504.4,296.6,47.7,Permanent,0,4.1192,1437.8,66.6,56.13,0.03916,0.55,227.57,5.31,97.9,0
3.078,2.309,0.459,0.046,0.0401,8.1,502,0.157,1557.7,73.6,87.4,Permanent,0,3.8632,1445.3,112.3,44.18,0.03412,0.397,764.3,1.94,86.85,0
4.069,3.036,0.56,0.0719,0.0221,16.0,241,0.057,1555.7,148.7,45.4,Permanent,0,5.105,1411.8,143.9,3.73,0.01605,0.142,206.28,6.82,57.13,1
3.604,2.045,0.525,0.028,0.0557,2.8,573,0.08,1559.4,197.5,35.0,Permanent,0,4.2951,1432.7,126.7,29.38,0.05267,0.643,122.29,11.14,93.94,0
3.612,2.436,0.411,0.0129,0.0654,7.7,827,0.162,1521.5,212.5,41.3,Sand,1,4.4285,1429.4,92.2,123.69,0.05603,0.611,255.92,5.11,97.32,0
3.617,2.043,0.482,0.0103,0.0427,4.2,693,0.115,1556.0,276.1,51.8,Permanent,0,4.3013,1432.4,123.6,61.72,0.03924,0.69,268.24,4.77,100.0,0
3.479,1.783,0.573,0.0237,0.0207,8.3,353,0.154,1493.8,133.9,44.2,Permanent,0,4.0811,1438.3,55.4,21.46,0.0175,0.29,195.37,6.96,73.69,0
3.857,2.287,0.507,0.0771,0.042,15.2,1496,0.118,1595.2,83.3,65.0,Permanent,0,4.6445,1423.7,171.5,296.08,0.03099,0.331,423.14,3.57,35.12,1
3.419,2.552,0.284,0.0352,0.0529,4.6,718,0.176,1544.7,295.8,18.9,Permanent,0,4.281,1433.9,110.8,101.06,0.04819,0.603,35.88,34.81,100.0,0
3.727,1.712,0.678,0.0337,0.043,15.9,1541,0.183,1522.6,149.2,64.7,Permanent,0,4.3087,1432.0,90.6,484.78,0.03128,0.329,418.53,3.28,21.56,1
3.243,2.672,0.474,0.0269,0.0418,11.3,232,0.245,1552.5,99.6,17.6,Die,2,4.1425,1437.8,114.7,14.76,0.03336,0.472,24.72,40.0,85.21,0
3.554,2.033,0.329,0.0215,0.0613,3.2,522,0.138,1537.4,273.2,55.4,Permanent,0,4.2386,1434.2,103.2,42.12,0.05749,0.784,307.39,4.11,100.0,0
3.908,1.571,0.182,0.0384,0.0549,11.4,317,0.233,1515.6,151.5,8.7,Die,2,4.4439,1428.0,87.6,26.21,0.04372,0.469,6.06,40.0,98.73,0
3.414,2.274,0.427,0.047,0.0448,4.7,844,0.133,1556.8,251.4,20.2,Sand,1,4.188,1436.2,120.6,105.67,0.04078,0.555,61.12,21.36,100.0,0
3.541,2.255,0.544,0.0443,0.0571,5.3,517,0.136,1554.5,271.1,51.3,Permanent,0,4.3073,1432.8,121.6,40.59,0.05136,0.671,263.49,4.87,100.0,0
3.146,1.983,0.44,0.0672,0.0399,14.0,343,0.188,1581.5,138.8,89.8,Permanent,0,3.8297,1446.0,135.5,24.72,0.03019,0.374,806.02,1.79,83.62,0
3.405,2.6,0.517,0.0116,0.0542,2.9,735,0.161,1518.6,177.3,12.6,Permanent,0,4.2758,1433.9,84.7,97.5,0.0512,0.678,15.79,40.0,100.0,0
3.797,2.387,0.504,0.0277,0.0706,2.8,532,0.113,1552.0,287.6,35.3,Permanent,0,4.6022,1424.6,127.4,35.68,0.06683,0.834,124.38,10.16,96.42,0
3.438,2.259,0.317,0.0446,0.0397,6.1,789,0.11,1529.0,184.8,55.7,Permanent,0,4.2064,1435.6,93.3,76.32,0.03513,0.458,310.57,4.33,97.94,0
3.352,2.869,0.395,0.0674,0.0417,7.0,1205,0.105,1534.0,114.4,70.5,Permanent,0,4.3307,1433.2,100.8,170.34,0.03631,0.458,496.82,2.86,86.35,0
3.336,1.932,0.389,0.0137,0.0554,7.7,866,0.151,1551.2,152.8,23.1,Permanent,0,3.9846,1441.1,110.1,126.27,0.04749,0.56,53.22,26.28,95.77,0
3.582,1.584,0.375,0.0533,0.0242,6.5,521,0.157,1490.4,69.0,17.4,Permanent,0,4.1281,1437.0,53.3,47.65,0.02125,0.344,30.14,40.0,74.57,0
3.468,2.0,0.443,0.0343,0.058,7.9,865,0.138,1550.0,283.3,37.0,Permanent,0,4.1465,1436.9,113.1,115.33,0.04949,0.617,136.63,9.27,100.0,0
3.52,1.95,0.449,0.0292,0.043,4.2,597,0.156,1556.7,228.6,44.6,Sand,1,4.1798,1435.8,120.8,62.24,0.03955,0.487,298.85,4.44,100.0,0
3.591,2.566,0.46,0.0295,0.0492,5.2,702,0.127,1552.1,174.7,57.6,Permanent,0,4.4565,1428.9,123.2,69.73,0.04433,0.585,331.89,4.15,100.0,0
3.654,2.663,0.529,0.0193,0.0433,3.3,755,0.151,1549.6,269.4,15.3,Sand,1,4.5478,1426.4,123.2,96.14,0.04048,0.577,34.94,36.64,97.65,0
3.739,2.09,0.481,0.0393,0.0508,2.7,616,0.106,1507.7,206.6,49.5,Permanent,0,4.4483,1428.6,79.1,44.95,0.04816,0.674,245.01,5.31,100.0,0
3.626,2.244,0.279,0.028,0.0418,5.0,559,0.106,1534.4,261.1,37.0,Sand,1,4.3833,1430.5,103.9,36.97,0.03785,0.532,204.84,6.22,100.0,0
3.664,2.08,0.363,0.0257,0.0743,7.8,601,0.176,1537.7,275.7,57.4,Permanent,0,4.3659,1430.8,107.0,70.95,0.06349,0.726,329.82,3.83,100.0,0
4.123,2.728,0.165,0.0507,0.0447,12.8,1400,0.249,1604.6,53.5,33.6,Sand,1,5.0491,1412.7,191.8,544.73,0.0346,0.377,169.37,9.16,0.0,1
3.333,2.703,0.35,0.0844,0.0408,5.3,1186,0.143,1474.7,104.5,69.2,Sand,1,4.2626,1435.0,39.6,224.74,0.0367,0.493,718.82,1.91,64.67,0
3.647,2.666,0.432,0.0284,0.046,5.1,732,0.173,1515.8,245.8,17.9,Permanent,0,4.5456,1426.5,89.2,103.56,0.04161,0.544,32.01,39.68,100.0,0
3.898,3.068,0.317,0.0785,0.0373,11.5,1105,0.056,1590.1,108.7,82.8,Sand,1,4.9463,1416.3,173.8,76.5,0.02963,0.371,1028.8,1.44,71.15,0
4.044,3.028,0.5,0.0945,0.0427,5.5,416,0.223,1443.0,84.5,88.0,Die,2,5.0845,1412.6,30.5,43.09,0.03825,0.515,618.96,2.19,71.37,0
3.347,1.54,0.319,0.0396,0.0534,17.2,408,0.225,1449.9,62.2,56.5,Permanent,0,3.8738,1444.0,6.0,41.94,0.03789,0.331,319.49,4.34,66.58,0
3.796,2.446,0.432,0.0141,0.0689,7.5,626,0.151,1517.2,259.8,52.8,Permanent,0,4.6164,1424.1,93.1,66.23,0.05931,0.596,278.46,4.52,98.15,0
3.514,2.342,0.263,0.0344,0.0741,2.7,523,0.155,1513.3,185.9,23.2,Permanent,0,4.3059,1432.9,80.4,47.27,0.07017,0.881,53.74,24.7,99.48,0
3.479,1.979,0.452,0.037,0.0582,6.0,537,0.113,1534.8,186.4,49.9,Permanent,0,4.1515,1436.7,98.1,36.55,0.05156,0.646,248.83,5.42,100.0,0
3.337,2.522,0.296,0.0471,0.0676,6.7,626,0.178,1535.3,293.1,40.5,Permanent,0,4.1935,1436.4,99.0,78.2,0.05908,0.666,164.21,7.56,99.33,0
3.437,2.643,0.352,0.0231,0.0711,6.9,632,0.148,1540.4,217.1,23.2,Sand,1,4.3259,1432.6,107.8,66.16,0.06189,0.758,80.62,16.41,100.0,0
4.17,2.64,0.682,0.0477,0.0316,11.2,533,0.148,1577.9,89.3,36.5,Permanent,0,5.0662,1412.1,165.8,46.85,0.02526,0.297,133.34,11.16,62.05,0
3.81,3.004,0.237,0.0917,0.0364,5.7,249,0.235,1443.8,159.4,44.3,Permanent,0,4.8414,1419.3,24.5,16.31,0.03245,0.463,196.15,6.55,75.9,0
3.571,2.087,0.281,0.0369,0.0474,5.5,831,0.105,1545.8,278.2,19.9,Permanent,0,4.279,1433.3,112.5,81.0,0.04253,0.587,39.42,32.16,100.0,0
4.161,2.194,0.5,0.0522,0.0251,16.7,308,0.23,1445.0,140.8,42.7,Permanent,0,4.9095,1415.9,29.1,24.39,0.01797,0.195,182.0,7.17,59.85,1
3.548,2.15,0.433,0.0464,0.0744,3.8,535,0.131,1558.8,198.9,52.0,Permanent,0,4.28,1433.5,125.3,41.91,0.06896,0.809,270.59,5.03,100.0,0
3.879,1.638,0.467,0.0735,0.057,13.2,1372,0.139,1580.3,114.6,49.3,Die,2,4.4493,1428.3,152.0,291.62,0.04383,0.439,194.77,7.53,51.09,1
3.675,2.332,0.456,0.0151,0.0666,5.1,839,0.092,1508.7,183.5,30.9,Sand,1,4.4579,1428.4,80.3,72.35,0.06016,0.666,142.82,9.28,100.0,0
4.002,2.582,0.437,0.0332,0.0317,14.1,335,0.222,1608.3,84.1,89.7,Permanent,0,4.8741,1417.3,191.0,27.86,0.0239,0.261,805.13,1.89,53.96,1
3.781,2.399,0.369,0.0391,0.0656,5.0,830,0.119,1517.2,276.6,11.5,Permanent,0,4.5941,1424.9,92.3,91.23,0.05933,0.733,13.34,40.0,100.0,0
3.758,2.115,0.423,0.0211,0.0619,3.2,768,0.174,1518.6,296.7,25.8,Permanent,0,4.4694,1427.9,90.8,114.5,0.05801,0.744,66.55,18.36,100.0,0
3.78,1.47,0.363,0.0984,0.03,7.0,307,0.213,1608.3,155.4,44.4,Permanent,0,4.3026,1432.4,175.9,22.45,0.02603,0.378,197.37,7.36,76.04,0
3.171,2.936,0.665,0.047,0.0568,8.8,1279,0.079,1521.2,107.5,44.4,Permanent,0,4.1652,1437.7,83.5,144.48,0.04764,0.482,197.06,7.17,89.7,0
3.542,2.088,0.393,0.0204,0.0564,4.9,758,0.109,1538.4,274.4,31.2,Die,2,4.2449,1434.1,104.3,69.96,0.05121,0.65,77.81,16.25,99.44,0
3.516,2.065,0.462,0.0286,0.0659,5.8,843,0.144,1548.4,298.0,51.3,Permanent,0,4.214,1435.0,113.4,114.17,0.05875,0.672,263.64,4.74,100.0,0
3.792,2.267,0.465,0.0456,0.0439,5.6,644,0.142,1510.2,221.9,20.8,Permanent,0,4.5628,1425.7,84.5,65.92,0.03923,0.54,43.42,29.67,100.0,0
3.47,2.405,0.456,0.0455,0.0595,3.3,681,0.155,1555.8,156.5,27.1,Permanent,0,4.2872,1433.6,122.2,80.21,0.05573,0.732,73.49,19.04,100.0,0
3.573,1.979,0.506,0.0375,0.0437,17.1,518,0.07,1568.1,51.3,37.3,Sand,1,4.2455,1434.1,134.0,21.14,0.03106,0.378,208.21,7.28,79.04,0
3.785,1.583,0.533,0.0414,0.0408,6.0,1313,0.137,1578.9,133.2,26.9,Permanent,0,4.3264,1431.4,147.6,264.67,0.03616,0.492,72.58,19.92,60.4,1
3.492,1.948,0.409,0.014,0.0645,3.1,568,0.084,1503.2,151.4,10.3,Permanent,0,4.1455,1436.7,66.6,30.18,0.06059,0.737,10.61,40.0,99.28,0
3.739,1.914,0.337,0.0305,0.0672,4.8,734,0.109,1504.3,189.3,47.5,Permanent,0,4.3866,1430.0,74.3,65.6,0.06107,0.718,226.05,5.82,100.0,0
3.303,2.571,0.53,0.0143,0.0647,4.2,515,0.176,1540.7,197.5,33.0,Permanent,0,4.1647,1436.9,103.8,52.24,0.05947,0.762,108.89,12.33,98.45,0
3.371,2.054,0.468,0.0491,0.0444,2.6,835,0.143,1541.4,274.4,23.8,Permanent,0,4.0723,1439.2,102.3,111.42,0.04215,0.625,56.73,22.34,93.76,0
3.597,1.983,0.404,0.0288,0.0706,6.3,839,0.102,1550.4,298.9,29.1,Permanent,0,4.2673,1433.4,117.0,80.22,0.06221,0.717,84.79,14.76,100.0,0
3.509,2.323,0.405,0.0106,0.0679,6.4,652,0.092,1546.1,236.2,46.5,Permanent,0,4.2873,1433.2,112.9,43.84,0.05974,0.713,216.15,6.06,100.0,0
3.529,2.108,0.496,0.0295,0.066,5.6,798,0.159,1521.9,163.2,12.6,Permanent,0,4.2416,1434.3,87.6,113.19,0.05906,0.638,15.94,40.0,98.65,0
3.502,2.017,0.501,0.0484,0.0562,2.2,787,0.17,1544.9,256.3,20.5,Sand,1,4.1904,1435.8,109.1,117.71,0.05372,0.717,63.1,20.42,96.17,0
4.089,1.789,0.76,0.0372,0.0597,13.1,1213,0.191,1480.4,149.1,52.3,Sand,1,4.6982,1421.2,59.2,314.8,0.04597,0.536,410.11,3.25,59.56,1
3.485,1.951,0.403,0.0433,0.0409,5.1,779,0.081,1518.4,170.6,28.3,Sand,1,4.1494,1436.8,81.6,54.89,0.03698,0.538,120.39,11.2,100.0,0
3.718,2.251,0.266,0.0156,0.0555,2.8,630,0.124,1508.9,208.4,52.7,Sand,1,4.473,1427.9,81.0,54.81,0.05251,0.698,417.05,3.12,100.0,0
3.458,2.014,0.485,0.0377,0.0509,7.1,761,0.134,1514.7,219.1,42.9,Permanent,0,4.1416,1437.1,77.6,86.81,0.04418,0.563,183.87,7.05,100.0,0
3.696,3.047,0.151,0.0891,0.0521,7.2,1135,0.177,1512.4,107.8,81.2,Permanent,0,4.7415,1422.1,90.3,254.87,0.0451,0.629,658.65,2.13,61.34,1
3.709,2.515,0.493,0.0245,0.04,6.8,639,0.115,1521.6,153.4,13.3,Permanent,0,4.5553,1426.0,95.5,52.46,0.03499,0.571,17.64,40.0,100.0,0
3.309,2.128,0.533,0.0491,0.0523,6.5,744,0.102,1540.6,153.0,12.0,Permanent,0,4.0348,1440.3,100.3,63.26,0.04592,0.569,14.37,40.0,99.29,0
3.488,2.165,0.274,0.0212,0.0512,3.9,542,0.119,1533.8,259.8,52.3,Sand,1,4.2172,1435.0,98.8,39.08,0.04739,0.631,410.53,3.1,100.0,0
3.501,2.091,0.364,0.0245,0.0714,7.5,637,0.11,1518.0,225.3,53.4,Permanent,0,4.2065,1435.2,82.8,50.06,0.06144,0.662,285.58,4.53,99.52,0
3.565,2.578,0.331,0.0792,0.0548,14.2,359,0.194,1520.8,85.9,14.6,Permanent,0,4.451,1429.5,91.2,27.88,0.04121,0.469,21.21,40.0,90.16,0
3.632,2.122,0.372,0.0315,0.07,2.1,789,0.152,1500.6,219.2,34.3,Die,2,4.3496,1431.3,69.3,105.99,0.06712,0.84,94.28,13.59,100.0,0
3.745,2.22,0.421,0.0484,0.071,2.5,610,0.143,1526.8,260.4,15.4,Permanent,0,4.501,1427.4,99.4,59.57,0.06763,0.734,23.62,40.0,98.04,0
4.058,3.18,0.629,0.0386,0.0459,10.0,486,0.188,1451.6,70.9,62.3,Sand,1,5.1304,1410.9,40.6,49.71,0.03761,0.478,581.93,2.37,75.75,0
3.558,2.245,0.5,0.0217,0.0434,3.2,548,0.134,1524.6,220.0,59.5,Permanent,0,4.3137,1432.4,92.2,45.1,0.04067,0.572,353.57,3.69,100.0,0
3.597,2.153,0.499,0.0329,0.0593,7.4,875,0.159,1507.8,299.0,29.6,Permanent,0,4.325,1432.1,75.7,136.42,0.05112,0.615,87.55,13.81,96.01,0
3.629,2.129,0.359,0.0436,0.0461,6.6,690,0.111,1541.2,196.7,36.8,Die,2,4.3534,1431.3,109.9,58.96,0.0404,0.484,108.47,12.4,100.0,0
3.472,2.551,0.487,0.0334,0.054,5.9,508,0.139,1546.2,243.1,15.1,Permanent,0,4.3329,1432.4,113.8,40.02,0.04795,0.586,22.82,40.0,100.0,0
3.384,2.188,0.388,0.0383,0.0575,7.8,512,0.11,1553.7,223.6,31.6,Die,2,4.1257,1437.8,116.0,32.18,0.04919,0.557,79.77,16.67,99.0,0
3.914,2.717,0.718,0.0954,0.0296,6.0,1403,0.051,1527.0,126.4,31.5,Die,2,4.8519,1418.7,108.3,111.42,0.02628,0.432,79.23,17.68,82.35,0
3.665,2.126,0.298,0.0404,0.0541,7.1,606,0.109,1532.4,264.9,23.1,Die,2,4.3873,1430.4,102.1,44.68,0.04698,0.57,42.63,29.73,100.0,0
3.42,1.947,0.399,0.0231,0.0653,3.0,655,0.15,1531.1,250.7,27.5,Sand,1,4.0762,1438.7,92.4,72.14,0.06157,0.77,113.72,11.26,100.0,0
3.678,2.129,0.323,0.0448,0.0472,4.9,709,0.132,1524.4,205.9,46.9,Permanent,0,4.4022,1430.0,94.4,73.83,0.04286,0.541,219.52,6.01,97.56,0
3.601,2.153,0.373,0.0494,0.0491,7.2,659,0.121,1556.3,253.2,21.3,Die,2,4.3351,1431.9,124.4,58.7,0.04252,0.507,36.38,35.82,100.0,0
3.37,1.962,0.533,0.0208,0.0527,2.3,549,0.153,1502.6,247.1,53.1,Permanent,0,4.0311,1439.9,62.7,51.41,0.05034,0.685,281.51,4.46,98.85,0
3.76,2.147,0.219,0.0733,0.0336,15.6,1514,0.094,1541.6,86.7,70.5,Sand,1,4.4998,1427.6,114.1,241.72,0.0246,0.236,744.68,1.95,57.82,1
3.556,2.041,0.252,0.0198,0.0438,7.7,685,0.118,1527.8,165.8,31.5,Permanent,0,4.2432,1434.1,93.7,61.98,0.03755,0.47,99.26,13.72,100.0,0
3.733,2.512,0.378,0.0447,0.0425,3.8,714,0.167,1526.5,198.1,28.5,Sand,1,4.5851,1425.4,101.2,94.9,0.03941,0.577,121.61,10.92,100.0,0
3.347,2.06,0.334,0.0425,0.0659,2.9,529,0.155,1500.7,250.5,48.9,Permanent,0,4.0482,1439.8,60.9,48.32,0.06218,0.83,238.97,5.23,100.0,0
3.513,2.598,0.514,0.0161,0.0451,6.0,796,0.178,1512.7,164.2,31.1,Permanent,0,4.3842,1430.9,81.9,125.89,0.03995,0.504,96.91,13.92,94.23,0
3.744,2.001,0.343,0.0421,0.0387,4.2,686,0.136,1550.4,248.0,55.5,Permanent,0,4.4246,1429.2,121.3,71.45,0.03563,0.467,307.64,4.23,100.0,0
3.487,2.062,0.502,0.0473,0.0452,5.9,739,0.138,1552.6,243.0,58.6,Die,2,4.1897,1435.9,116.7,84.18,0.04017,0.532,274.99,4.76,100.0,0
3.341,2.222,0.514,0.0195,0.0566,2.8,530,0.154,1543.2,264.3,28.7,Permanent,0,4.0886,1438.7,104.6,48.41,0.05357,0.694,82.41,15.52,100.0,0
3.639,2.587,0.443,0.0274,0.0643,4.9,564,0.124,1550.3,244.6,39.8,Permanent,0,4.5104,1427.4,122.9,44.11,0.05829,0.771,158.71,8.23,100.0,0
3.729,1.983,0.456,0.0419,0.0487,4.8,861,0.112,1550.9,284.2,47.8,Die,2,4.4041,1429.7,121.2,92.76,0.04426,0.614,182.89,6.93,100.0,0
3.347,2.247,0.312,0.0152,0.0438,2.6,681,0.124,1526.4,241.4,10.8,Permanent,0,4.101,1438.3,88.1,64.08,0.04164,0.613,11.6,40.0,99.53,0
3.52,2.462,0.45,0.0285,0.0701,2.9,592,0.093,1511.5,241.1,15.1,Sand,1,4.3496,1431.8,79.8,36.53,0.06621,0.814,34.01,37.36,97.2,0
3.702,1.985,0.399,0.0466,0.0749,4.5,772,0.152,1535.5,154.3,44.9,Permanent,0,4.3791,1430.5,105.0,101.46,0.06843,0.778,201.81,6.84,100.0,0
3.652,1.984,0.278,0.0324,0.0698,5.2,669,0.172,1544.5,173.7,22.2,Permanent,0,4.3239,1431.9,112.7,85.9,0.06288,0.691,49.19,27.87,100.0,0
3.514,2.273,0.481,0.023,0.0419,5.6,804,0.096,1530.5,297.5,11.3,Sand,1,4.2798,1433.4,97.1,69.14,0.03752,0.582,19.14,40.0,100.0,0
3.95,1.654,0.296,0.0697,0.05,5.2,309,0.081,1567.8,143.6,64.1,Sand,1,4.5249,1426.2,141.6,8.66,0.045,0.579,616.71,2.31,89.32,0
3.496,1.946,0.524,0.0312,0.0403,3.8,633,0.144,1540.1,166.3,50.6,Permanent,0,4.1551,1436.5,103.6,64.2,0.03735,0.6,256.19,5.36,100.0,0
3.335,2.129,0.507,0.0138,0.0622,6.0,609,0.092,1556.5,234.1,46.2,Permanent,0,4.049,1439.6,116.9,38.31,0.0551,0.653,213.5,6.19,100.0,0
3.359,2.232,0.485,0.0185,0.0521,6.5,729,0.094,1523.1,189.0,13.8,Permanent,0,4.109,1438.1,85.0,55.82,0.04581,0.619,19.04,40.0,99.11,0
3.158,2.495,0.621,0.0631,0.0461,13.7,283,0.067,1586.0,152.6,43.4,Permanent,0,4.0106,1441.6,144.4,6.03,0.03507,0.429,188.15,7.62,77.51,0
3.661,2.58,0.312,0.0229,0.052,7.2,710,0.15,1507.9,157.0,59.4,Die,2,4.5287,1426.8,81.1,84.48,0.045,0.545,282.1,4.79,100.0,0
3.776,2.001,0.512,0.0442,0.0704,3.0,613,0.144,1517.2,221.4,18.0,Permanent,0,4.4578,1428.3,88.9,60.67,0.0663,0.795,32.3,40.0,96.1,0
3.688,2.494,0.363,0.0499,0.04,5.5,741,0.132,1529.7,179.3,24.8,Die,2,4.5355,1426.8,102.9,80.73,0.03582,0.532,49.28,27.4,100.0,0
3.902,2.894,0.567,0.0919,0.0265,12.6,216,0.054,1566.3,154.0,84.5,Sand,1,4.8972,1417.6,148.7,2.82,0.0206,0.325,1072.07,1.32,66.1,0
3.645,2.186,0.443,0.0371,0.0701,4.6,610,0.114,1510.0,262.9,20.7,Die,2,4.3857,1430.5,79.6,47.55,0.06393,0.707,34.33,36.33,98.57,0
3.438,2.107,0.324,0.0274,0.0455,3.0,716,0.14,1543.1,254.1,51.0,Permanent,0,4.149,1436.9,106.2,80.06,0.04279,0.687,260.33,4.95,100.0,0
3.611,2.038,0.359,0.0405,0.0565,3.9,673,0.147,1508.7,165.5,19.9,Sand,1,4.3043,1432.6,76.1,74.53,0.05229,0.651,59.11,22.72,100.0,0
3.461,2.008,0.35,0.0477,0.0664,3.9,739,0.142,1552.1,271.6,49.1,Sand,1,4.1462,1437.0,115.1,86.49,0.0615,0.721,360.97,3.55,97.76,0
3.616,2.301,0.373,0.0119,0.0414,4.7,531,0.178,1548.2,213.9,47.1,Sand,1,4.3871,1430.3,117.8,56.11,0.03772,0.603,332.94,4.01,100.0,0
3.566,1.985,0.326,0.0417,0.0457,6.1,564,0.094,1522.5,167.8,32.0,Permanent,0,4.2418,1434.3,88.2,33.45,0.04045,0.522,102.29,13.24,98.24,0
3.583,2.091,0.314,0.046,0.0463,6.4,897,0.087,1500.5,174.3,56.6,Permanent,0,4.2947,1433.0,67.5,78.68,0.0407,0.57,319.83,4.15,100.0,0
3.714,2.365,0.413,0.0467,0.0708,2.9,743,0.153,1507.3,185.9,39.2,Sand,1,4.5179,1427.1,80.3,94.48,0.06687,0.769,230.65,5.73,100.0,0
3.723,2.331,0.457,0.0231,0.0715,4.4,743,0.143,1513.5,160.5,22.7,Sand,1,4.5078,1427.1,86.4,88.45,0.06545,0.795,77.54,17.45,100.0,0
3.661,2.519,0.543,0.0422,0.0596,4.7,768,0.127,1550.3,217.8,21.2,Sand,1,4.5152,1427.3,122.9,83.94,0.05426,0.652,67.64,19.7,100.0,0
3.447,2.483,0.341,0.0143,0.0652,4.2,508,0.142,1517.8,171.4,14.9,Permanent,0,4.2789,1433.6,84.2,40.86,0.05989,0.726,22.27,40.0,100.0,0
3.153,2.537,0.562,0.0346,0.0509,13.5,1156,0.097,1605.8,123.8,87.6,Die,2,4.01,1441.4,164.4,145.4,0.03887,0.46,613.55,2.42,70.38,0
3.545,2.037,0.517,0.0328,0.0443,7.0,772,0.142,1543.7,258.8,42.0,Die,2,4.2345,1434.5,109.3,94.47,0.03848,0.464,141.12,9.11,100.0,0
3.465,2.189,0.38,0.0289,0.074,2.6,622,0.119,1517.1,212.5,45.2,Sand,1,4.2048,1435.5,81.6,51.6,0.07017,0.869,306.55,4.26,98.6,0
3.51,2.031,0.451,0.0122,0.0658,4.8,672,0.115,1541.6,165.4,54.2,Sand,1,4.1908,1435.5,106.1,57.82,0.05976,0.716,440.0,3.13,100.0,0
3.776,1.615,0.403,0.091,0.0443,14.8,1231,0.111,1462.3,66.5,35.8,Die,2,4.3444,1431.4,31.0,188.13,0.03299,0.387,102.56,13.61,62.76,0
3.484,2.441,0.445,0.0389,0.0571,3.1,575,0.168,1506.0,279.2,56.1,Permanent,0,4.3111,1432.9,73.1,62.24,0.05368,0.629,314.97,3.9,100.0,0
3.736,2.604,0.345,0.0234,0.052,4.4,763,0.099,1508.8,208.8,11.4,Sand,1,4.6115,1424.6,84.3,64.71,0.04764,0.629,19.34,40.0,100.0,0
3.448,2.478,0.254,0.0465,0.0515,3.7,639,0.178,1539.5,233.5,53.2,Permanent,0,4.2899,1433.6,105.8,81.29,0.04784,0.619,283.39,4.61,100.0,0
4.162,2.178,0.646,0.0592,0.0428,15.5,1266,0.125,1581.8,95.9,35.1,Die,2,4.9075,1416.0,165.7,223.23,0.0314,0.308,98.62,15.07,45.21,1
3.756,3.055,0.353,0.048,0.0325,15.0,1178,0.078,1537.2,127.4,57.5,Permanent,0,4.7909,1420.4,116.8,121.69,0.02406,0.237,330.28,4.27,85.84,0
3.684,2.406,0.518,0.0941,0.0311,7.5,405,0.106,1552.6,116.7,23.3,Permanent,0,4.5171,1427.6,125.0,19.42,0.02678,0.414,54.43,26.38,84.56,0
3.518,2.223,0.273,0.0239,0.0348,5.3,1133,0.223,1493.6,54.0,40.4,Sand,1,4.2675,1433.7,59.9,319.43,0.03124,0.423,244.87,5.88,44.27,1
3.777,2.067,0.27,0.0379,0.0745,2.7,779,0.146,1559.3,266.6,27.7,Sand,1,4.4791,1427.7,131.6,99.14,0.07062,0.781,115.26,11.21,95.19,0
3.181,2.998,0.521,0.045,0.0338,11.4,1547,0.247,1445.4,107.6,64.1,Die,2,4.1956,1436.9,8.4,660.24,0.02691,0.282,329.11,4.06,0.0,1
3.4,2.411,0.262,0.0365,0.0746,2.8,546,0.133,1541.9,252.5,49.8,Permanent,0,4.2161,1435.5,106.4,44.18,0.0705,0.771,248.32,5.19,95.33,0
3.743,2.22,0.385,0.028,0.0645,4.0,791,0.096,1506.5,227.9,17.8,Permanent,0,4.4924,1427.4,79.0,66.86,0.05956,0.699,31.79,40.0,100.0,0
3.353,2.189,0.4,0.0213,0.0487,3.0,681,0.092,1501.3,179.7,43.3,Sand,1,4.0896,1438.6,62.7,47.75,0.04585,0.581,281.19,4.7,97.09,0
3.784,2.262,0.463,0.0186,0.0631,7.8,761,0.18,1540.9,208.3,22.2,Sand,1,4.5442,1426.0,115.0,116.49,0.05399,0.592,74.13,17.98,100.0,0
3.666,2.572,0.347,0.0424,0.0617,2.8,836,0.081,1554.2,285.7,38.5,Permanent,0,4.5373,1426.8,127.5,62.99,0.05836,0.697,148.52,8.54,100.0,0
3.33,2.434,0.386,0.026,0.0382,2.6,683,0.143,1534.8,279.6,52.8,Permanent,0,4.15,1437.3,97.5,74.37,0.03628,0.536,278.55,4.51,100.0,0
3.772,1.973,0.441,0.0442,0.0744,7.4,729,0.141,1504.4,249.4,28.4,Sand,1,4.4445,1428.6,75.8,83.69,0.06418,0.706,120.63,10.4,100.0,0
3.788,1.718,0.36,0.0277,0.0398,11.1,333,0.239,1528.1,146.0,13.4,Sand,1,4.3694,1430.2,97.9,29.66,0.03191,0.38,26.93,40.0,97.17,0
3.644,2.08,0.426,0.0225,0.0392,5.5,777,0.102,1544.1,179.5,10.2,Sand,1,4.3451,1431.3,112.7,68.68,0.03512,0.532,15.66,40.0,100.0,0
3.683,2.606,0.362,0.0364,0.0438,4.1,873,0.133,1523.3,156.0,38.6,Sand,1,4.5635,1426.0,97.3,112.92,0.04037,0.536,223.5,6.12,98.2,0
3.574,2.286,0.416,0.017,0.0522,7.6,719,0.16,1509.2,183.5,29.7,Permanent,0,4.3418,1431.6,77.6,92.43,0.04493,0.592,88.14,15.04,100.0,0
3.709,2.468,0.359,0.0242,0.0439,5.2,874,0.15,1522.0,250.8,38.4,Die,2,4.5396,1426.4,95.6,128.38,0.03952,0.472,117.99,10.77,95.14,0
3.605,2.112,0.404,0.0217,0.0499,2.7,845,0.15,1522.5,171.6,28.9,Sand,1,4.3167,1432.2,90.3,120.07,0.04724,0.657,124.9,10.82,100.0,0
3.69,2.112,0.534,0.0248,0.0589,7.2,535,0.094,1551.1,274.5,42.1,Permanent,0,4.4023,1429.8,121.3,30.03,0.05096,0.556,177.19,7.2,100.0,0
3.598,2.414,0.382,0.0246,0.0497,5.6,580,0.119,1523.3,280.8,52.3,Permanent,0,4.4105,1430.0,93.3,44.61,0.0444,0.525,273.38,4.54,96.6,0
3.426,2.225,0.287,0.0185,0.0488,7.1,810,0.097,1504.1,279.2,35.8,Permanent,0,4.1738,1436.3,67.8,71.16,0.04235,0.554,127.87,9.58,100.0,0
3.344,2.441,0.361,0.0338,0.065,7.8,793,0.097,1530.2,287.9,21.3,Die,2,4.1688,1436.8,93.4,68.39,0.05565,0.636,36.41,34.13,100.0,0
3.611,2.383,0.474,0.0118,0.0695,7.2,521,0.1,1529.1,293.0,36.3,Sand,1,4.4092,1429.8,99.2,30.47,0.0602,0.747,197.51,6.26,99.51,0
3.552,2.234,0.349,0.03,0.0428,6.5,577,0.171,1556.6,285.1,40.4,Permanent,0,4.3063,1432.7,123.9,63.87,0.03758,0.486,163.2,7.79,100.0,0
3.771,1.975,0.396,0.0246,0.0641,4.7,781,0.11,1524.5,292.4,18.4,Sand,1,4.438,1428.6,95.9,75.15,0.05829,0.677,50.96,24.18,100.0,0
3.684,2.279,0.39,0.0734,0.0457,12.5,1419,0.212,1442.3,119.0,42.0,Permanent,0,4.4684,1428.6,13.7,477.63,0.03554,0.358,176.56,7.5,4.06,1
3.624,2.185,0.316,0.0478,0.0567,4.5,707,0.14,1542.7,231.1,31.2,Die,2,4.3683,1431.0,111.7,78.21,0.05183,0.655,78.1,16.8,100.0,0
3.531,2.663,0.416,0.0337,0.0526,7.7,658,0.133,1554.4,159.7,30.1,Sand,1,4.4302,1429.8,124.6,64.57,0.04504,0.598,136.01,10.25,100.0,0
3.727,1.416,0.47,0.0508,0.0207,14.9,1419,0.054,1564.3,144.7,17.3,Permanent,0,4.2158,1434.3,130.0,121.95,0.01538,0.161,29.88,40.0,72.79,0
3.558,2.455,0.442,0.0416,0.0462,3.6,651,0.119,1545.8,266.8,40.6,Permanent,0,4.3898,1430.7,115.1,56.49,0.04297,0.561,164.56,7.77,100.0,0
4.109,1.867,0.275,0.0511,0.0522,14.2,1241,0.073,1491.4,81.4,73.4,Sand,1,4.7482,1420.0,71.4,125.0,0.03928,0.409,807.23,1.75,84.88,0
3.524,2.081,0.514,0.0162,0.0519,3.4,683,0.132,1538.4,286.6,11.8,Permanent,0,4.2225,1434.7,103.7,68.93,0.04851,0.689,13.95,40.0,96.3,0
3.364,2.419,0.382,0.0111,0.0679,3.7,889,0.105,1503.6,188.7,19.5,Die,2,4.1739,1436.5,67.1,93.14,0.06305,0.748,30.41,40.0,98.83,0
3.858,3.086,0.298,0.0243,0.0568,6.6,282,0.204,1460.8,151.5,75.8,Die,2,4.8948,1417.3,43.5,18.12,0.04985,0.644,459.77,2.85,87.55,0
3.473,1.918,0.533,0.0277,0.0568,5.6,709,0.085,1533.9,240.8,23.6,Sand,1,4.1216,1437.4,96.5,47.65,0.05078,0.638,83.35,15.51,100.0,0
3.586,2.206,0.348,0.0435,0.0749,4.5,852,0.118,1536.6,213.4,56.0,Sand,1,4.3358,1431.9,104.6,95.48,0.06841,0.812,469.72,2.82,98.92,0
3.494,2.485,0.319,0.041,0.0507,4.6,819,0.179,1536.3,177.2,33.6,Die,2,4.3363,1432.3,104.0,133.96,0.04626,0.606,90.36,15.04,97.85,0
3.57,2.04,0.422,0.0169,0.0392,2.7,750,0.123,1539.9,191.7,12.6,Permanent,0,4.2553,1433.7,106.2,77.24,0.03714,0.525,15.77,40.0,99.67,0
3.338,2.162,0.272,0.0448,0.0525,4.3,891,0.169,1553.0,204.2,13.6,Permanent,0,4.0739,1439.2,113.7,149.98,0.04823,0.665,18.59,40.0,85.47,0
3.456,2.203,0.459,0.0422,0.0576,6.1,703,0.137,1526.8,275.5,42.6,Sand,1,4.2049,1435.6,91.2,75.69,0.05097,0.644,272.55,4.59,96.73,0
3.631,2.172,0.389,0.0453,0.0632,5.6,786,0.179,1506.3,281.1,55.2,Sand,1,4.3701,1431.0,75.3,123.48,0.05655,0.69,456.25,2.69,98.44,0
3.877,1.938,0.167,0.098,0.0422,10.6,1196,0.129,1498.5,69.4,27.6,Permanent,0,4.5557,1425.9,72.6,205.93,0.03417,0.388,76.35,18.72,77.67,0
3.629,2.375,0.306,0.0271,0.039,3.2,848,0.109,1555.9,255.6,48.8,Sand,1,4.4299,1429.4,126.5,87.49,0.03655,0.479,357.26,3.64,97.7,0
3.398,2.29,0.324,0.0443,0.0684,2.9,721,0.122,1549.5,157.9,14.1,Permanent,0,4.1762,1436.5,113.0,71.13,0.06455,0.803,20.02,40.0,97.0,0
3.992,2.853,0.29,0.0946,0.0484,6.3,1581,0.158,1516.3,109.9,66.5,Die,2,4.9744,1415.4,100.9,442.54,0.0426,0.494,353.57,3.98,24.87,1
3.286,1.924,0.595,0.0863,0.0326,12.6,468,0.056,1458.6,89.5,76.8,Permanent,0,3.9561,1442.6,16.0,13.8,0.02534,0.298,589.66,2.32,56.53,1
3.33,2.64,0.304,0.0282,0.0692,2.2,876,0.116,1550.2,289.8,54.1,Permanent,0,4.2194,1435.6,114.6,99.43,0.0662,0.824,292.81,4.3,100.0,0
3.517,1.903,0.367,0.0127,0.0537,7.8,646,0.113,1553.0,195.0,22.8,Sand,1,4.1555,1436.3,116.7,52.93,0.04593,0.49,78.0,17.41,97.95,0
3.62,2.319,0.498,0.0284,0.0634,3.5,706,0.082,1554.3,239.7,46.3,Permanent,0,4.4029,1430.1,124.2,45.99,0.0591,0.734,214.44,6.13,99.19,0
3.632,1.98,0.26,0.021,0.0742,4.3,894,0.162,1546.4,151.1,53.7,Die,2,4.2993,1432.5,113.9,144.46,0.0681,0.767,230.75,6.05,88.29,0
3.331,2.655,0.471,0.0169,0.0574,4.8,672,0.135,1507.4,272.8,54.2,Die,2,4.222,1435.5,71.9,68.47,0.05216,0.645,235.36,5.25,100.0,0
3.333,2.048,0.309,0.0336,0.0692,2.8,545,0.102,1521.9,280.5,48.1,Permanent,0,4.0267,1440.3,81.6,33.87,0.06544,0.718,230.89,5.38,99.95,0
3.471,2.172,0.542,0.0409,0.0727,2.5,853,0.117,1544.8,184.2,13.3,Permanent,0,4.2083,1435.4,109.3,95.01,0.06921,0.818,17.74,40.0,96.7,0
3.55,2.29,0.409,0.0344,0.0513,3.4,548,0.145,1525.8,273.4,56.7,Die,2,4.325,1432.3,93.6,48.68,0.04792,0.687,257.41,4.87,100.0,0
4.133,2.957,0.265,0.0591,0.0265,9.1,554,0.146,1457.7,126.1,8.2,Sand,1,5.1381,1410.6,47.1,49.92,0.02211,0.343,9.97,40.0,70.16,0
3.57,2.609,0.336,0.0188,0.0644,5.0,756,0.162,1523.9,274.1,40.3,Sand,1,4.446,1429.2,94.8,103.32,0.05826,0.779,243.22,5.14,100.0,0
3.718,1.925,0.337,0.091,0.0485,15.0,309,0.076,1508.8,102.1,85.6,Permanent,0,4.3902,1430.5,78.3,8.1,0.03591,0.325,733.57,1.92,83.77,0
3.533,2.483,0.283,0.0205,0.05,6.1,661,0.14,1542.3,227.6,51.8,Sand,1,4.3678,1431.2,111.1,68.39,0.04422,0.658,402.21,3.27,100.0,0
3.335,1.956,0.52,0.0247,0.0668,4.4,618,0.179,1527.3,270.3,54.7,Sand,1,3.995,1441.0,86.3,76.19,0.06117,0.769,448.5,2.8,97.73,0
3.702,2.481,0.454,0.0279,0.0575,2.8,762,0.117,1556.3,200.3,51.4,Sand,1,4.5378,1426.5,129.8,75.97,0.05441,0.772,396.13,3.42,100.0,0
3.784,2.556,0.447,0.0476,0.0467,3.7,572,0.163,1545.0,150.4,54.1,Permanent,0,4.6516,1423.6,121.3,59.69,0.0434,0.674,292.27,4.77,100.0,0
3.921,2.562,0.759,0.0493,0.0339,17.3,1358,0.205,1538.5,86.6,73.9,Permanent,0,4.7914,1419.7,118.8,422.73,0.02401,0.267,546.16,2.66,17.48,1
3.41,2.091,0.497,0.0413,0.0423,5.7,714,0.099,1519.3,279.7,58.8,Die,2,4.1211,1437.8,81.5,56.74,0.0377,0.471,276.58,4.48,100.0,0
3.703,2.23,0.548,0.0173,0.0665,6.9,640,0.094,1525.4,155.5,38.0,Sand,1,4.4515,1428.5,96.9,43.13,0.05793,0.682,216.6,6.32,100.0,0
3.986,1.599,0.584,0.0466,0.0246,7.9,1243,0.222,1597.3,129.4,56.1,Sand,1,4.5347,1425.6,171.7,383.79,0.02102,0.284,471.76,3.11,18.59,1
3.285,2.391,0.372,0.0677,0.0265,5.6,546,0.051,1558.2,124.6,25.2,Sand,1,4.1045,1438.9,119.3,17.18,0.02368,0.461,95.0,15.09,77.5,0
3.595,2.259,0.323,0.014,0.051,5.4,734,0.166,1503.7,299.3,55.8,Permanent,0,4.3532,1431.3,72.5,100.33,0.0458,0.682,310.89,3.87,100.0,0
3.32,2.162,0.483,0.045,0.0436,4.1,897,0.139,1517.2,159.5,16.6,Die,2,4.0554,1439.8,77.4,125.42,0.04015,0.591,22.03,40.0,96.62,0
3.095,2.221,0.238,0.0986,0.0238,10.6,1228,0.231,1528.9,101.9,37.0,Permanent,0,3.8677,1445.6,83.3,388.87,0.01926,0.286,136.99,10.42,22.51,1
3.522,2.147,0.364,0.0489,0.063,6.6,779,0.13,1520.9,174.6,27.3,Permanent,0,4.254,1434.2,86.7,88.34,0.05514,0.693,74.43,18.09,100.0,0
3.219,1.429,0.392,0.0513,0.0522,15.8,508,0.107,1590.5,159.7,18.5,Permanent,0,3.7125,1448.4,142.1,30.8,0.03805,0.415,34.36,40.0,84.03,0
3.79,2.611,0.337,0.042,0.0432,4.0,523,0.115,1521.4,242.5,51.6,Permanent,0,4.6744,1423.0,98.4,35.21,0.03989,0.585,266.21,4.8,100.0,0
3.054,2.263,0.641,0.0344,0.0423,15.8,1524,0.242,1496.0,81.9,15.5,Sand,1,3.8201,1446.4,49.6,627.87,0.03084,0.343,36.23,39.03,0.0,1
3.753,2.086,0.467,0.0175,0.0555,5.8,613,0.121,1557.9,255.0,41.0,Permanent,0,4.4544,1428.2,129.6,50.78,0.04941,0.59,167.74,7.77,100.0,0
3.361,3.068,0.751,0.0805,0.0394,13.4,376,0.12,1497.3,66.9,42.0,Permanent,0,4.4104,1431.4,65.9,18.92,0.03016,0.365,176.22,8.12,85.46,0
3.49,2.676,0.496,0.0175,0.0707,7.8,633,0.158,1525.1,199.4,46.8,Die,2,4.3874,1430.9,94.2,70.71,0.06049,0.706,175.45,7.56,100.0,0
3.329,2.268,0.389,0.0433,0.0541,5.1,630,0.171,1550.1,251.6,29.3,Permanent,0,4.0998,1438.6,111.5,75.67,0.0489,0.619,85.7,15.15,100.0,0
3.351,2.331,0.326,0.0455,0.0424,6.1,804,0.121,1546.9,282.0,39.4,Sand,1,4.1436,1437.5,109.4,87.29,0.0376,0.505,232.55,5.44,100.0,0
4.105,2.308,0.4,0.0906,0.0504,13.6,418,0.173,1519.7,144.3,36.9,Permanent,0,4.9049,1416.6,103.1,33.9,0.03839,0.417,136.2,10.1,96.33,0
3.43,2.17,0.398,0.0235,0.0451,6.9,861,0.088,1528.0,187.5,30.7,Permanent,0,4.1611,1436.6,91.4,72.9,0.03929,0.532,93.94,14.27,100.0,0
3.716,2.684,0.385,0.04,0.0629,6.3,693,0.178,1517.3,202.6,39.7,Permanent,0,4.6237,1424.5,92.9,95.82,0.05549,0.666,157.41,8.35,100.0,0
3.499,2.632,0.358,0.0177,0.0435,2.2,845,0.107,1532.3,239.5,45.7,Die,2,4.382,1431.0,101.3,85.65,0.0416,0.626,167.11,7.74,100.0,0
3.568,2.1,0.509,0.0496,0.0704,4.7,631,0.086,1548.0,230.7,18.1,Permanent,0,4.2844,1433.3,114.7,38.17,0.06414,0.757,32.61,40.0,96.0,0
3.34,2.416,0.631,0.0407,0.0303,6.5,1579,0.243,1542.1,128.8,36.8,Sand,1,4.1591,1437.1,105.0,676.99,0.02663,0.445,202.87,6.97,0.0,1
3.448,1.906,0.376,0.0308,0.0697,3.3,591,0.104,1501.0,194.9,52.2,Permanent,0,4.0931,1438.2,62.8,40.54,0.06534,0.815,272.21,4.8,92.43,0
3.583,2.331,0.592,0.0382,0.0391,13.4,351,0.146,1510.3,52.9,18.3,Permanent,0,4.3731,1431.0,79.3,20.14,0.02992,0.346,33.59,40.0,83.84,0
3.761,2.377,0.329,0.0186,0.065,6.5,666,0.146,1528.1,183.5,24.1,Permanent,0,4.5596,1425.7,102.4,72.52,0.05713,0.67,58.19,23.11,99.63,0
3.669,2.919,0.517,0.047,0.0515,7.9,559,0.105,1442.0,116.8,28.4,Permanent,0,4.658,1423.9,18.1,36.58,0.04392,0.533,80.59,16.44,82.13,0
3.387,2.042,0.481,0.0437,0.0564,6.2,691,0.113,1505.0,158.5,32.3,Sand,1,4.0818,1438.8,66.2,60.44,0.0499,0.588,156.54,8.6,100.0,0
3.507,2.138,0.339,0.0474,0.0594,3.3,690,0.172,1538.5,299.5,39.1,Permanent,0,4.2352,1434.7,103.8,91.29,0.05552,0.705,153.2,8.09,100.0,0
3.389,2.408,0.543,0.0214,0.0619,5.2,502,0.081,1512.3,198.7,35.0,Die,2,4.1986,1435.8,76.5,22.75,0.0558,0.591,97.73,13.44,95.14,0
3.799,2.542,0.427,0.0115,0.0561,5.9,891,0.111,1536.9,174.3,38.1,Permanent,0,4.6498,1423.3,113.6,98.37,0.04986,0.638,144.96,9.4,100.0,0
3.531,2.156,0.325,0.0169,0.074,6.1,623,0.145,1517.9,167.2,12.3,Die,2,4.2552,1433.9,84.0,63.03,0.06554,0.822,12.12,40.0,100.0,0
3.609,2.793,0.276,0.0272,0.0509,9.1,1461,0.179,1561.0,133.7,14.8,Permanent,0,4.5495,1426.6,134.4,427.32,0.04249,0.494,21.85,40.0,28.0,1
3.402,2.557,0.377,0.0144,0.0737,7.1,660,0.157,1522.1,280.4,33.8,Permanent,0,4.2597,1434.3,87.9,76.42,0.06397,0.77,114.17,10.88,100.0,0
3.897,2.482,0.389,0.0876,0.0509,5.7,457,0.185,1469.7,55.2,54.5,Permanent,0,4.7535,1421.0,48.7,43.17,0.04541,0.596,296.99,4.76,85.22,0
3.643,2.534,0.523,0.0152,0.0553,2.8,850,0.102,1537.9,259.8,29.3,Permanent,0,4.4925,1427.7,110.2,81.95,0.05234,0.645,85.95,14.87,100.0,0
3.73,2.597,0.333,0.031,0.0422,5.3,817,0.099,1548.5,192.4,39.0,Permanent,0,4.6062,1424.8,123.7,73.87,0.03794,0.493,151.99,8.92,100.0,0
3.802,1.827,0.595,0.0527,0.0278,6.1,1265,0.167,1538.6,105.4,7.2,Die,2,4.4283,1428.9,109.6,299.13,0.02459,0.432,4.18,40.0,47.25,1
3.349,2.615,0.287,0.0388,0.0467,5.6,819,0.146,1510.9,198.6,24.3,Die,2,4.2338,1435.3,75.6,109.65,0.04176,0.54,47.35,27.72,97.03,0
3.685,2.277,0.313,0.0256,0.0507,7.9,668,0.089,1504.1,288.3,36.3,Permanent,0,4.4531,1428.6,75.5,44.4,0.04328,0.614,131.57,9.24,100.0,0
4.151,2.355,0.591,0.0902,0.0285,9.4,545,0.234,1470.0,69.6,26.0,Permanent,0,4.9656,1414.9,55.0,77.56,0.02357,0.351,67.46,20.76,72.05,0
3.784,2.293,0.417,0.0497,0.0383,3.9,642,0.135,1507.4,181.6,56.2,Die,2,4.5644,1425.7,81.7,62.11,0.0354,0.483,252.89,5.24,99.13,0
3.069,2.186,0.264,0.0819,0.029,9.7,1554,0.224,1576.4,99.0,45.1,Permanent,0,3.8249,1446.6,129.9,606.14,0.02386,0.347,203.13,7.27,0.0,1
3.772,1.479,0.613,0.0781,0.0549,11.6,1275,0.212,1576.4,156.2,41.9,Sand,1,4.2917,1432.5,143.8,386.03,0.04353,0.419,263.6,5.39,39.22,1
3.498,2.472,0.363,0.0323,0.0696,6.2,684,0.116,1539.5,292.8,55.9,Permanent,0,4.3328,1432.3,107.2,60.65,0.06149,0.626,312.32,3.99,100.0,0
3.685,1.972,0.354,0.0302,0.0654,7.2,871,0.081,1558.7,287.2,46.7,Die,2,4.3526,1431.0,127.6,68.76,0.05659,0.655,174.72,7.28,100.0,0
3.761,2.399,0.286,0.0304,0.0693,3.5,720,0.084,1519.9,229.6,28.9,Permanent,0,4.5708,1425.5,94.4,48.84,0.06465,0.773,83.39,15.47,100.0,0
3.52,2.319,0.438,0.0249,0.0635,2.6,871,0.16,1519.3,188.7,48.9,Permanent,0,4.3016,1432.9,86.4,135.78,0.06028,0.777,239.49,5.56,98.29,0
3.376,2.571,0.393,0.036,0.0707,3.0,530,0.13,1508.8,221.3,16.7,Permanent,0,4.2451,1434.9,73.9,40.9,0.06654,0.79,27.72,40.0,100.0,0
3.561,2.427,0.543,0.0236,0.066,2.2,610,0.122,1514.5,278.8,36.1,Sand,1,4.378,1430.9,83.6,50.63,0.06319,0.871,195.44,6.32,100.0,0
4.062,1.638,0.787,0.087,0.0203,13.6,1516,0.066,1493.4,128.7,79.0,Die,2,4.6368,1423.2,70.3,169.44,0.01545,0.241,499.25,2.73,70.29,0
3.405,2.231,0.487,0.021,0.0657,6.6,745,0.147,1520.6,262.7,56.6,Permanent,0,4.1557,1436.8,83.8,91.53,0.05756,0.725,320.25,3.93,100.0,0
3.763,2.394,0.441,0.0373,0.0456,5.6,651,0.129,1512.9,246.3,10.6,Sand,1,4.5737,1425.5,87.4,61.11,0.04076,0.566,16.87,40.0,100.0,0
3.604,2.223,0.371,0.0212,0.0413,11.7,1536,0.101,1555.7,84.2,26.2,Sand,1,4.3521,1431.3,124.4,267.18,0.03265,0.426,103.08,14.27,54.82,1
3.558,2.633,0.42,0.0482,0.0693,2.4,838,0.138,1555.0,228.3,41.5,Permanent,0,4.4519,1429.3,125.7,108.0,0.06606,0.838,172.43,7.69,99.47,0
3.4,2.202,0.532,0.0335,0.0392,2.2,860,0.156,1511.4,202.3,35.6,Die,2,4.1449,1437.2,74.3,128.78,0.03751,0.615,101.52,12.9,96.9,0
3.696,2.526,0.485,0.0307,0.058,7.1,623,0.091,1542.8,277.2,16.6,Sand,1,4.5486,1426.3,116.5,39.44,0.05037,0.598,41.25,30.68,100.0,0
3.235,2.574,0.647,0.0311,0.037,17.5,1117,0.168,1442.6,95.9,6.1,Sand,1,4.1032,1438.8,3.7,234.37,0.02609,0.309,5.6,40.0,32.81,1
3.604,2.581,0.192,0.0327,0.0372,13.9,1479,0.07,1589.7,70.7,5.9,Permanent,0,4.4755,1428.4,161.2,170.74,0.02817,0.277,3.44,40.0,55.46,1
4.068,3.124,0.734,0.0578,0.0437,13.0,1448,0.178,1495.8,70.7,34.4,Sand,1,5.1283,1411.1,84.7,416.35,0.03364,0.463,177.74,8.02,14.27,1
3.255,3.185,0.543,0.0906,0.0358,9.1,508,0.155,1457.0,151.4,28.6,Permanent,0,4.3473,1433.4,23.6,44.65,0.02977,0.378,81.6,16.0,81.27,0
3.746,2.537,0.458,0.0154,0.0745,7.7,613,0.114,1540.9,217.9,34.0,Die,2,4.597,1424.8,116.1,47.75,0.06384,0.682,92.3,14.33,100.0,0
3.702,2.647,0.348,0.0378,0.069,5.2,655,0.091,1512.8,247.5,31.3,Permanent,0,4.5968,1425.2,87.6,43.53,0.06214,0.677,97.94,12.92,100.0,0
4.011,1.496,0.172,0.0926,0.0247,8.2,1391,0.198,1500.7,125.2,66.7,Sand,1,4.54,1425.7,75.0,429.01,0.02096,0.353,667.37,2.06,22.13,1
3.426,2.067,0.514,0.0486,0.0705,2.5,899,0.127,1537.2,292.7,57.8,Die,2,4.1311,1437.5,99.6,114.8,0.06707,0.828,267.03,4.66,94.76,0
3.312,1.959,0.372,0.0298,0.0573,7.1,533,0.084,1548.0,219.5,47.5,Permanent,0,3.9751,1441.6,106.4,26.76,0.04974,0.635,225.98,5.88,92.67,0
3.568,1.913,0.398,0.0172,0.0459,5.1,898,0.084,1524.0,191.2,25.5,Sand,1,4.2111,1434.8,89.2,75.96,0.0414,0.577,97.36,13.69,100.0,0
3.732,2.188,0.328,0.0106,0.0547,6.3,820,0.108,1519.6,292.7,23.0,Permanent,0,4.4654,1428.0,91.6,81.15,0.04828,0.684,53.08,23.11,100.0,0
3.662,2.392,0.507,0.0303,0.0555,7.4,565,0.144,1512.0,156.6,26.3,Sand,1,4.4699,1428.3,83.6,51.21,0.04786,0.58,103.53,13.09,100.0,0
3.473,1.681,0.247,0.0391,0.0451,9.0,1297,0.057,1531.4,55.5,13.9,Permanent,0,4.0462,1439.3,92.1,107.12,0.03766,0.492,19.44,40.0,88.36,0
3.462,2.459,0.558,0.0707,0.0399,10.8,285,0.141,1447.4,114.3,59.2,Permanent,0,4.3049,1433.4,14.0,12.78,0.03212,0.474,349.91,3.81,72.54,0
3.748,2.287,0.315,0.0265,0.0391,7.6,889,0.157,1518.8,177.9,29.8,Sand,1,4.519,1426.8,92.1,138.64,0.03357,0.518,133.02,10.08,89.63,0
3.383,3.174,0.255,0.0264,0.0396,17.2,1530,0.102,1602.1,94.0,74.9,Permanent,0,4.4495,1429.9,172.2,266.1,0.02812,0.264,560.55,2.69,41.75,1
3.362,1.999,0.281,0.0286,0.0565,4.8,633,0.151,1501.4,278.7,37.3,Permanent,0,4.0384,1439.9,61.5,67.47,0.05136,0.614,138.97,8.8,100.0,0
3.732,2.31,0.461,0.0349,0.0519,4.7,856,0.145,1531.1,206.5,29.1,Permanent,0,4.5138,1427.0,104.0,118.97,0.04722,0.628,84.73,15.63,97.54,0
3.548,2.092,0.316,0.0184,0.0584,7.0,811,0.169,1506.4,167.7,33.8,Sand,1,4.2518,1433.9,72.5,124.33,0.05078,0.601,171.39,7.81,100.0,0
4.121,2.554,0.258,0.0927,0.0342,7.6,311,0.069,1455.8,113.5,50.9,Die,2,5.0034,1414.2,41.6,7.44,0.02936,0.464,207.23,6.48,68.54,0
3.608,2.09,0.499,0.0165,0.0667,3.6,881,0.124,1505.6,236.8,39.0,Permanent,0,4.3105,1432.2,73.3,107.88,0.06213,0.699,151.78,8.36,100.0,0
3.361,2.123,0.548,0.0488,0.0701,7.8,776,0.125,1540.7,231.8,20.5,Permanent,0,4.0847,1438.9,101.8,84.29,0.06001,0.677,42.11,31.09,98.82,0
3.373,2.538,0.342,0.0168,0.0421,3.4,855,0.094,1506.6,176.2,50.2,Permanent,0,4.2251,1435.2,71.3,76.76,0.03934,0.535,251.87,5.28,98.57,0
3.446,2.115,0.538,0.0449,0.051,4.5,710,0.161,1521.5,260.3,15.8,Permanent,0,4.166,1436.6,84.9,90.76,0.04663,0.62,24.89,40.0,95.51,0
3.887,2.297,0.519,0.0521,0.0486,17.5,1358,0.194,1551.6,155.8,5.3,Permanent,0,4.6701,1422.8,128.9,399.22,0.03422,0.363,2.76,40.0,34.61,1
3.318,1.999,0.425,0.0372,0.0693,7.5,715,0.165,1557.6,221.9,10.9,Permanent,0,3.997,1441.1,116.5,94.23,0.05957,0.785,11.88,40.0,90.84,0
3.673,1.923,0.524,0.0294,0.047,4.6,806,0.125,1505.2,263.0,58.7,Permanent,0,4.3238,1431.8,73.4,91.17,0.04287,0.599,345.05,3.6,100.0,0
3.665,2.632,0.426,0.0417,0.0577,3.4,828,0.15,1515.6,199.4,29.2,Permanent,0,4.556,1426.3,89.3,115.07,0.05385,0.746,85.28,15.43,99.99,0
3.683,2.68,0.537,0.0489,0.0607,7.2,561,0.096,1525.2,230.8,51.5,Permanent,0,4.593,1425.4,99.8,33.66,0.05256,0.592,265.2,4.88,99.73,0
4.043,2.841,0.485,0.0787,0.0544,14.4,477,0.144,1595.0,145.7,53.8,Permanent,0,5.016,1414.1,181.0,36.65,0.04079,0.329,289.56,5.01,75.9,0
3.403,2.608,0.385,0.0471,0.0657,4.8,816,0.143,1500.2,226.3,33.9,Sand,1,4.2878,1433.9,66.3,106.9,0.05967,0.765,172.24,7.4,100.0,0
3.241,2.842,0.572,0.0914,0.0505,9.1,1230,0.177,1564.5,65.0,59.8,Permanent,0,4.2186,1436.5,128.0,299.23,0.04214,0.53,358.14,4.19,48.7,1
3.404,2.067,0.462,0.0444,0.0581,2.1,802,0.173,1531.3,168.6,14.8,Sand,1,4.1082,1438.1,93.1,123.93,0.05571,0.719,32.86,40.0,90.42,0
3.8,2.117,0.286,0.0101,0.0744,5.8,564,0.15,1518.9,295.5,28.5,Permanent,0,4.5087,1426.7,92.2,53.24,0.06627,0.733,81.16,15.07,97.19,0
3.881,1.879,0.316,0.0612,0.0277,5.0,228,0.091,1469.2,65.5,27.4,Sand,1,4.5272,1426.3,42.9,5.3,0.02506,0.456,112.61,12.47,72.18,0
3.412,1.95,0.342,0.0196,0.0655,3.2,872,0.111,1537.4,251.2,55.7,Sand,1,4.0687,1438.9,98.6,94.39,0.06142,0.675,465.14,2.77,97.64,0
3.096,2.23,0.578,0.0336,0.0229,6.6,517,0.209,1510.7,82.4,12.1,Permanent,0,3.8508,1445.5,65.3,62.43,0.02012,0.329,14.73,40.0,74.36,0
3.107,1.869,0.609,0.0764,0.0555,16.1,582,0.241,1562.4,85.3,39.5,Permanent,0,3.7557,1448.0,114.3,91.29,0.04024,0.371,156.37,9.45,86.2,0
4.188,2.711,0.306,0.0831,0.047,14.2,1215,0.174,1539.5,64.2,68.7,Permanent,0,5.12,1411.0,128.4,287.35,0.03538,0.402,472.35,3.12,44.72,1
3.366,2.844,0.77,0.054,0.0385,11.6,332,0.203,1607.7,130.7,29.3,Permanent,0,4.3317,1433.0,174.7,25.05,0.03052,0.403,86.01,17.17,74.45,0
3.735,2.677,0.319,0.0478,0.0598,7.6,743,0.138,1550.5,150.8,44.3,Permanent,0,4.6431,1424.0,126.4,84.97,0.05139,0.639,195.86,7.15,98.49,0
3.339,2.164,0.403,0.0357,0.0749,4.6,655,0.101,1533.4,286.3,50.6,Sand,1,4.0726,1439.2,94.2,48.23,0.06834,0.788,384.33,3.25,92.62,0
3.394,2.499,0.498,0.0283,0.0699,2.5,808,0.153,1550.3,229.9,32.3,Die,2,4.2368,1435.0,115.4,111.78,0.06645,0.838,83.23,15.87,98.64,0
3.666,2.698,0.499,0.0396,0.0621,7.5,816,0.147,1539.2,204.3,40.6,Sand,1,4.5784,1425.8,113.5,109.14,0.05344,0.578,247.41,5.4,100.0,0
3.348,2.175,0.335,0.0368,0.0707,7.9,776,0.142,1516.8,280.8,49.1,Die,2,4.0855,1438.8,78.0,95.52,0.06037,0.66,192.8,6.41,100.0,0
3.643,2.581,0.331,0.0129,0.0399,7.2,809,0.081,1553.4,168.9,18.7,Sand,1,4.5077,1427.3,126.1,59.05,0.03451,0.444,52.2,26.52,100.0,0
3.345,2.143,0.293,0.02,0.0554,6.2,747,0.162,1532.6,206.6,45.5,Permanent,0,4.0656,1439.2,93.4,101.07,0.04892,0.633,206.59,6.42,100.0,0
3.72,2.184,0.456,0.0882,0.0374,5.3,1596,0.06,1524.8,83.6,49.3,Sand,1,4.477,1428.4,96.4,170.78,0.03366,0.484,364.35,3.96,82.0,0
3.662,2.225,0.273,0.0234,0.0571,3.6,538,0.101,1528.9,180.8,52.3,Permanent,0,4.4116,1429.7,99.2,32.69,0.05306,0.708,273.45,4.93,100.0,0
4.179,1.782,0.191,0.0257,0.0332,10.9,1273,0.136,1532.4,121.8,7.2,Permanent,0,4.7819,1418.7,113.6,245.63,0.02668,0.381,5.24,40.0,55.58,1
3.684,2.05,0.406,0.0197,0.0702,3.6,706,0.12,1518.9,198.9,26.9,Permanent,0,4.3736,1430.5,88.5,66.55,0.06541,0.78,72.13,18.3,100.0,0
3.787,2.304,0.453,0.0286,0.0683,7.2,546,0.149,1552.4,160.1,20.5,Permanent,0,4.5644,1425.5,126.9,49.87,0.05915,0.649,41.86,33.27,100.0,0
3.953,3.049,0.275,0.0727,0.026,5.2,491,0.241,1567.3,94.6,20.5,Sand,1,4.994,1414.9,152.4,65.06,0.02343,0.436,62.87,23.42,72.47,0
3.742,2.627,0.367,0.048,0.0449,2.6,552,0.141,1551.8,169.9,59.8,Sand,1,4.6337,1424.2,127.6,47.85,0.04261,0.612,536.03,2.58,100.0,0
3.436,2.558,0.406,0.0483,0.0737,5.7,688,0.167,1507.4,157.3,48.9,Permanent,0,4.3044,1433.3,74.0,88.61,0.06579,0.789,239.58,5.63,97.59,0
3.774,2.14,0.426,0.0122,0.0471,7.4,506,0.146,1500.6,292.9,30.0,Permanent,0,4.4917,1427.2,73.4,41.8,0.04055,0.457,90.04,13.41,100.0,0
3.57,2.673,0.513,0.0174,0.0584,5.7,582,0.151,1545.0,285.9,56.6,Die,2,4.4668,1428.7,116.3,57.2,0.0521,0.648,256.36,4.91,100.0,0
3.837,3.036,0.365,0.0397,0.0341,16.0,437,0.204,1448.7,135.7,12.1,Permanent,0,4.862,1418.3,30.4,43.49,0.02476,0.256,14.54,40.0,73.37,0
3.706,1.98,0.352,0.0236,0.0509,4.4,699,0.116,1556.9,192.3,46.5,Sand,1,4.3743,1430.4,126.6,63.13,0.04665,0.597,324.81,4.2,100.0,0
3.438,2.1,0.353,0.0201,0.0688,6.0,762,0.095,1525.7,284.2,52.9,Permanent,0,4.1449,1436.9,88.7,61.58,0.06105,0.773,279.42,4.44,100.0,0
3.362,2.33,0.334,0.0167,0.0537,2.5,678,0.115,1510.0,163.5,30.3,Permanent,0,4.1447,1437.2,72.8,58.92,0.05104,0.663,92.03,14.63,100.0,0
3.653,2.037,0.334,0.011,0.0622,7.8,624,0.097,1525.1,242.9,56.0,Permanent,0,4.3357,1431.4,93.7,42.26,0.05327,0.536,313.14,4.09,100.0,0
4.103,1.617,0.42,0.0273,0.0383,5.3,1516,0.207,1510.3,76.8,59.0,Sand,1,4.6507,1422.2,88.1,532.49,0.03445,0.533,521.62,2.75,8.8,1
3.601,2.649,0.402,0.0348,0.0671,7.9,545,0.125,1526.8,185.1,51.9,Die,2,4.4955,1428.0,98.8,41.43,0.05736,0.698,215.27,6.23,100.0,0
3.417,2.513,0.442,0.0271,0.0632,7.9,735,0.141,1538.5,156.7,39.0,Die,2,4.2636,1434.2,104.3,84.92,0.05397,0.647,121.8,11.35,100.0,0
3.285,2.067,0.586,0.0781,0.0495,9.1,407,0.177,1492.9,154.3,76.3,Sand,1,3.9994,1441.5,51.4,32.81,0.04125,0.43,873.98,1.53,91.06,0
3.577,2.095,0.36,0.0397,0.05,6.3,545,0.127,1534.7,206.6,54.5,Die,2,4.2888,1433.1,101.6,42.32,0.04407,0.571,237.29,5.6,100.0,0
4.002,2.71,0.173,0.0631,0.0563,11.7,450,0.066,1535.3,146.2,78.3,Permanent,0,4.9262,1416.3,119.0,14.96,0.04459,0.461,613.69,2.26,86.43,0
3.711,2.119,0.373,0.0264,0.0418,7.7,730,0.107,1518.0,232.2,57.1,Sand,1,4.4261,1429.1,88.9,63.46,0.03587,0.547,489.86,2.62,100.0,0
4.172,2.129,0.679,0.0614,0.0379,15.8,261,0.155,1527.8,79.5,14.1,Permanent,0,4.9028,1416.1,111.7,11.79,0.02767,0.283,19.92,40.0,71.08,0
3.626,2.063,0.52,0.0439,0.0682,2.8,828,0.168,1506.8,258.4,15.5,Permanent,0,4.328,1432.0,74.8,129.18,0.06447,0.801,24.15,40.0,93.05,0
3.56,2.268,0.404,0.0236,0.0596,7.7,580,0.099,1541.4,268.9,11.5,Die,2,4.3234,1432.2,109.2,37.4,0.05106,0.618,10.49,40.0,100.0,0
3.757,2.38,0.432,0.0225,0.0535,6.6,777,0.158,1517.5,277.6,55.7,Sand,1,4.5581,1425.8,91.7,106.74,0.04684,0.625,464.6,2.67,100.0,0
3.763,2.226,0.482,0.0351,0.0694,4.3,726,0.099,1511.4,244.2,24.1,Permanent,0,4.5163,1426.8,84.6,58.09,0.06375,0.82,58.16,21.79,100.0,0
3.662,2.409,0.544,0.0407,0.0574,5.7,692,0.123,1531.4,211.2,13.1,Permanent,0,4.4783,1428.2,103.2,66.13,0.05118,0.635,17.19,40.0,100.0,0
3.571,2.052,0.314,0.0497,0.0521,4.5,793,0.15,1529.6,205.7,44.8,Permanent,0,4.2713,1433.6,96.0,105.07,0.04761,0.581,200.26,6.61,99.18,0
3.32,2.401,0.316,0.0253,0.0553,7.4,515,0.15,1527.0,204.9,48.7,Permanent,0,4.1283,1437.8,89.1,44.53,0.04769,0.65,237.65,5.56,97.81,0
3.679,2.547,0.508,0.0149,0.0429,3.1,592,0.134,1552.8,191.0,16.7,Permanent,0,4.5328,1426.6,126.2,52.58,0.04031,0.572,28.05,40.0,100.0,0
3.32,2.984,0.65,0.0824,0.0258,8.6,1581,0.145,1547.5,53.2,81.5,Sand,1,4.3423,1433.2,114.4,404.22,0.02173,0.386,995.42,1.5,18.79,1
3.006,1.832,0.202,0.0889,0.0435,7.0,260,0.238,1478.4,128.2,35.2,Permanent,0,3.6461,1451.2,27.2,17.94,0.03783,0.497,123.62,10.92,73.64,0
3.371,2.064,0.329,0.0463,0.0621,5.8,702,0.092,1548.6,278.5,53.8,Sand,1,4.0749,1439.1,109.6,50.74,0.05533,0.667,433.98,2.93,99.77,0
3.91,2.865,0.208,0.0302,0.0373,16.5,213,0.2,1556.8,86.4,60.2,Die,2,4.8753,1417.6,139.2,10.11,0.02679,0.221,290.04,5.07,68.08,0
3.455,2.504,0.478,0.0326,0.0592,4.6,564,0.116,1514.3,163.6,30.5,Permanent,0,4.3006,1433.2,81.1,41.34,0.05404,0.672,92.97,14.53,100.0,0
4.178,2.754,0.375,0.0536,0.0496,9.4,1257,0.128,1601.3,82.6,32.1,Die,2,5.1136,1411.0,190.3,226.23,0.04108,0.521,82.44,18.42,38.36,1
4.153,2.375,0.307,0.0909,0.0523,11.9,405,0.075,1468.7,97.9,80.0,Sand,1,4.9748,1414.7,53.9,13.78,0.04123,0.431,960.22,1.43,78.46,0
3.644,2.225,0.297,0.0321,0.0499,5.2,559,0.163,1517.4,292.0,33.3,Sand,1,4.3965,1430.2,87.2,56.81,0.04501,0.647,165.87,7.39,100.0,0
3.596,2.841,0.593,0.059,0.0346,9.9,455,0.193,1475.6,114.3,62.2,Permanent,0,4.5633,1426.6,49.0,44.7,0.0284,0.456,386.57,3.52,89.57,0
3.477,2.225,0.762,0.0651,0.0317,11.9,1491,0.156,1547.7,132.9,85.9,Sand,1,4.2402,1434.8,112.9,388.51,0.025,0.339,1105.88,1.28,36.58,1
3.791,2.51,0.459,0.0348,0.0407,5.8,834,0.161,1511.0,263.3,34.1,Permanent,0,4.6388,1423.8,87.2,125.4,0.03623,0.533,116.48,10.71,98.91,0
3.435,2.233,0.396,0.038,0.0543,6.9,879,0.082,1508.2,241.8,40.8,Sand,1,4.1925,1435.9,72.2,71.02,0.04731,0.605,249.46,5.08,100.0,0
3.776,2.345,0.43,0.0457,0.0532,7.7,716,0.081,1517.5,212.6,49.9,Permanent,0,4.5725,1425.5,92.0,46.37,0.04559,0.546,248.88,5.24,100.0,0
3.336,2.579,0.444,0.0117,0.073,6.5,584,0.155,1500.4,278.1,13.4,Permanent,0,4.1996,1436.0,64.5,58.97,0.06417,0.703,17.85,40.0,100.0,0
3.458,1.97,0.542,0.0383,0.0533,6.4,734,0.132,1531.9,289.2,56.4,Permanent,0,4.1272,1437.4,94.5,79.48,0.04695,0.563,318.52,3.9,98.67,0
3.147,2.578,0.486,0.04,0.0356,14.9,526,0.189,1468.3,138.1,79.2,Permanent,0,4.0192,1441.3,27.0,58.53,0.02648,0.256,627.46,2.12,73.18,0
3.508,1.926,0.419,0.0125,0.0569,3.1,832,0.16,1512.4,223.6,58.2,Sand,1,4.1544,1436.4,76.1,123.75,0.05346,0.672,507.89,2.54,94.52,0
3.671,2.548,0.474,0.0466,0.0473,7.1,807,0.161,1548.4,184.7,24.4,Permanent,0,4.5354,1426.8,121.6,117.32,0.04102,0.577,59.73,22.83,98.2,0
3.595,1.836,0.166,0.0548,0.0449,15.8,1393,0.125,1547.6,148.7,55.9,Permanent,0,4.2251,1434.7,112.9,270.79,0.03274,0.321,311.93,4.48,70.78,0
4.034,2.293,0.445,0.099,0.0579,9.0,1529,0.084,1520.0,86.6,63.3,Permanent,0,4.8314,1418.7,101.3,219.0,0.04838,0.588,400.97,3.57,70.3,0
3.396,2.43,0.476,0.0987,0.0222,12.0,1451,0.073,1599.0,146.1,20.8,Permanent,0,4.2384,1435.5,163.5,172.94,0.01748,0.295,43.08,33.73,61.04,1
3.057,2.215,0.259,0.0511,0.0261,8.3,1361,0.215,1562.6,89.6,68.1,Die,2,3.8122,1446.7,115.9,445.53,0.02213,0.372,371.33,3.97,3.7,1
3.724,2.199,0.301,0.0436,0.049,6.7,621,0.132,1557.0,270.3,11.2,Permanent,0,4.471,1428.2,128.9,56.76,0.04286,0.569,12.49,40.0,98.01,0
3.735,2.694,0.545,0.0392,0.0683,4.4,644,0.166,1506.7,286.3,54.2,Permanent,0,4.6464,1423.9,82.8,76.96,0.06255,0.702,293.89,4.15,100.0,0
3.009,2.168,0.294,0.0434,0.0524,12.3,1282,0.223,1505.7,102.6,30.2,Permanent,0,3.7464,1448.4,57.3,409.52,0.04096,0.462,91.45,15.34,27.04,1
3.094,3.102,0.507,0.0323,0.0288,13.2,1274,0.138,1469.4,103.1,52.8,Die,2,4.1391,1438.5,30.9,250.04,0.0221,0.27,222.72,6.14,39.84,1
3.772,2.453,0.455,0.0356,0.0471,6.6,597,0.144,1508.5,199.9,10.0,Die,2,4.602,1424.7,83.8,57.59,0.04127,0.595,8.01,40.0,100.0,0
3.659,2.239,0.26,0.0195,0.0709,6.7,638,0.133,1524.8,173.3,32.3,Permanent,0,4.4122,1429.6,95.2,60.43,0.06202,0.729,104.1,12.98,100.0,0
3.126,1.523,0.348,0.0241,0.0413,14.6,1411,0.164,1577.2,138.5,70.0,Sand,1,3.6418,1450.3,126.9,365.56,0.03083,0.374,734.07,1.96,33.2,1
4.122,2.099,0.567,0.0698,0.0471,12.5,1339,0.18,1518.0,94.7,87.7,Permanent,0,4.8447,1417.8,100.2,360.69,0.03667,0.415,768.6,1.85,36.15,1
3.088,1.728,0.722,0.0395,0.0557,11.4,1553,0.147,1610.0,94.2,82.7,Permanent,0,3.6774,1449.7,160.3,395.48,0.04436,0.469,683.94,2.22,16.96,1
3.499,1.971,0.47,0.0471,0.0692,4.7,748,0.158,1521.7,293.9,18.6,Permanent,0,4.172,1436.3,85.4,98.97,0.06307,0.74,34.64,35.45,100.0,0
3.723,2.664,0.463,0.0136,0.0701,4.5,894,0.124,1505.9,240.3,58.2,Permanent,0,4.6156,1424.4,81.5,110.92,0.06411,0.699,338.5,3.74,98.3,0
3.115,1.506,0.189,0.0402,0.0551,14.4,1333,0.177,1584.7,110.8,41.4,Permanent,0,3.6309,1450.7,134.0,351.46,0.04127,0.393,171.45,8.6,37.62,1
3.692,2.441,0.413,0.0465,0.0728,7.6,508,0.099,1544.0,185.4,11.4,Permanent,0,4.521,1427.1,116.9,28.62,0.06252,0.645,13.0,40.0,94.44,0
3.683,3.043,0.46,0.0235,0.0278,14.1,1374,0.137,1461.5,105.6,71.8,Die,2,4.7051,1422.5,39.0,289.13,0.02099,0.261,412.96,3.28,37.19,1
3.524,2.516,0.304,0.0479,0.0634,2.6,862,0.087,1525.7,192.1,15.3,Die,2,4.3789,1431.2,94.5,71.95,0.06023,0.792,18.64,40.0,100.0,0
3.621,2.213,0.405,0.0405,0.0698,6.3,509,0.131,1548.0,204.7,16.4,Die,2,4.3719,1430.9,117.1,37.88,0.0615,0.701,21.39,40.0,99.38,0
3.939,2.293,0.723,0.0872,0.0588,13.1,1525,0.247,1523.5,142.5,71.9,Permanent,0,4.7327,1421.4,102.2,643.21,0.04524,0.436,517.05,2.67,0.0,1
3.637,2.817,0.271,0.0747,0.0575,11.3,281,0.107,1520.0,140.5,63.0,Permanent,0,4.6008,1425.6,94.4,9.38,0.04584,0.534,396.72,3.48,89.71,0
3.725,2.479,0.309,0.015,0.0382,5.7,651,0.168,1512.2,233.9,49.7,Permanent,0,4.5564,1425.9,86.3,79.69,0.03411,0.432,246.97,5.18,97.39,0
3.562,2.241,0.384,0.0328,0.0459,6.8,609,0.129,1504.2,278.3,15.7,Die,2,4.3194,1432.3,71.9,53.57,0.04004,0.485,19.76,40.0,100.0,0
3.006,1.585,0.256,0.0844,0.0474,5.5,341,0.121,1609.9,92.4,30.2,Permanent,0,3.5621,1453.2,156.8,15.76,0.0425,0.583,91.07,16.66,67.87,0
4.159,2.941,0.54,0.0939,0.0549,15.2,433,0.176,1515.3,146.5,55.2,Permanent,0,5.1705,1410.0,105.2,36.92,0.04046,0.455,304.83,4.49,92.64,0
3.615,2.182,0.256,0.0182,0.0529,7.4,716,0.086,1529.0,222.8,14.3,Die,2,4.3482,1431.3,97.6,49.36,0.0456,0.56,16.3,40.0,98.71,0
3.698,1.728,0.353,0.0699,0.033,10.4,508,0.067,1544.7,50.1,29.0,Die,2,4.2972,1432.6,112.1,19.41,0.02682,0.299,67.19,22.25,77.21,0
3.456,1.514,0.206,0.0893,0.0474,13.1,1280,0.165,1512.9,93.4,84.8,Permanent,0,3.9909,1441.1,71.8,302.71,0.03649,0.414,719.11,1.97,49.38,1
3.846,2.558,0.426,0.0267,0.0369,8.8,467,0.153,1490.5,138.9,5.6,Sand,1,4.7075,1421.9,68.7,37.39,0.03092,0.505,4.64,40.0,91.52,0
3.678,2.994,0.575,0.0395,0.0521,15.1,1537,0.09,1522.7,127.2,43.6,Permanent,0,4.689,1423.1,99.6,239.02,0.03855,0.437,190.2,7.34,73.92,0
3.101,2.496,0.67,0.0823,0.0471,13.0,1349,0.064,1586.5,144.5,30.9,Permanent,0,3.9602,1443.2,143.2,130.81,0.03634,0.389,95.29,15.13,81.22,0
3.058,2.799,0.569,0.0612,0.0569,9.3,367,0.173,1484.1,103.2,19.0,Die,2,4.0113,1442.0,42.2,26.05,0.04724,0.54,29.0,40.0,82.0,0
3.343,2.237,0.406,0.0397,0.0656,2.6,790,0.12,1545.5,197.7,51.2,Die,2,4.1019,1438.5,107.0,83.69,0.06225,0.796,209.87,6.42,100.0,0
3.52,2.545,0.685,0.049,0.0325,14.1,555,0.146,1493.9,71.1,19.1,Sand,1,4.385,1431.1,62.8,50.28,0.02451,0.32,54.47,26.12,82.14,0
3.751,1.573,0.458,0.0708,0.0371,15.2,337,0.245,1539.0,63.3,41.7,Permanent,0,4.299,1432.4,106.6,31.11,0.02732,0.237,174.05,8.48,85.87,0
3.678,2.04,0.425,0.0271,0.0471,5.5,669,0.107,1506.4,248.3,19.2,Permanent,0,4.3671,1430.7,75.7,53.63,0.04218,0.574,36.99,34.02,99.15,0
3.606,2.581,0.513,0.0451,0.0384,2.4,675,0.122,1546.7,215.2,52.1,Permanent,0,4.4817,1428.4,118.3,62.07,0.03656,0.626,271.35,4.91,100.0,0
3.734,2.635,0.289,0.0195,0.0486,5.7,623,0.179,1501.3,294.3,46.3,Permanent,0,4.6189,1424.4,76.9,77.66,0.04333,0.57,213.99,5.64,100.0,0
3.461,2.271,0.549,0.0289,0.0413,3.7,500,0.104,1547.8,243.5,32.8,Permanent,0,4.2274,1434.9,112.9,29.02,0.03838,0.554,107.41,12.14,99.86,0
3.437,2.599,0.359,0.0219,0.056,4.6,543,0.127,1506.5,195.7,43.8,Sand,1,4.3108,1433.0,73.6,41.95,0.05109,0.725,287.28,4.56,100.0,0
3.308,2.458,0.454,0.0191,0.0582,6.1,555,0.132,1506.1,192.4,14.8,Sand,1,4.1331,1437.7,68.4,45.35,0.05154,0.637,32.65,40.0,100.0,0
3.684,2.025,0.502,0.042,0.0666,6.9,544,0.16,1503.5,270.4,21.6,Permanent,0,4.3735,1430.6,72.8,52.83,0.0581,0.706,46.69,26.41,100.0,0
3.721,2.583,0.422,0.0158,0.0389,3.9,558,0.116,1542.2,239.1,29.4,Die,2,4.5872,1425.2,117.1,40.56,0.03594,0.575,68.97,18.89,96.49,0
3.64,2.231,0.396,0.0411,0.0479,4.4,563,0.125,1522.2,255.4,28.9,Permanent,0,4.3974,1430.2,91.9,44.27,0.04391,0.61,83.25,15.22,100.0,0
3.37,2.441,0.397,0.0114,0.0671,5.5,768,0.087,1535.5,283.7,27.8,Sand,1,4.1876,1436.1,99.4,57.69,0.06006,0.681,116.05,10.79,100.0,0
3.335,2.429,0.301,0.0212,0.0415,2.5,602,0.113,1550.0,289.0,52.5,Sand,1,4.1522,1437.2,112.8,45.92,0.03943,0.521,413.7,3.05,100.0,0
3.303,2.673,0.524,0.0311,0.0466,5.0,764,0.124,1538.9,199.4,50.6,Permanent,0,4.2041,1436.1,102.8,81.05,0.04218,0.549,255.58,5.24,100.0,0
3.643,2.246,0.465,0.0267,0.0723,7.8,704,0.143,1526.6,190.0,37.5,Permanent,0,4.4007,1430.0,96.6,79.3,0.06184,0.674,140.8,9.49,100.0,0
3.387,2.618,0.431,0.0415,0.0707,5.8,650,0.157,1530.6,229.1,35.1,Sand,1,4.2733,1434.2,96.4,74.35,0.06293,0.774,185.08,7.03,100.0,0
3.323,2.252,0.296,0.0112,0.0417,5.1,776,0.177,1554.8,174.5,59.2,Permanent,0,4.0776,1438.9,115.8,118.83,0.03768,0.563,350.17,3.94,95.01,0
3.518,2.292,0.323,0.0222,0.0424,7.5,676,0.101,1527.7,169.4,31.6,Permanent,0,4.2894,1433.2,94.5,51.53,0.03651,0.458,99.97,13.59,100.0,0
3.764,2.628,0.526,0.0417,0.0728,5.5,766,0.14,1551.9,223.2,56.5,Permanent,0,4.6538,1423.6,128.3,91.72,0.0653,0.739,318.72,4.17,96.88,0
3.71,2.351,0.502,0.0293,0.0696,4.7,781,0.149,1514.1,185.8,30.9,Sand,1,4.503,1427.3,86.8,101.77,0.06335,0.722,143.41,9.26,100.0,0
3.333,2.316,0.326,0.0199,0.0381,2.3,672,0.142,1508.8,187.1,48.7,Permanent,0,4.1119,1438.1,70.7,71.5,0.0364,0.527,237.0,5.58,100.0,0
3.648,2.174,0.263,0.04,0.0731,5.7,610,0.096,1520.1,210.8,20.5,Sand,1,4.3859,1430.5,89.7,39.83,0.0653,0.745,63.28,20.69,100.0,0
3.514,1.991,0.314,0.0132,0.0578,5.6,687,0.137,1537.7,288.5,14.4,Sand,1,4.1824,1435.7,102.1,72.33,0.0517,0.681,31.28,39.94,100.0,0
3.323,1.657,0.775,0.042,0.0216,9.7,1546,0.182,1564.9,88.4,43.1,Permanent,0,3.8892,1443.7,121.2,485.91,0.01783,0.258,185.94,7.94,0.0,1
3.306,2.331,0.495,0.0273,0.0616,7.3,780,0.163,1502.6,211.4,49.8,Sand,1,4.0918,1438.8,63.8,110.71,0.05319,0.678,371.53,3.48,99.55,0
3.543,2.468,0.476,0.0498,0.0642,6.3,864,0.137,1545.9,155.9,58.6,Permanent,0,4.3822,1431.1,114.8,114.22,0.05665,0.682,343.24,4.05,100.0,0
3.393,2.587,0.269,0.0323,0.0646,2.9,873,0.086,1510.9,225.9,39.4,Permanent,0,4.2659,1434.3,76.6,73.16,0.06098,0.765,155.35,8.27,100.0,0
3.71,2.358,0.371,0.0262,0.0547,3.5,604,0.13,1552.0,175.6,17.3,Permanent,0,4.5043,1427.3,124.7,53.03,0.05105,0.661,29.84,40.0,100.0,0
3.767,2.074,0.347,0.016,0.068,3.5,690,0.143,1541.4,179.7,48.9,Permanent,0,4.4632,1427.9,113.4,75.88,0.06345,0.774,238.9,5.7,100.0,0
3.478,2.216,0.273,0.0314,0.0395,4.1,504,0.144,1536.0,153.5,39.7,Permanent,0,4.2267,1434.9,101.1,40.76,0.03641,0.542,157.34,8.79,100.0,0
3.358,2.521,0.336,0.0276,0.048,7.7,521,0.119,1557.8,288.5,35.0,Sand,1,4.2078,1435.8,122.0,35.91,0.04111,0.532,183.91,6.9,100.0,0
3.853,1.668,0.396,0.0648,0.0358,8.2,354,0.206,1505.1,117.1,75.2,Sand,1,4.4303,1428.8,76.3,28.83,0.03036,0.413,848.1,1.64,87.12,0
3.703,2.297,0.421,0.0317,0.0449,5.8,752,0.138,1531.6,279.9,51.9,Permanent,0,4.4795,1427.9,103.7,87.1,0.03998,0.574,269.04,4.65,100.0,0
3.592,2.187,0.491,0.0268,0.0456,5.5,678,0.15,1518.2,167.0,10.0,Die,2,4.3293,1431.9,86.2,76.93,0.04081,0.474,8.07,40.0,98.43,0
3.458,1.452,0.74,0.0798,0.0495,10.5,268,0.205,1588.7,68.3,12.2,Sand,1,3.9689,1441.6,147.2,16.5,0.04007,0.508,22.3,40.0,72.28,0
3.41,2.332,0.274,0.0114,0.0634,4.8,830,0.147,1531.4,261.8,16.6,Permanent,0,4.1917,1435.8,95.6,113.33,0.05768,0.728,27.44,40.0,98.36,0
3.587,2.514,0.773,0.0821,0.0396,9.2,1172,0.121,1469.2,102.6,27.4,Sand,1,4.452,1429.5,39.8,185.88,0.03298,0.462,112.66,12.13,71.99,0
3.402,2.334,0.263,0.0307,0.0441,6.6,828,0.083,1545.3,206.6,43.5,Die,2,4.1897,1436.1,109.3,63.65,0.03871,0.543,151.7,8.82,100.0,0
3.504,2.552,0.391,0.0493,0.0562,5.1,893,0.157,1505.5,150.5,58.7,Die,2,4.3705,1431.5,74.0,140.32,0.05073,0.656,275.3,4.92,96.34,0
3.119,3.122,0.507,0.0269,0.0341,11.8,501,0.171,1478.6,118.9,29.1,Permanent,0,4.1684,1437.7,40.9,47.9,0.02691,0.383,84.76,16.04,82.29,0
3.836,1.873,0.479,0.0986,0.0488,6.0,574,0.126,1585.1,91.4,46.5,Die,2,4.493,1427.6,157.5,46.51,0.04327,0.586,173.24,8.62,88.45,0
3.462,2.512,0.422,0.0599,0.0585,16.8,202,0.053,1538.7,84.8,62.7,Die,2,4.3195,1433.0,105.7,2.4,0.0418,0.382,314.05,4.63,83.7,0
3.766,2.458,0.257,0.0484,0.0418,6.9,568,0.147,1557.0,157.4,39.4,Permanent,0,4.6017,1424.9,132.2,53.12,0.03641,0.476,155.36,9.01,100.0,0
3.124,1.628,0.373,0.0624,0.0213,16.3,207,0.191,1596.7,67.7,61.9,Permanent,0,3.6873,1449.5,147.1,9.15,0.01539,0.191,383.64,3.99,49.68,1
3.622,2.648,0.34,0.0306,0.069,2.5,594,0.119,1501.7,192.8,26.0,Die,2,4.5146,1427.4,74.3,47.12,0.06563,0.859,54.05,24.22,99.33,0
3.708,2.696,0.391,0.0442,0.0625,2.5,512,0.136,1523.6,241.5,60.0,Permanent,0,4.6215,1424.6,99.0,39.99,0.05939,0.783,359.45,3.57,100.0,0
3.356,2.366,0.475,0.034,0.0449,3.7,533,0.179,1531.0,280.7,27.4,Sand,1,4.1561,1437.1,93.9,56.74,0.0417,0.613,112.71,11.09,100.0,0
3.665,1.987,0.678,0.0876,0.0218,14.6,347,0.108,1543.2,134.4,18.3,Sand,1,4.3567,1431.5,111.8,14.54,0.01631,0.102,50.04,28.15,72.83,0
3.848,2.151,0.223,0.0454,0.052,12.8,524,0.062,1548.3,60.5,43.1,Permanent,0,4.5805,1425.0,123.2,19.04,0.04025,0.38,185.42,8.02,88.37,0
3.771,2.429,0.465,0.0479,0.0418,3.7,766,0.173,1548.0,168.6,26.9,Permanent,0,4.5963,1425.0,123.0,113.74,0.03885,0.584,72.22,19.1,100.0,0
3.716,2.15,0.429,0.0372,0.0382,7.9,837,0.144,1550.5,276.9,54.1,Die,2,4.445,1428.8,121.8,113.04,0.03264,0.506,234.23,5.44,94.87,0
3.493,2.448,0.468,0.0323,0.0637,6.3,553,0.154,1513.1,208.0,32.6,Sand,1,4.3195,1432.6,80.5,52.56,0.0562,0.651,159.7,8.17,99.45,0
3.329,2.679,0.41,0.0281,0.0524,5.0,879,0.09,1524.2,188.2,51.9,Sand,1,4.2313,1435.4,88.9,77.41,0.04735,0.621,403.81,3.31,100.0,0
3.536,2.024,0.418,0.0315,0.0659,5.7,661,0.119,1556.9,288.4,58.5,Sand,1,4.2213,1434.8,122.1,58.33,0.05884,0.682,513.02,2.47,100.0,0
4.122,2.21,0.512,0.0864,0.0555,9.2,1434,0.25,1504.8,138.0,78.4,Permanent,0,4.8871,1416.9,87.9,574.52,0.04616,0.499,614.77,2.22,0.0,1
3.661,1.767,0.574,0.0786,0.0571,5.9,452,0.082,1479.9,105.3,18.4,Sand,1,4.2765,1433.3,46.6,18.85,0.05079,0.615,50.83,27.04,85.35,0
3.356,2.085,0.511,0.045,0.0518,7.3,773,0.129,1527.5,197.3,25.3,Die,2,4.0657,1439.4,88.1,86.2,0.04474,0.569,51.2,25.98,100.0,0
3.469,2.357,0.425,0.03,0.0563,5.8,576,0.104,1518.1,287.9,40.2,Permanent,0,4.2647,1434.0,84.1,38.43,0.05013,0.697,162.0,7.59,96.88,0
3.495,2.884,0.309,0.0658,0.0267,11.3,201,0.055,1470.2,88.9,73.2,Sand,1,4.4787,1429.1,41.1,2.49,0.02134,0.311,804.62,1.72,63.9,0
3.663,2.669,0.289,0.0487,0.0437,2.7,849,0.147,1532.4,200.2,40.9,Permanent,0,4.5689,1426.1,106.3,118.18,0.04135,0.605,166.89,7.98,98.37,0
3.627,2.015,0.461,0.0309,0.0432,2.6,531,0.146,1537.4,262.6,22.0,Permanent,0,4.3087,1432.3,105.1,45.97,0.04104,0.663,48.46,26.31,100.0,0
3.676,2.234,0.452,0.0442,0.0381,7.9,522,0.103,1527.3,189.0,10.1,Sand,1,4.4349,1429.2,98.1,31.39,0.03246,0.48,15.34,40.0,95.72,0
3.327,2.611,0.367,0.0238,0.0738,4.6,555,0.172,1547.0,210.1,30.1,Die,2,4.2055,1435.9,111.0,59.09,0.06733,0.809,72.63,18.41,100.0,0
4.116,2.942,0.446,0.0753,0.031,15.7,1232,0.068,1444.7,108.2,20.1,Sand,1,5.1218,1411.2,33.5,115.62,0.02267,0.287,60.81,21.98,62.27,0
3.479,1.612,0.349,0.0805,0.0443,13.3,345,0.163,1549.8,62.0,68.0,Sand,1,4.043,1439.7,110.1,21.71,0.03397,0.37,692.97,2.15,83.8,0
3.066,1.899,0.31,0.0847,0.0218,7.1,527,0.135,1492.2,65.6,42.7,Sand,1,3.7274,1449.0,43.3,41.83,0.01892,0.362,273.66,5.21,66.56,0
3.594,1.969,0.399,0.0407,0.0715,3.3,658,0.173,1532.9,265.5,41.6,Sand,1,4.2638,1433.6,99.2,83.89,0.06684,0.817,259.7,4.88,98.55,0
3.618,2.189,0.351,0.025,0.0642,7.6,752,0.179,1509.4,264.4,15.5,Permanent,0,4.3563,1431.2,78.2,113.53,0.05512,0.625,23.93,40.0,98.09,0
3.746,1.991,0.271,0.0117,0.0681,7.7,804,0.096,1509.1,253.0,44.2,Permanent,0,4.4135,1429.2,79.9,69.24,0.0584,0.66,195.57,6.42,100.0,0
3.657,2.118,0.397,0.041,0.0705,5.0,838,0.128,1536.3,161.2,33.9,Permanent,0,4.3762,1430.7,105.6,100.39,0.06386,0.743,114.79,11.98,100.0,0
3.573,3.136,0.469,0.0357,0.0214,13.0,1199,0.177,1565.8,79.1,77.9,Permanent,0,4.6306,1424.9,140.9,284.4,0.01651,0.204,606.46,2.45,36.62,1
3.564,2.461,0.326,0.0145,0.0721,4.0,685,0.165,1520.7,207.9,34.7,Permanent,0,4.3886,1430.5,90.1,86.47,0.0666,0.844,120.11,10.93,100.0,0
3.45,2.639,0.471,0.0222,0.0684,6.0,532,0.177,1502.8,156.8,53.1,Permanent,0,4.337,1432.3,70.5,55.94,0.0607,0.694,282.07,4.77,100.0,0
3.511,2.643,0.445,0.0271,0.047,4.2,722,0.105,1528.0,203.3,18.9,Permanent,0,4.4009,1430.6,97.5,61.29,0.04323,0.573,35.75,37.06,94.96,0
3.635,1.986,0.325,0.0169,0.0416,2.3,861,0.115,1540.7,192.5,39.6,Permanent,0,4.3021,1432.3,108.3,95.24,0.0397,0.612,157.11,8.58,100.0,0
3.344,2.132,0.332,0.0451,0.0731,4.3,655,0.123,1503.9,282.7,47.6,Permanent,0,4.0699,1439.3,64.6,59.1,0.06706,0.85,226.11,5.4,94.02,0
3.786,2.378,0.373,0.0128,0.0666,7.7,821,0.12,1544.3,264.2,18.6,Sand,1,4.5823,1425.0,119.3,90.18,0.05706,0.631,51.86,24.69,99.21,0
4.025,2.502,0.397,0.0493,0.0489,13.9,1451,0.194,1529.6,93.7,87.5,Permanent,0,4.8758,1417.3,112.3,457.53,0.03704,0.402,765.61,1.88,18.87,1
4.042,2.778,0.758,0.0838,0.0411,14.3,422,0.227,1553.0,63.6,19.7,Permanent,0,4.9954,1414.6,138.4,45.19,0.0309,0.228,38.64,38.55,75.74,0
3.778,2.328,0.464,0.0454,0.0711,4.3,893,0.094,1552.8,217.9,26.5,Sand,1,4.569,1425.6,127.2,84.27,0.06526,0.849,105.28,12.68,97.11,0
3.798,1.938,0.542,0.0184,0.0434,6.0,556,0.119,1540.5,253.5,14.6,Die,2,4.4498,1428.2,112.4,41.23,0.03853,0.508,16.97,40.0,100.0,0
3.692,2.025,0.328,0.0208,0.0652,5.0,577,0.121,1551.3,153.6,41.9,Sand,1,4.3737,1430.4,120.9,45.05,0.05898,0.598,262.87,5.32,100.0,0
3.538,2.276,0.288,0.0245,0.0608,6.5,504,0.134,1542.6,279.7,22.3,Sand,1,4.3047,1432.7,109.9,38.07,0.05336,0.686,74.28,17.0,100.0,0
3.559,3.007,0.617,0.0253,0.0475,8.4,1360,0.081,1562.1,83.8,52.6,Sand,1,4.5696,1426.3,135.8,167.16,0.0401,0.456,414.76,3.56,80.21,0
3.136,1.939,0.247,0.0794,0.0273,6.7,1440,0.207,1440.6,108.3,50.1,Permanent,0,3.8091,1446.7,-6.1,478.83,0.02389,0.35,250.89,5.31,0.0,1
3.586,2.113,0.417,0.0218,0.0627,7.1,518,0.106,1537.8,231.9,48.5,Die,2,4.2977,1432.7,105.1,31.76,0.05438,0.598,188.42,6.93,100.0,0
3.374,2.227,0.3,0.0694,0.0558,16.7,204,0.052,1473.5,78.2,33.6,Sand,1,4.1399,1437.7,35.8,2.44,0.03995,0.36,169.5,8.23,70.37,0
3.452,2.105,0.329,0.0232,0.0487,2.8,703,0.124,1538.0,234.3,19.9,Permanent,0,4.1618,1436.5,101.5,68.36,0.04601,0.705,39.43,33.07,100.0,0
3.734,2.535,0.304,0.047,0.0549,4.6,862,0.153,1546.1,154.1,52.8,Permanent,0,4.5948,1425.2,120.9,127.35,0.05009,0.588,278.62,5.0,100.0,0
3.792,2.513,0.55,0.041,0.0479,2.3,597,0.143,1527.6,262.8,10.3,Permanent,0,4.6439,1423.7,103.9,57.22,0.04578,0.678,10.61,40.0,100.0,0
3.708,2.025,0.665,0.0692,0.0261,8.9,344,0.246,1518.8,125.2,35.3,Sand,1,4.4062,1430.0,88.8,32.65,0.0219,0.324,186.91,7.46,87.11,0
3.544,2.024,0.735,0.0528,0.0268,6.3,1368,0.114,1468.0,125.9,84.9,Sand,1,4.2362,1434.6,33.5,238.97,0.02363,0.384,1081.12,1.24,54.4,1
4.095,2.64,0.215,0.0896,0.0527,7.0,295,0.1,1466.9,157.9,22.3,Die,2,5.0054,1414.2,52.7,9.7,0.04588,0.562,39.93,32.78,82.55,0
3.636,2.061,0.362,0.019,0.0681,4.6,774,0.177,1522.7,194.5,23.5,Sand,1,4.3297,1431.7,91.0,118.73,0.0621,0.736,82.83,16.03,98.66,0
3.572,2.312,0.251,0.0308,0.0395,7.1,813,0.148,1501.9,225.9,33.6,Die,2,4.3532,1431.5,70.5,109.06,0.03428,0.495,90.13,14.16,98.73,0
3.469,1.918,0.416,0.0302,0.0479,5.0,589,0.087,1518.8,223.3,10.9,Permanent,0,4.1179,1437.5,81.3,33.91,0.0434,0.517,11.98,40.0,100.0,0
3.549,2.493,0.267,0.046,0.0414,5.5,636,0.087,1530.5,172.5,11.1,Permanent,0,4.3951,1430.7,99.8,39.6,0.03708,0.621,12.26,40.0,100.0,0
3.559,1.999,0.508,0.0168,0.0501,2.3,897,0.082,1503.6,156.8,25.6,Permanent,0,4.2308,1434.4,69.2,74.06,0.04791,0.662,65.76,20.48,99.49,0
3.695,2.314,0.33,0.0149,0.0387,7.8,754,0.149,1539.2,164.9,35.7,Permanent,0,4.4718,1428.0,111.2,94.75,0.03316,0.412,127.14,10.81,99.17,0
3.384,2.35,0.283,0.0484,0.0548,5.7,623,0.113,1529.2,271.9,32.2,Sand,1,4.183,1436.5,92.7,49.29,0.04891,0.678,155.98,8.06,100.0,0
3.609,1.972,0.508,0.0377,0.0576,2.7,891,0.084,1524.6,296.7,35.5,Permanent,0,4.2784,1433.2,91.5,74.37,0.05458,0.703,126.28,9.72,100.0,0
3.44,2.26,0.538,0.0117,0.0689,7.1,521,0.119,1528.0,273.2,20.4,Permanent,0,4.1977,1435.6,92.4,36.23,0.05977,0.677,41.53,30.21,99.82,0
3.302,3.029,0.278,0.0736,0.0346,15.9,1467,0.196,1608.5,55.3,24.2,Sand,1,4.3362,1433.3,175.2,472.32,0.02517,0.313,87.86,17.68,0.0,1
3.655,2.161,0.538,0.0406,0.0711,5.2,702,0.176,1519.5,178.8,33.5,Permanent,0,4.3891,1430.4,89.1,96.98,0.06408,0.67,112.05,11.96,97.1,0
3.485,1.94,0.325,0.0101,0.0526,3.4,683,0.093,1523.9,272.6,11.4,Permanent,0,4.135,1436.9,87.0,48.74,0.04917,0.683,12.98,40.0,95.35,0
3.307,2.036,0.327,0.0229,0.0383,7.0,541,0.175,1512.3,153.9,21.6,Sand,1,3.9928,1441.1,71.1,57.23,0.03331,0.484,69.84,19.45,97.64,0
3.758,2.187,0.423,0.0321,0.0575,6.4,869,0.142,1553.4,181.6,32.3,Permanent,0,4.498,1427.3,126.2,119.69,0.05059,0.598,104.1,13.18,98.15,0
3.423,2.092,0.443,0.0125,0.0434,7.9,877,0.153,1524.3,188.0,25.2,Permanent,0,4.1245,1437.4,86.9,131.41,0.03705,0.48,63.42,21.07,91.54,0
3.062,2.091,0.569,0.0556,0.0491,12.2,1573,0.078,1505.4,54.2,60.6,Permanent,0,3.7774,1447.5,57.8,214.93,0.03849,0.41,366.96,3.95,65.93,0
3.653,2.34,0.453,0.0396,0.0701,6.9,650,0.1,1538.1,257.1,55.2,Sand,1,4.4461,1429.0,109.1,47.26,0.06102,0.702,457.05,2.8,100.0,0
3.782,2.061,0.457,0.047,0.059,6.9,756,0.101,1519.2,170.1,57.8,Permanent,0,4.4846,1427.6,91.6,64.37,0.0514,0.631,333.98,4.04,99.33,0
3.588,2.567,0.513,0.0342,0.0692,5.3,850,0.143,1557.2,290.1,15.8,Permanent,0,4.4548,1429.0,128.2,115.84,0.06226,0.684,25.12,40.0,95.33,0
3.544,2.106,0.449,0.0171,0.0723,2.1,725,0.174,1506.3,182.6,53.2,Die,2,4.2515,1433.9,72.4,102.21,0.06929,0.803,226.14,5.85,99.82,0
3.323,1.986,0.276,0.02,0.0552,2.1,596,0.084,1526.6,260.0,31.9,Permanent,0,3.9915,1441.1,85.5,33.4,0.05289,0.625,101.71,12.45,95.72,0
3.746,2.468,0.404,0.0367,0.0699,6.4,886,0.086,1545.7,232.2,18.7,Die,2,4.5803,1425.4,120.3,75.83,0.0615,0.662,27.83,40.0,100.0,0
3.414,2.154,0.336,0.0372,0.053,4.2,687,0.171,1500.6,295.2,49.2,Sand,1,4.1448,1437.2,63.4,90.23,0.0488,0.607,362.4,3.33,100.0,0
3.766,2.792,0.194,0.0667,0.0445,11.1,1431,0.091,1512.4,117.0,65.7,Sand,1,4.7191,1422.2,90.2,207.36,0.03564,0.339,646.77,2.16,74.91,0
3.386,2.696,0.54,0.0228,0.0604,7.9,711,0.101,1539.6,229.1,49.0,Permanent,0,4.292,1433.6,105.9,56.95,0.0516,0.624,240.07,5.46,100.0,0
3.522,2.358,0.416,0.0409,0.0583,6.4,899,0.109,1514.0,247.0,56.4,Sand,1,4.3215,1432.5,81.5,98.24,0.05129,0.656,476.46,2.66,100.0,0
3.758,2.01,0.228,0.0333,0.0218,12.8,1266,0.177,1489.5,148.5,32.4,Permanent,0,4.4387,1428.7,60.8,316.51,0.0169,0.349,104.75,12.8,40.11,1
3.283,1.97,0.574,0.0851,0.0284,12.5,1574,0.134,1577.7,91.2,8.5,Permanent,0,3.9684,1442.3,135.4,370.37,0.02214,0.32,7.26,40.0,22.01,1
4.17,2.747,0.658,0.0298,0.045,13.6,350,0.212,1584.7,93.1,54.7,Permanent,0,5.0951,1411.3,173.5,28.97,0.03426,0.35,299.26,4.98,68.86,0
4.149,2.421,0.391,0.091,0.0284,8.7,1502,0.138,1512.4,123.6,81.2,Sand,1,4.986,1414.5,97.9,347.83,0.02382,0.373,989.78,1.4,33.45,1
3.43,2.591,0.281,0.0142,0.0402,2.4,598,0.15,1510.4,248.0,53.1,Sand,1,4.2985,1433.2,77.2,59.79,0.03837,0.602,422.79,2.99,100.0,0
3.34,2.608,0.293,0.0115,0.0493,5.1,642,0.151,1511.9,259.2,10.3,Permanent,0,4.2137,1435.6,76.3,69.54,0.04448,0.607,10.62,40.0,98.28,0
3.744,2.647,0.53,0.0391,0.0648,5.9,789,0.161,1534.6,161.0,39.3,Sand,1,4.6388,1424.0,110.6,112.07,0.05763,0.646,231.77,5.93,100.0,0
3.363,3.111,0.54,0.0351,0.0447,14.6,1334,0.055,1562.8,128.6,31.5,Permanent,0,4.4114,1431.0,131.8,108.41,0.03337,0.417,99.06,14.48,95.25,0
3.175,3.163,0.767,0.0283,0.0464,9.9,299,0.074,1587.0,128.6,31.7,Permanent,0,4.2389,1435.8,151.2,7.42,0.03811,0.498,100.31,14.54,82.84,0
3.309,2.222,0.356,0.0159,0.0604,5.6,534,0.139,1533.3,191.1,34.7,Permanent,0,4.0547,1439.6,93.8,44.38,0.05403,0.704,120.6,11.13,100.0,0
3.547,3.146,0.322,0.0716,0.0515,16.8,1224,0.109,1526.3,141.6,50.6,Permanent,0,4.6193,1425.5,100.8,182.71,0.03681,0.402,256.14,5.41,86.49,0
3.782,2.32,0.271,0.0355,0.06,2.9,508,0.1,1541.1,231.2,37.8,Permanent,0,4.5675,1425.5,115.5,28.72,0.05661,0.756,142.92,9.16,100.0,0
3.669,1.969,0.418,0.0435,0.0613,2.6,800,0.086,1506.1,276.9,21.7,Die,2,4.3395,1431.5,74.6,61.53,0.05818,0.764,37.55,32.73,97.12,0
3.793,2.618,0.273,0.0365,0.0537,4.2,528,0.096,1550.5,299.8,52.8,Permanent,0,4.6783,1422.8,127.6,29.91,0.04935,0.664,278.75,4.49,89.79,0
3.484,2.064,0.406,0.0224,0.0486,6.1,799,0.095,1515.6,205.8,23.5,Die,2,4.1792,1435.9,79.7,67.73,0.04298,0.574,44.28,29.58,100.0,0
3.728,2.151,0.273,0.0121,0.0729,5.6,811,0.156,1521.3,165.0,48.3,Die,2,4.449,1428.4,92.9,115.11,0.06517,0.744,186.29,7.28,99.32,0
3.598,2.405,0.254,0.0445,0.0528,3.6,712,0.111,1539.7,199.3,26.1,Sand,1,4.4143,1430.0,109.7,62.6,0.04911,0.659,102.33,13.1,100.0,0
3.665,2.411,0.419,0.0105,0.064,5.6,785,0.171,1512.8,235.1,28.3,Sand,1,4.4726,1428.1,84.8,118.07,0.05717,0.652,120.25,10.63,100.0,0
3.481,2.587,0.471,0.0155,0.056,4.4,749,0.18,1551.1,170.1,38.8,Sand,1,4.3485,1431.8,119.3,112.95,0.05132,0.694,226.03,6.11,100.0,0
3.778,2.439,0.503,0.0308,0.0602,3.6,711,0.098,1547.7,260.1,21.3,Permanent,0,4.6011,1424.7,123.0,55.48,0.056,0.689,45.53,28.28,100.0,0
3.725,2.682,0.487,0.0343,0.0606,4.8,718,0.101,1533.8,189.9,43.6,Sand,1,4.6302,1424.3,109.5,58.43,0.05509,0.662,284.87,4.72,100.0,0
3.505,2.093,0.406,0.0405,0.0673,6.6,885,0.08,1504.9,235.9,39.3,Permanent,0,4.2162,1435.1,69.8,70.37,0.05892,0.688,154.06,8.24,99.24,0
3.277,1.72,0.415,0.0787,0.0562,8.8,206,0.111,1552.0,152.7,71.5,Permanent,0,3.8765,1444.5,107.6,5.23,0.04709,0.564,510.64,2.74,85.82,0
3.623,2.666,0.393,0.0365,0.046,3.9,887,0.173,1507.3,227.1,10.2,Sand,1,4.5238,1427.2,80.1,152.18,0.04259,0.601,15.49,40.0,89.77,0
3.774,2.647,0.475,0.0194,0.0655,4.9,770,0.148,1508.7,192.4,35.4,Permanent,0,4.6624,1423.2,85.6,97.93,0.05941,0.748,125.58,10.48,100.0,0
3.996,1.926,0.7,0.032,0.0367,16.8,514,0.25,1489.0,95.3,43.4,Sand,1,4.6484,1422.7,66.3,73.79,0.02624,0.325,282.15,4.94,84.0,0
3.577,2.273,0.314,0.011,0.0532,3.3,888,0.123,1556.8,267.5,19.7,Permanent,0,4.3386,1431.7,125.1,108.41,0.0498,0.631,38.99,33.07,98.82,0
3.444,1.921,0.374,0.0434,0.0429,6.6,707,0.082,1536.2,273.1,41.0,Permanent,0,4.099,1438.2,98.0,46.04,0.03756,0.505,168.49,7.5,100.0,0
3.678,2.68,0.516,0.0487,0.0479,4.9,770,0.083,1507.1,277.3,23.2,Permanent,0,4.5881,1425.6,81.5,55.03,0.04344,0.58,53.8,22.86,99.09,0
3.655,2.51,0.426,0.0349,0.0534,6.2,848,0.111,1519.4,287.0,17.9,Permanent,0,4.5028,1427.6,91.8,88.94,0.04711,0.598,32.2,38.28,100.0,0
3.103,1.972,0.482,0.0375,0.0438,10.4,1230,0.154,1443.5,72.9,65.2,Permanent,0,3.7729,1447.3,-3.9,260.81,0.03557,0.45,424.87,3.23,28.77,1
3.854,2.961,0.752,0.0375,0.0345,16.7,510,0.107,1552.0,125.8,19.3,Permanent,0,4.8533,1418.4,133.6,31.22,0.02467,0.222,37.44,38.1,78.66,0
3.711,2.13,0.394,0.0475,0.0531,8.0,800,0.118,1560.0,299.1,26.9,Sand,1,4.4365,1429.1,130.9,84.74,0.0453,0.584,108.25,11.65,98.33,0
3.305,2.526,0.368,0.0129,0.0669,5.9,718,0.175,1509.5,163.9,41.7,Permanent,0,4.1513,1437.3,72.3,100.67,0.05954,0.713,174.31,7.72,100.0,0
3.18,3.119,0.522,0.0462,0.0572,14.9,1410,0.181,1572.2,61.0,44.7,Sand,1,4.2346,1436.0,136.2,402.81,0.04246,0.405,299.27,5.05,25.21,1
3.547,2.401,0.373,0.0377,0.0511,5.5,890,0.108,1531.4,266.5,53.8,Permanent,0,4.3599,1431.5,99.9,95.27,0.04579,0.617,288.99,4.38,100.0,0
3.436,1.942,0.399,0.0166,0.0447,4.5,502,0.124,1534.8,290.9,35.4,Die,2,4.0885,1438.3,96.6,35.1,0.0408,0.556,100.24,12.41,98.42,0
3.334,2.193,0.456,0.0404,0.067,4.1,831,0.081,1524.8,155.3,48.9,Permanent,0,4.0784,1439.1,85.7,62.19,0.0617,0.748,239.29,5.72,100.0,0
4.077,1.63,0.535,0.094,0.0328,13.6,1249,0.172,1536.8,148.6,31.9,Sand,1,4.6519,1422.8,114.0,300.07,0.02497,0.28,152.99,9.07,54.74,1
3.311,2.431,0.531,0.0143,0.0541,4.0,550,0.16,1511.0,262.8,38.0,Die,2,4.126,1437.8,73.2,54.27,0.04994,0.685,115.57,10.8,100.0,0
4.198,1.726,0.619,0.0783,0.0419,17.5,227,0.199,1561.9,73.8,79.4,Sand,1,4.7991,1418.7,143.2,11.5,0.02955,0.283,946.5,1.57,67.69,0
3.593,2.342,0.368,0.0286,0.0703,3.0,594,0.142,1523.1,204.8,33.3,Die,2,4.3836,1430.6,92.4,56.21,0.06624,0.812,88.86,14.84,100.0,0
3.532,2.56,0.164,0.0832,0.0235,6.0,1327,0.189,1513.1,94.1,86.9,Permanent,0,4.4131,1430.6,82.5,372.25,0.02083,0.413,754.59,1.88,27.55,1
4.026,1.95,0.472,0.024,0.0316,5.8,217,0.129,1502.8,127.4,43.2,Die,2,4.6838,1421.7,81.1,6.78,0.02814,0.486,149.36,9.21,85.92,0
3.39,2.139,0.299,0.0408,0.0552,7.6,655,0.127,1548.9,299.9,16.6,Sand,1,4.1161,1438.0,110.9,60.94,0.04745,0.622,41.49,30.1,100.0,0
3.129,2.629,0.303,0.0755,0.0383,17.7,1302,0.178,1545.7,72.2,12.1,Permanent,0,4.0309,1441.3,104.4,337.14,0.02688,0.296,14.61,40.0,34.51,1
3.648,2.424,0.465,0.0255,0.0386,6.2,561,0.154,1503.0,181.4,56.2,Permanent,0,4.4646,1428.5,74.6,54.13,0.03413,0.504,315.59,4.19,100.0,0
3.647,2.631,0.293,0.0142,0.0499,5.3,811,0.154,1531.7,153.5,42.1,Permanent,0,4.5291,1426.8,104.9,113.56,0.04489,0.604,177.4,7.77,100.0,0
3.334,2.084,0.302,0.0202,0.064,7.0,822,0.125,1529.6,296.5,11.5,Sand,1,4.035,1440.0,89.6,94.85,0.0557,0.624,19.71,40.0,100.0,0
3.618,2.663,0.542,0.0473,0.0609,7.7,637,0.082,1554.1,250.6,40.7,Permanent,0,4.5214,1427.4,126.7,36.99,0.05221,0.648,165.69,7.87,95.96,0
3.891,2.624,0.583,0.0286,0.0529,17.0,219,0.184,1597.6,152.0,78.2,Sand,1,4.7748,1420.1,177.5,9.86,0.03769,0.3,917.29,1.58,73.79,0
3.366,1.552,0.322,0.0879,0.0243,5.6,1565,0.124,1577.9,133.7,54.5,Permanent,0,3.9123,1443.3,134.5,340.83,0.02176,0.435,297.42,4.86,31.38,1
3.325,3.076,0.244,0.0613,0.0324,18.0,263,0.165,1558.7,105.1,85.7,Sand,1,4.3709,1432.3,126.4,12.8,0.02259,0.196,1100.52,1.32,72.4,0
3.743,2.629,0.427,0.0299,0.0604,3.9,888,0.108,1508.8,229.5,45.9,Permanent,0,4.6294,1424.2,84.6,95.38,0.05586,0.762,210.57,6.08,100.0,0
3.781,1.584,0.677,0.0318,0.0242,15.7,1224,0.176,1446.3,91.4,66.0,Die,2,4.3198,1431.5,14.9,294.98,0.01769,0.24,348.43,3.89,24.2,1
3.74,2.418,0.361,0.0338,0.0704,6.7,700,0.178,1528.0,258.2,34.3,Sand,1,4.557,1425.9,102.1,97.5,0.06164,0.718,176.75,7.18,100.0,0
3.512,1.929,0.413,0.0271,0.0466,3.1,802,0.159,1506.9,189.1,38.6,Die,2,4.164,1436.2,70.7,114.55,0.0438,0.62,119.12,11.06,97.02,0
3.391,2.283,0.467,0.0116,0.0683,2.8,744,0.116,1519.8,288.1,17.9,Sand,1,4.1557,1436.8,83.0,71.45,0.06463,0.84,48.24,25.53,96.4,0
3.627,2.237,0.348,0.0464,0.0685,6.5,881,0.088,1533.3,298.0,21.6,Permanent,0,4.3883,1430.5,102.8,76.19,0.06022,0.667,46.48,26.58,100.0,0
3.702,1.982,0.517,0.0394,0.0687,6.7,808,0.163,1520.9,180.4,41.8,Permanent,0,4.3754,1430.5,90.4,119.2,0.06015,0.72,174.44,7.68,96.04,0
3.698,2.413,0.377,0.0477,0.0573,6.6,864,0.157,1521.7,184.8,29.1,Sand,1,4.5178,1427.2,94.6,131.36,0.05013,0.642,126.93,10.53,100.0,0
3.507,2.195,0.427,0.0497,0.0538,7.6,848,0.165,1529.6,237.3,55.0,Die,2,4.2552,1434.2,95.4,132.63,0.04627,0.574,241.75,5.35,97.47,0
3.437,2.025,0.414,0.0288,0.0513,6.6,840,0.171,1505.1,187.9,39.6,Permanent,0,4.1213,1437.6,67.5,135.0,0.04497,0.572,156.62,8.41,92.04,0
3.387,1.563,0.569,0.0504,0.0353,7.0,1354,0.065,1490.1,97.4,88.9,Permanent,0,3.9245,1442.7,47.4,132.21,0.03071,0.514,789.44,1.76,76.95,0
3.344,2.515,0.494,0.0369,0.0737,7.6,506,0.097,1512.7,191.4,46.6,Permanent,0,4.1948,1436.2,76.5,27.7,0.06328,0.668,217.42,6.08,94.39,0
3.461,2.282,0.451,0.097,0.0413,11.9,1227,0.209,1501.3,134.1,21.4,Sand,1,4.2545,1434.8,66.5,352.24,0.03257,0.332,68.45,19.97,47.35,1
3.303,1.518,0.27,0.0712,0.0492,5.9,1147,0.214,1588.3,77.8,59.4,Sand,1,3.833,1445.4,142.9,314.87,0.04375,0.573,530.04,2.85,35.79,1
3.714,2.045,0.492,0.0376,0.0516,6.0,887,0.143,1525.6,207.4,37.3,Permanent,0,4.4085,1429.6,96.0,125.83,0.04569,0.584,139.09,9.48,94.29,0
3.549,2.991,0.244,0.0923,0.0299,17.7,472,0.054,1558.6,93.8,26.4,Permanent,0,4.5773,1426.7,131.9,13.39,0.02094,0.218,69.58,21.05,72.93,0
3.512,2.563,0.285,0.0109,0.0406,4.5,564,0.154,1554.3,253.4,52.6,Permanent,0,4.37,1431.2,123.2,54.9,0.03712,0.521,276.21,4.71,100.0,0
3.404,1.999,0.423,0.0159,0.0431,6.8,719,0.131,1500.2,221.9,35.7,Sand,1,4.0754,1438.7,61.5,75.89,0.03761,0.514,191.28,6.68,97.15,0
3.78,1.835,0.219,0.0275,0.0564,11.9,1447,0.207,1547.3,118.9,55.9,Die,2,4.4004,1429.5,117.8,485.39,0.04452,0.435,249.58,5.72,20.23,1
3.348,2.536,0.41,0.0461,0.05,5.0,538,0.097,1545.8,236.3,43.4,Sand,1,4.2091,1436.0,109.9,31.27,0.0453,0.695,282.51,4.64,98.68,0
3.321,2.091,0.47,0.0135,0.0607,2.8,579,0.101,1529.8,265.2,39.0,Die,2,4.0226,1440.3,89.5,37.93,0.0574,0.689,121.62,10.4,97.76,0
3.704,2.658,0.302,0.0467,0.0408,3.7,886,0.141,1555.2,186.6,36.5,Permanent,0,4.6052,1425.0,130.1,123.83,0.03791,0.583,132.99,10.29,94.86,0
3.616,1.997,0.293,0.0212,0.0673,3.8,808,0.115,1505.0,257.8,38.6,Sand,1,4.2889,1432.8,72.2,84.26,0.06241,0.754,223.94,5.57,100.0,0
3.53,1.921,0.357,0.0166,0.0671,2.7,589,0.163,1545.2,254.7,27.7,Permanent,0,4.1756,1435.8,109.4,63.27,0.06356,0.784,76.52,16.86,99.8,0
3.576,1.443,0.581,0.0914,0.0315,14.4,260,0.241,1469.7,85.1,55.0,Permanent,0,4.0875,1438.3,31.4,18.26,0.02366,0.264,302.43,4.58,61.59,1
3.74,2.339,0.365,0.05,0.0602,6.6,729,0.132,1555.7,213.8,35.8,Permanent,0,4.5368,1426.6,129.1,78.29,0.05282,0.671,128.13,10.47,100.0,0
3.462,2.362,0.464,0.0205,0.0738,3.0,899,0.165,1512.3,198.1,31.2,Sand,1,4.2559,1434.2,78.1,149.22,0.06952,0.813,145.74,9.02,90.33,0
3.604,2.287,0.353,0.011,0.0674,2.6,689,0.149,1503.9,169.7,30.3,Permanent,0,4.3695,1430.8,73.1,79.44,0.06399,0.78,91.74,14.54,100.0,0
3.595,2.477,0.497,0.0143,0.061,7.5,535,0.11,1522.6,159.0,18.7,Permanent,0,4.4258,1429.5,93.0,35.06,0.05253,0.582,35.11,38.84,100.0,0
3.546,2.448,0.389,0.0476,0.054,7.3,586,0.113,1520.5,266.4,38.0,Permanent,0,4.3779,1431.1,89.3,43.36,0.04671,0.637,144.17,8.7,100.0,0
3.605,1.905,0.492,0.0112,0.0585,3.0,536,0.084,1524.1,152.1,21.1,Sand,1,4.2436,1433.8,90.2,26.8,0.05514,0.701,66.88,20.51,99.37,0
3.576,2.229,0.391,0.0206,0.0583,2.4,578,0.104,1548.6,165.8,16.5,Sand,1,4.3261,1432.0,116.6,38.7,0.05554,0.699,41.06,33.68,100.0,0
4.177,1.763,0.162,0.0428,0.0272,9.2,206,0.207,1466.1,153.8,25.0,Sand,1,4.7794,1418.9,47.2,9.79,0.02266,0.359,93.4,14.05,78.4,0
4.123,2.824,0.636,0.0881,0.0389,10.2,1155,0.175,1448.8,53.3,47.0,Sand,1,5.0939,1412.0,36.8,260.65,0.03174,0.499,331.36,4.21,42.83,1
3.779,2.003,0.278,0.018,0.0632,2.1,670,0.089,1522.6,281.8,37.5,Permanent,0,4.4524,1428.2,94.4,44.9,0.06053,0.701,140.45,8.83,100.0,0
3.627,2.674,0.508,0.0395,0.0385,5.5,755,0.093,1517.8,281.3,34.5,Sand,1,4.5317,1427.0,90.8,59.14,0.0345,0.568,178.1,6.94,100.0,0
3.755,2.189,0.374,0.0357,0.0708,4.1,854,0.102,1512.2,234.5,51.1,Permanent,0,4.497,1427.3,84.8,83.24,0.06525,0.841,260.96,4.9,100.0,0
3.525,2.303,0.34,0.0366,0.0555,6.8,619,0.133,1549.5,227.1,42.6,Permanent,0,4.3048,1432.9,116.7,56.92,0.04841,0.595,181.41,7.29,100.0,0
3.323,1.966,0.52,0.0224,0.053,6.1,838,0.163,1505.7,193.9,43.7,Permanent,0,3.9853,1441.2,64.4,128.43,0.04689,0.505,190.87,6.87,94.83,0
3.571,2.535,0.284,0.04,0.0716,5.2,761,0.122,1558.7,295.2,16.6,Sand,1,4.4295,1429.7,128.9,79.21,0.0645,0.74,41.3,30.59,97.68,0
3.486,2.353,0.524,0.0236,0.0395,7.9,548,0.104,1513.1,174.0,24.7,Permanent,0,4.2777,1433.6,79.5,34.93,0.03374,0.451,60.77,22.04,98.0,0
3.659,2.547,0.41,0.0305,0.0406,7.0,589,0.162,1536.2,213.6,58.4,Sand,1,4.5183,1427.2,109.0,62.73,0.03531,0.424,512.07,2.58,97.83,0
4.054,1.952,0.717,0.0687,0.0562,5.5,437,0.141,1558.0,118.1,51.5,Die,2,4.7272,1420.9,137.1,30.08,0.05039,0.56,211.95,6.79,93.58,0
3.374,2.321,0.546,0.0492,0.0471,4.1,530,0.144,1513.7,290.2,43.8,Permanent,0,4.1645,1436.9,76.8,45.24,0.04344,0.648,191.82,6.38,100.0,0
3.736,1.974,0.504,0.0385,0.0743,7.5,502,0.122,1515.7,169.2,16.3,Permanent,0,4.4073,1429.6,86.1,34.38,0.06394,0.737,26.67,40.0,97.37,0
3.781,2.998,0.792,0.0322,0.0386,13.5,549,0.179,1607.6,59.9,35.8,Die,2,4.7916,1420.1,187.4,60.18,0.02943,0.301,102.69,15.07,65.66,0
3.506,1.987,0.47,0.0379,0.0341,6.3,325,0.218,1550.5,112.9,44.7,Sand,1,4.181,1435.9,114.6,25.79,0.03008,0.469,300.29,4.79,90.46,0
3.499,2.285,0.468,0.0119,0.0483,3.4,525,0.127,1534.7,176.6,38.4,Sand,1,4.2647,1433.7,100.9,39.32,0.0451,0.567,220.99,6.15,100.0,0
3.789,2.255,0.487,0.0354,0.0738,6.3,790,0.174,1520.5,205.0,10.3,Permanent,0,4.5519,1425.9,94.6,121.34,0.06505,0.684,10.65,40.0,96.23,0
3.654,1.943,0.41,0.0244,0.0641,4.0,752,0.125,1552.7,218.4,49.9,Die,2,4.3099,1432.1,120.5,79.24,0.05913,0.704,199.37,6.69,100.0,0
3.651,2.435,0.26,0.0218,0.059,4.7,892,0.112,1510.9,167.3,57.9,Permanent,0,4.4696,1428.3,82.6,99.2,0.05373,0.641,335.53,4.0,100.0,0
3.67,2.291,0.297,0.0992,0.0235,15.4,338,0.112,1597.3,103.9,45.1,Die,2,4.4667,1428.9,168.4,14.37,0.01724,0.208,162.56,9.19,61.14,1
3.473,2.648,0.699,0.0491,0.0533,10.5,1317,0.087,1492.1,90.8,56.6,Die,2,4.3717,1431.6,60.6,169.45,0.04324,0.499,256.43,5.46,81.96,0
3.07,3.065,0.544,0.0768,0.0401,14.4,396,0.112,1441.9,154.3,32.3,Permanent,0,4.1172,1439.5,2.4,19.54,0.03007,0.307,104.25,12.35,73.44,0
3.46,1.931,0.377,0.0102,0.0585,3.0,860,0.142,1550.0,283.7,18.6,Sand,1,4.1069,1437.7,112.4,117.73,0.0551,0.733,52.15,24.28,96.75,0
3.9,2.115,0.26,0.0809,0.0259,16.8,1235,0.127,1537.6,157.6,33.0,Die,2,4.6323,1423.9,113.7,216.39,0.01851,0.25,87.08,15.85,63.64,0
3.159,2.69,0.751,0.0681,0.0507,14.1,416,0.079,1455.2,113.9,31.8,Permanent,0,4.0781,1440.0,15.2,15.24,0.03824,0.35,101.1,13.27,71.01,0
3.79,2.288,0.537,0.0247,0.049,4.7,827,0.105,1522.6,263.5,33.0,Permanent,0,4.5613,1425.6,97.1,80.39,0.0446,0.674,108.76,11.58,100.0,0
3.753,2.144,0.281,0.0445,0.0448,2.9,730,0.124,1543.0,224.9,45.9,Permanent,0,4.4826,1427.8,115.2,74.0,0.04223,0.593,211.01,6.25,100.0,0
3.781,2.561,0.389,0.0449,0.0594,6.6,618,0.164,1549.6,201.1,11.3,Permanent,0,4.6492,1423.7,126.0,70.0,0.05208,0.631,12.82,40.0,95.02,0
3.585,1.583,0.559,0.0703,0.0554,5.1,1366,0.101,1608.0,95.3,88.2,Permanent,0,4.1363,1437.0,171.0,209.8,0.05005,0.633,778.52,1.94,60.0,1
3.57,2.555,0.332,0.0127,0.0411,3.6,828,0.163,1520.0,211.1,35.2,Sand,1,4.4262,1429.6,90.4,124.96,0.03826,0.582,185.92,7.04,95.03,0
3.657,2.19,0.41,0.0122,0.0388,3.4,626,0.09,1558.4,273.5,28.7,Permanent,0,4.3914,1430.1,128.4,39.54,0.03626,0.564,82.37,15.6,100.0,0
3.544,2.516,0.449,0.0237,0.0471,4.5,598,0.125,1556.2,259.0,57.2,Permanent,0,4.3909,1430.6,125.6,50.1,0.04305,0.611,327.36,3.96,100.0,0
3.768,1.875,0.569,0.0676,0.0338,8.8,257,0.055,1551.8,63.7,26.8,Sand,1,4.4156,1429.5,122.3,4.02,0.0283,0.337,107.67,13.82,77.9,0
3.698,2.746,0.653,0.0444,0.0332,10.0,529,0.126,1476.5,71.0,43.4,Permanent,0,4.6277,1424.5,52.0,39.59,0.02712,0.462,188.66,7.45,83.04,0
3.458,2.662,0.422,0.0429,0.0499,4.7,509,0.122,1539.6,273.0,59.0,Sand,1,4.3596,1431.9,107.7,35.4,0.0454,0.651,522.43,2.42,99.58,0
3.538,2.649,0.404,0.035,0.065,5.7,854,0.1,1523.1,209.9,50.4,Die,2,4.4325,1429.7,93.3,81.41,0.05794,0.636,203.08,6.47,100.0,0
3.363,2.307,0.437,0.0186,0.066,2.8,777,0.098,1502.3,268.2,55.6,Sand,1,4.1378,1437.4,65.0,65.93,0.06244,0.757,463.91,2.66,97.58,0
3.559,2.042,0.405,0.0412,0.0544,6.8,728,0.099,1544.8,194.7,50.9,Sand,1,4.2537,1434.0,110.8,58.35,0.0475,0.496,389.18,3.47,99.98,0
3.447,2.531,0.359,0.0268,0.0497,6.3,593,0.119,1516.1,192.5,27.2,Permanent,0,4.3,1433.2,82.9,46.73,0.04378,0.503,73.91,17.91,100.0,0
3.463,2.607,0.397,0.0144,0.0623,6.3,576,0.146,1529.7,279.3,21.2,Permanent,0,4.3364,1432.2,97.5,54.37,0.05489,0.651,45.03,27.77,100.0,0
3.599,2.028,0.355,0.0285,0.0454,6.6,753,0.148,1555.4,248.9,22.0,Permanent,0,4.2839,1433.0,122.3,94.03,0.03981,0.554,48.56,26.9,100.0,0
4.024,1.403,0.717,0.0509,0.0294,14.1,1369,0.075,1581.5,74.8,56.4,Permanent,0,4.5087,1426.1,155.4,157.49,0.02216,0.314,318.38,4.73,62.78,0
3.513,2.214,0.476,0.0125,0.0689,7.2,509,0.157,1507.0,227.9,20.7,Die,2,4.2548,1433.9,73.1,45.4,0.0596,0.629,34.25,37.35,99.9,0
3.79,2.525,0.496,0.0239,0.0689,5.8,875,0.128,1557.7,204.1,34.2,Die,2,4.6392,1423.7,134.0,109.05,0.06135,0.799,93.4,14.49,100.0,0
3.359,2.54,0.329,0.0169,0.0586,4.0,628,0.128,1503.7,186.9,38.3,Sand,1,4.2115,1435.6,68.1,56.35,0.05403,0.714,220.12,5.98,100.0,0
3.49,2.344,0.398,0.0259,0.0406,5.7,819,0.145,1528.7,267.4,52.8,Sand,1,4.2798,1433.5,95.2,108.91,0.03619,0.468,418.12,3.02,100.0,0
3.348,2.169,0.52,0.0491,0.0499,3.1,511,0.103,1521.9,241.7,54.6,Permanent,0,4.0872,1438.9,82.9,30.07,0.04688,0.65,298.04,4.3,100.0,0
3.421,2.17,0.462,0.0496,0.059,6.5,768,0.108,1521.2,166.7,57.2,Permanent,0,4.1606,1436.9,84.4,71.14,0.05182,0.615,327.27,4.14,100.0,0
3.402,2.096,0.461,0.0787,0.0461,15.5,306,0.231,1498.1,92.7,75.5,Sand,1,4.127,1438.0,60.1,24.19,0.03383,0.304,854.79,1.64,81.12,0
3.305,2.329,0.404,0.0373,0.0718,2.9,721,0.15,1527.2,252.0,23.4,Permanent,0,4.0935,1438.8,88.4,86.87,0.06775,0.793,54.97,23.2,96.7,0
3.284,2.341,0.239,0.0232,0.0407,9.3,263,0.181,1526.4,135.4,57.1,Permanent,0,4.0717,1439.3,87.1,13.93,0.0338,0.444,326.32,4.26,85.81,0
3.386,3.085,0.652,0.0963,0.0328,6.0,1452,0.204,1512.5,108.4,82.3,Permanent,0,4.4463,1430.5,82.0,481.45,0.02905,0.393,676.78,2.07,17.99,1
3.198,2.397,0.156,0.06,0.0451,12.9,444,0.174,1478.2,149.8,30.4,Permanent,0,4.0173,1441.3,36.9,38.47,0.03485,0.39,92.44,14.37,90.08,0
3.509,2.621,0.545,0.0262,0.0545,5.5,571,0.14,1554.7,177.5,48.6,Sand,1,4.3917,1430.8,123.9,51.15,0.04879,0.641,354.44,3.89,100.0,0
3.48,2.436,0.653,0.0816,0.058,11.4,1207,0.082,1556.3,146.8,46.2,Sand,1,4.3191,1433.1,123.2,133.11,0.04623,0.556,320.0,4.4,93.94,0
3.414,2.666,0.332,0.0235,0.0749,3.2,832,0.177,1524.9,224.1,53.2,Sand,1,4.3102,1433.1,91.8,136.9,0.07023,0.848,424.18,3.07,92.97,0
3.681,2.308,0.389,0.0316,0.0605,7.5,780,0.122,1543.5,159.1,35.9,Permanent,0,4.4608,1428.5,115.1,83.11,0.05202,0.6,128.62,10.76,100.0,0
3.323,2.012,0.499,0.0223,0.0689,6.0,773,0.17,1518.3,277.1,38.0,Permanent,0,4.0016,1440.8,77.5,113.22,0.06117,0.714,144.03,8.62,95.45,0
3.681,1.916,0.321,0.0107,0.0438,7.9,890,0.093,1500.6,228.3,17.1,Sand,1,4.3231,1431.6,69.0,82.72,0.03742,0.509,43.81,29.04,99.2,0
3.622,1.941,0.532,0.0419,0.0522,5.8,687,0.121,1535.9,298.1,55.3,Permanent,0,4.2829,1433.1,102.9,64.14,0.04649,0.609,306.15,4.04,100.0,0
3.783,2.106,0.343,0.0448,0.0589,4.1,520,0.09,1552.5,218.8,10.7,Permanent,0,4.4994,1427.2,125.2,27.11,0.05425,0.685,11.45,40.0,99.03,0
3.503,1.609,0.781,0.0439,0.0256,13.0,455,0.16,1479.6,145.8,39.5,Die,2,4.0541,1439.0,40.6,36.96,0.01976,0.274,124.95,10.67,68.24,0
3.375,2.084,0.267,0.0481,0.054,2.4,845,0.161,1531.0,150.1,49.5,Sand,1,4.0859,1438.8,92.1,128.65,0.05154,0.671,368.03,3.75,91.83,0
3.344,2.119,0.491,0.0142,0.0562,4.1,884,0.099,1536.2,247.9,20.5,Permanent,0,4.0553,1439.4,96.8,86.7,0.05174,0.667,42.04,30.64,98.01,0
3.628,2.167,0.404,0.0497,0.0383,3.5,533,0.149,1557.1,223.6,17.2,Die,2,4.3674,1431.1,126.1,47.26,0.03573,0.536,23.79,40.0,100.0,0
3.719,2.337,0.464,0.0416,0.0507,3.8,862,0.101,1511.0,249.0,56.2,Permanent,0,4.512,1427.2,83.8,84.17,0.047,0.587,315.38,4.0,98.19,0
3.323,1.698,0.359,0.0439,0.0297,7.9,1361,0.159,1497.0,147.8,62.2,Permanent,0,3.9037,1443.4,53.6,330.24,0.02539,0.429,387.18,3.48,36.83,1
4.067,1.922,0.296,0.0797,0.052,13.1,1179,0.195,1535.6,135.2,64.0,Permanent,0,4.7338,1420.8,114.9,303.34,0.04003,0.449,409.15,3.42,56.88,1
3.701,1.898,0.184,0.0654,0.0523,14.2,1563,0.224,1494.4,158.0,71.5,Sand,1,4.3553,1431.2,63.2,610.92,0.03942,0.392,766.83,1.74,0.07,1
3.217,2.944,0.565,0.0626,0.0435,13.4,415,0.149,1454.7,113.4,76.6,Permanent,0,4.2193,1436.4,18.4,28.62,0.03327,0.373,586.06,2.29,75.83,0
3.453,2.576,0.528,0.0399,0.0605,8.0,507,0.114,1501.5,253.4,40.6,Sand,1,4.3255,1432.7,68.8,32.7,0.05163,0.612,247.68,5.04,100.0,0
3.613,1.943,0.451,0.0166,0.045,7.4,534,0.136,1553.4,253.8,43.0,Permanent,0,4.2663,1433.3,120.1,43.34,0.03881,0.543,184.88,7.03,100.0,0
3.364,2.021,0.325,0.0325,0.0555,5.8,783,0.116,1516.8,295.2,22.7,Sand,1,4.0483,1439.6,77.1,79.52,0.04942,0.61,77.19,15.82,95.72,0
3.846,2.618,0.774,0.0215,0.0365,5.9,1167,0.225,1579.4,119.8,87.2,Permanent,0,4.7264,1421.4,158.0,342.33,0.03245,0.486,761.16,1.92,36.5,1
3.433,2.198,0.519,0.0378,0.0573,6.5,600,0.173,1514.4,193.3,30.1,Sand,1,4.1779,1436.3,78.1,69.75,0.05037,0.678,135.62,9.74,100.0,0
3.772,2.669,0.256,0.0287,0.0397,3.1,855,0.106,1504.5,199.4,11.4,Permanent,0,4.6706,1423.0,81.4,86.54,0.03726,0.433,12.93,40.0,100.0,0
3.73,2.223,0.282,0.0144,0.0605,6.7,718,0.17,1525.8,248.3,52.7,Sand,1,4.4758,1427.8,98.0,97.85,0.05291,0.6,417.36,3.06,100.0,0
3.438,2.628,0.47,0.042,0.0619,5.5,732,0.092,1514.9,266.7,58.4,Permanent,0,4.3283,1432.7,82.2,55.24,0.05551,0.693,340.63,3.66,100.0,0
3.697,2.613,0.35,0.0367,0.0565,4.5,765,0.146,1557.4,165.4,55.8,Permanent,0,4.5804,1425.6,131.9,95.4,0.05169,0.698,311.29,4.47,100.0,0
4.016,2.821,0.334,0.0968,0.0366,9.7,205,0.108,1452.3,94.8,81.5,Die,2,4.9885,1415.0,37.3,5.07,0.03012,0.367,531.1,2.56,70.69,0
3.629,2.102,0.526,0.0261,0.0662,5.0,741,0.096,1555.6,172.3,18.5,Sand,1,4.3385,1431.6,124.0,59.08,0.05983,0.681,51.11,27.07,99.35,0
3.628,2.857,0.279,0.0473,0.0359,14.0,594,0.06,1547.3,57.9,16.3,Sand,1,4.5958,1425.6,121.8,23.71,0.02719,0.324,39.96,37.27,79.69,0
3.989,1.469,0.326,0.047,0.0547,8.9,479,0.193,1512.9,158.6,81.8,Permanent,0,4.4942,1426.6,86.3,49.42,0.04576,0.481,668.38,2.03,100.0,0
3.646,2.872,0.175,0.0315,0.028,7.4,1382,0.202,1471.9,69.2,65.9,Permanent,0,4.614,1424.9,46.9,430.2,0.02415,0.39,434.2,3.23,10.18,1
3.339,1.985,0.294,0.0171,0.0747,3.9,729,0.084,1515.2,232.7,25.0,Permanent,0,4.0061,1440.6,74.5,49.76,0.06912,0.803,62.43,20.54,98.64,0
3.27,3.16,0.617,0.0395,0.0528,11.1,1531,0.103,1591.0,59.0,50.0,Permanent,0,4.3369,1433.1,157.9,270.25,0.0423,0.479,250.29,6.12,46.62,1
3.722,2.992,0.418,0.0722,0.0411,10.1,452,0.201,1536.4,132.4,45.8,Permanent,0,4.7438,1421.8,114.6,45.89,0.03358,0.394,209.66,6.7,94.33,0
3.766,2.203,0.474,0.0427,0.0615,3.5,767,0.167,1547.3,191.9,37.9,Permanent,0,4.5143,1426.9,120.4,110.22,0.05734,0.698,143.88,9.42,100.0,0
3.652,2.583,0.302,0.0354,0.0285,13.2,541,0.199,1603.1,158.4,15.4,Sand,1,4.5252,1427.1,176.0,65.11,0.0219,0.222,35.47,40.0,71.32,0
3.365,2.447,0.35,0.0219,0.0473,6.4,597,0.111,1542.9,167.9,22.6,Permanent,0,4.1884,1436.2,106.7,44.37,0.04162,0.501,51.01,26.95,100.0,0
3.654,1.549,0.714,0.0494,0.0505,6.6,1445,0.224,1559.2,86.5,14.0,Die,2,4.1864,1435.3,123.9,522.52,0.04424,0.555,15.77,40.0,7.9,1
3.398,2.248,0.205,0.081,0.034,8.4,348,0.197,1526.6,101.6,18.2,Permanent,0,4.1742,1436.9,89.7,26.65,0.02869,0.442,33.13,40.0,80.09,0
3.564,2.252,0.54,0.0774,0.056,11.2,537,0.243,1602.8,124.3,59.6,Sand,1,4.3405,1432.2,170.6,78.34,0.04477,0.514,533.26,2.77,81.42,0
4.192,2.634,0.482,0.0854,0.0344,6.4,1249,0.095,1459.4,148.6,79.3,Permanent,0,5.0982,1411.6,47.9,166.11,0.03026,0.489,628.5,2.09,72.29,0
3.066,2.261,0.273,0.0475,0.057,13.6,1484,0.176,1582.7,90.3,38.9,Sand,1,3.8351,1446.1,136.6,433.97,0.0434,0.471,226.41,6.59,16.38,1
3.21,1.465,0.649,0.0947,0.0221,5.8,427,0.109,1593.2,157.6,6.1,Permanent,0,3.7295,1448.4,144.8,22.31,0.01963,0.44,3.68,40.0,67.56,0
4.133,1.79,0.564,0.0942,0.0373,14.7,497,0.14,1476.7,131.0,65.8,Permanent,0,4.7613,1420.0,56.7,38.65,0.02778,0.286,432.9,3.11,89.67,0
3.693,2.048,0.21,0.0508,0.0552,12.6,1452,0.162,1502.3,79.4,35.6,Permanent,0,4.3931,1430.2,72.1,381.25,0.04289,0.488,127.05,11.2,36.72,1
3.729,1.533,0.155,0.0345,0.0399,16.5,594,0.215,1607.1,121.4,82.8,Permanent,0,4.2513,1433.3,173.8,84.92,0.02866,0.307,686.03,2.17,74.4,0
3.302,2.649,0.364,0.0332,0.038,6.2,818,0.102,1554.8,190.5,23.4,Sand,1,4.1963,1436.3,118.5,76.58,0.03364,0.493,82.08,16.62,100.0,0
3.561,2.084,0.501,0.0319,0.0588,3.1,813,0.13,1516.5,163.0,36.2,Sand,1,4.2666,1433.6,82.8,96.19,0.05529,0.688,196.46,6.89,100.0,0
3.792,2.494,0.427,0.0151,0.0687,3.3,710,0.092,1506.8,152.3,43.7,Permanent,0,4.6283,1423.9,82.9,52.14,0.0643,0.75,191.0,7.09,100.0,0
3.649,2.358,0.413,0.0313,0.0657,5.9,625,0.089,1531.4,154.0,20.5,Permanent,0,4.4454,1429.0,102.4,38.97,0.05841,0.678,42.21,32.63,100.0,0
3.798,1.965,0.317,0.0266,0.0402,6.2,570,0.143,1558.7,244.0,49.9,Permanent,0,4.4622,1427.9,130.8,52.04,0.03553,0.452,249.5,5.27,100.0,0
3.359,2.33,0.299,0.0304,0.0592,6.6,684,0.172,1557.5,211.7,30.7,Permanent,0,4.1462,1437.3,120.2,89.84,0.0519,0.582,94.0,14.32,100.0,0
3.642,2.01,0.454,0.0228,0.0665,3.8,640,0.134,1550.8,153.4,12.1,Permanent,0,4.3192,1432.0,118.9,61.46,0.06169,0.75,14.75,40.0,100.0,0
3.694,2.957,0.297,0.0655,0.0532,16.3,216,0.058,1544.0,158.2,31.6,Permanent,0,4.7015,1422.9,121.1,3.05,0.0384,0.376,99.93,13.87,87.42,0
3.731,2.225,0.477,0.0145,0.0455,5.3,574,0.131,1539.0,240.1,14.5,Permanent,0,4.4772,1427.7,111.2,48.42,0.04093,0.559,21.09,40.0,100.0,0
3.457,2.048,0.538,0.0365,0.0487,2.7,667,0.132,1523.2,196.7,29.2,Sand,1,4.1521,1436.8,86.4,65.63,0.04614,0.584,128.2,10.35,100.0,0
3.664,2.299,0.437,0.0286,0.0563,2.5,752,0.114,1523.2,151.9,18.4,Permanent,0,4.44,1429.0,94.2,71.84,0.05352,0.646,33.91,40.0,100.0,0
3.603,2.369,0.345,0.0146,0.0432,7.2,855,0.102,1544.7,252.9,41.9,Sand,1,4.398,1430.2,114.6,83.28,0.03739,0.481,263.73,4.9,100.0,0
3.36,2.145,0.283,0.015,0.072,4.0,894,0.09,1539.2,299.0,56.7,Permanent,0,4.0803,1438.8,100.5,80.62,0.06648,0.866,320.97,3.86,94.99,0
3.573,2.056,0.511,0.0412,0.0489,7.0,578,0.159,1515.8,224.8,15.3,Permanent,0,4.2723,1433.5,82.3,59.45,0.04249,0.51,23.49,40.0,100.0,0
3.628,2.082,0.495,0.0235,0.0745,7.1,568,0.13,1507.6,295.3,14.3,Permanent,0,4.3298,1431.8,75.8,46.93,0.06458,0.752,20.34,40.0,100.0,0
3.636,2.351,0.326,0.0255,0.0602,2.8,827,0.12,1535.2,286.4,32.3,Permanent,0,4.4281,1429.4,105.8,91.85,0.05687,0.708,104.56,11.94,100.0,0
3.516,2.659,0.506,0.0229,0.0726,5.9,847,0.173,1527.4,236.8,18.1,Permanent,0,4.4099,1430.3,97.1,139.03,0.06452,0.694,32.69,39.48,94.28,0
3.008,2.8,0.594,0.0498,0.0363,16.6,515,0.076,1459.4,109.5,47.1,Permanent,0,3.9578,1443.4,16.0,22.59,0.02607,0.274,222.19,6.08,64.31,0
3.679,2.822,0.442,0.0273,0.0206,16.7,478,0.148,1523.0,104.7,20.6,Permanent,0,4.6291,1424.4,98.6,37.74,0.01477,0.152,42.33,33.51,76.79,0
3.367,2.555,0.307,0.034,0.0564,7.3,549,0.174,1533.5,155.7,34.8,Die,2,4.2299,1435.3,98.2,58.62,0.04875,0.601,97.03,14.2,100.0,0
3.663,2.056,0.598,0.0487,0.0308,13.6,410,0.228,1584.7,73.0,68.7,Sand,1,4.3641,1431.0,153.7,42.81,0.02349,0.303,708.25,2.13,74.42,0
3.357,2.404,0.299,0.0293,0.0516,5.7,690,0.086,1523.0,251.0,46.8,Die,2,4.1679,1436.8,86.3,45.83,0.04612,0.521,175.37,7.25,100.0,0
3.518,2.264,0.458,0.0227,0.052,2.8,816,0.176,1500.8,271.1,12.0,Permanent,0,4.2807,1433.4,67.5,130.96,0.04918,0.687,14.44,40.0,95.61,0
3.748,2.129,0.275,0.0286,0.0658,5.5,543,0.129,1504.3,271.7,59.1,Sand,1,4.4672,1428.0,76.3,42.53,0.05891,0.665,523.44,2.35,100.0,0
3.351,2.637,0.509,0.0108,0.0641,7.6,564,0.096,1546.4,238.0,34.5,Permanent,0,4.2334,1435.1,111.3,34.25,0.05511,0.65,119.29,10.97,100.0,0
3.609,2.685,0.47,0.0229,0.0435,2.1,561,0.128,1559.9,213.5,28.7,Permanent,0,4.5112,1427.5,132.4,45.06,0.04173,0.62,82.45,16.33,97.01,0
3.739,2.483,0.302,0.0399,0.0527,2.7,589,0.101,1546.0,208.9,26.7,Permanent,0,4.5796,1425.5,120.5,39.32,0.04994,0.724,71.51,18.7,100.0,0
4.086,2.132,0.275,0.0466,0.0286,13.7,226,0.076,1514.9,159.9,26.9,Permanent,0,4.812,1418.5,96.4,4.33,0.02171,0.281,72.52,18.68,80.81,0
3.484,1.941,0.315,0.0489,0.0419,4.2,664,0.083,1534.8,157.4,20.7,Die,2,4.1476,1436.9,97.9,41.1,0.0385,0.569,34.28,40.0,100.0,0
3.393,2.152,0.511,0.0294,0.062,3.2,585,0.176,1512.1,200.6,49.6,Sand,1,4.1204,1437.8,74.3,67.24,0.05814,0.68,368.55,3.56,99.2,0
3.594,2.305,0.448,0.0198,0.0514,3.7,543,0.102,1503.0,175.0,54.3,Sand,1,4.3687,1430.9,72.1,33.65,0.04772,0.691,441.66,3.01,99.42,0
3.597,2.605,0.422,0.0188,0.0434,2.9,829,0.15,1553.5,281.5,53.0,Sand,1,4.4714,1428.5,125.1,115.13,0.04096,0.616,421.92,3.01,97.89,0
3.351,2.078,0.313,0.041,0.0698,2.8,644,0.118,1553.4,217.1,18.5,Sand,1,4.0569,1439.6,113.8,54.82,0.066,0.777,51.5,25.95,97.6,0
3.248,2.99,0.183,0.0901,0.0345,7.0,397,0.056,1545.6,115.9,85.8,Permanent,0,4.2742,1435.1,110.5,9.94,0.03004,0.495,735.72,1.94,81.23,0
3.679,2.1,0.307,0.0153,0.0616,4.2,526,0.153,1541.0,253.2,27.6,Sand,1,4.3842,1430.2,110.8,47.21,0.05665,0.733,113.95,11.3,100.0,0
3.579,2.187,0.543,0.0105,0.0556,3.2,875,0.109,1536.1,240.2,58.2,Sand,1,4.311,1432.3,103.8,93.01,0.05219,0.673,507.76,2.55,100.0,0
3.641,2.676,0.516,0.044,0.0622,5.4,780,0.089,1518.7,203.0,49.1,Die,2,4.5472,1426.7,92.1,60.64,0.05583,0.605,193.06,6.81,100.0,0
3.676,1.425,0.483,0.0363,0.035,6.1,1198,0.167,1458.6,123.0,60.7,Die,2,4.1629,1435.7,22.9,267.83,0.03103,0.477,295.14,4.53,45.63,1
3.624,2.669,0.512,0.0486,0.0704,7.6,720,0.165,1504.6,189.8,37.0,Sand,1,4.5301,1427.2,77.4,95.77,0.06045,0.674,205.09,6.41,100.0,0
3.318,2.656,0.35,0.0449,0.0686,4.5,572,0.086,1536.4,216.0,57.1,Permanent,0,4.2183,1435.8,100.6,31.39,0.06265,0.82,326.6,4.04,96.36,0
3.778,2.39,0.529,0.0247,0.0538,6.0,810,0.111,1557.4,272.6,37.0,Sand,1,4.5831,1425.1,132.4,81.19,0.04774,0.623,205.28,6.26,100.0,0
3.329,2.692,0.391,0.04,0.0521,4.2,564,0.082,1538.7,161.8,55.5,Permanent,0,4.2395,1435.3,103.4,29.27,0.04788,0.589,307.8,4.47,99.63,0
3.42,2.264,0.457,0.0399,0.0652,4.3,817,0.149,1504.0,283.2,23.9,Permanent,0,4.1879,1436.1,67.9,111.35,0.05984,0.766,57.35,21.28,99.8,0
3.428,2.433,0.448,0.0281,0.0655,5.1,841,0.148,1521.6,259.5,17.1,Permanent,0,4.2488,1434.5,87.0,117.18,0.05923,0.675,29.13,40.0,100.0,0
3.419,2.114,0.294,0.022,0.0632,6.6,721,0.136,1552.3,248.1,19.4,Sand,1,4.1308,1437.4,114.9,79.28,0.05545,0.656,56.4,23.12,100.0,0
3.612,2.225,0.471,0.043,0.0443,6.1,517,0.093,1509.0,272.8,53.3,Die,2,4.3677,1431.1,77.9,27.79,0.03916,0.533,227.27,5.44,99.06,0
3.337,2.18,0.528,0.0488,0.0433,6.3,630,0.151,1509.8,226.4,17.7,Sand,1,4.0795,1439.1,70.6,66.9,0.03822,0.493,46.77,27.44,99.93,0
3.591,2.053,0.477,0.0104,0.0576,7.2,625,0.172,1526.1,179.7,47.3,Permanent,0,4.2792,1433.0,93.1,74.97,0.0499,0.531,223.34,6.03,99.5,0
3.685,2.302,0.38,0.0442,0.072,5.2,766,0.084,1541.1,193.6,11.6,Permanent,0,4.4666,1428.4,112.7,54.92,0.06482,0.778,13.54,40.0,100.0,0
4.027,2.474,0.353,0.039,0.0459,12.4,1292,0.19,1499.0,77.9,88.9,Die,2,4.8645,1417.5,81.5,355.18,0.03584,0.423,632.67,2.25,38.23,1
3.559,2.461,0.274,0.0232,0.0569,4.0,739,0.17,1559.8,168.0,39.7,Permanent,0,4.3872,1430.7,129.2,103.59,0.0525,0.655,157.74,8.82,97.07,0
3.395,1.711,0.166,0.0882,0.0296,14.1,403,0.112,1444.7,95.5,8.2,Die,2,3.9952,1441.2,3.4,20.31,0.02229,0.234,5.4,40.0,52.73,1
3.477,2.244,0.253,0.0104,0.0548,7.0,588,0.137,1531.2,175.3,25.4,Permanent,0,4.2288,1434.7,96.5,52.81,0.04769,0.639,64.58,20.99,100.0,0
3.634,2.657,0.397,0.0415,0.0408,2.7,764,0.117,1540.7,270.0,35.6,Sand,1,4.5335,1427.0,113.7,76.06,0.03866,0.551,190.16,6.68,100.0,0
3.616,2.168,0.386,0.0475,0.041,2.9,802,0.092,1557.6,170.2,22.8,Permanent,0,4.3542,1431.4,126.2,66.5,0.03874,0.546,52.12,26.62,100.0,0
3.75,2.017,0.335,0.0313,0.0601,3.0,675,0.133,1513.9,299.8,32.7,Permanent,0,4.433,1428.9,85.1,68.04,0.05665,0.695,107.03,11.34,100.0,0
3.313,2.315,0.316,0.0281,0.0439,5.4,586,0.144,1532.9,261.3,20.9,Sand,1,4.0943,1438.7,94.2,55.49,0.03942,0.557,65.59,19.39,100.0,0
3.713,2.573,0.518,0.0233,0.0444,2.2,819,0.132,1553.1,298.9,29.1,Permanent,0,4.578,1425.5,127.6,99.09,0.04251,0.613,84.73,14.8,100.0,0
4.034,2.591,0.686,0.0475,0.0384,12.3,414,0.194,1604.3,57.8,65.2,Permanent,0,4.9132,1416.3,187.9,37.2,0.03003,0.459,425.54,3.63,64.7,0
3.731,2.13,0.259,0.0201,0.0438,2.5,616,0.119,1507.1,251.1,29.6,Permanent,0,4.4474,1428.5,78.6,50.53,0.04174,0.657,87.61,14.34,100.0,0
3.525,2.263,0.316,0.0194,0.0413,5.2,580,0.179,1517.1,169.6,37.6,Permanent,0,4.286,1433.2,83.9,67.49,0.03723,0.469,141.07,9.55,96.95,0
3.62,2.007,0.303,0.032,0.0381,7.4,829,0.154,1533.8,173.6,43.8,Permanent,0,4.3001,1432.6,101.2,118.32,0.03288,0.472,191.54,7.1,100.0,0
3.283,2.301,0.771,0.0624,0.0435,5.7,449,0.139,1596.1,159.9,10.2,Die,2,4.0711,1439.7,156.5,31.44,0.03882,0.583,8.39,40.0,88.94,0
3.555,2.402,0.534,0.031,0.0484,7.2,795,0.081,1530.6,246.8,14.7,Permanent,0,4.3663,1431.2,99.4,57.3,0.04184,0.549,21.62,40.0,100.0,0
3.578,2.651,0.332,0.0448,0.0733,3.3,758,0.093,1537.2,224.1,35.3,Die,2,4.477,1428.6,108.6,59.67,0.06863,0.767,99.56,13.19,96.81,0
3.463,2.543,0.517,0.0167,0.0549,7.9,537,0.112,1549.3,270.1,58.0,Die,2,4.3165,1432.7,116.6,36.12,0.0469,0.599,268.86,4.76,100.0,0
3.332,1.544,0.665,0.0551,0.0475,11.2,1142,0.175,1533.1,73.9,37.1,Permanent,0,3.8648,1444.4,88.7,254.99,0.03794,0.447,137.53,10.61,56.99,1
3.447,3.062,0.444,0.0947,0.0354,8.1,1220,0.051,1547.7,99.6,37.4,Sand,1,4.4994,1429.0,118.7,84.06,0.03009,0.416,209.61,6.91,97.31,0
3.769,2.146,0.416,0.0126,0.0607,4.2,718,0.175,1507.4,275.7,19.6,Permanent,0,4.4888,1427.3,80.1,100.58,0.0558,0.702,38.42,32.06,100.0,0
3.423,2.674,0.459,0.0281,0.0509,5.0,532,0.098,1528.5,270.4,22.9,Permanent,0,4.3239,1432.8,95.8,30.87,0.04603,0.611,52.3,24.06,99.78,0
3.406,2.068,0.449,0.0136,0.0403,7.4,570,0.123,1543.3,219.0,11.9,Permanent,0,4.1004,1438.1,105.2,44.67,0.03478,0.441,14.15,40.0,96.5,0
3.608,2.095,0.546,0.0154,0.0506,3.7,759,0.085,1523.6,182.8,15.9,Sand,1,4.311,1432.2,91.4,55.01,0.04697,0.571,37.87,35.4,100.0,0
3.646,2.402,0.265,0.0248,0.0533,4.1,573,0.139,1552.1,236.5,44.6,Die,2,4.4553,1428.7,123.4,50.99,0.04906,0.733,158.9,8.28,100.0,0
3.732,2.458,0.281,0.0433,0.0746,2.3,790,0.173,1556.1,244.6,50.6,Permanent,0,4.5661,1425.8,130.3,120.73,0.07128,0.824,256.3,5.12,94.55,0
3.713,2.165,0.307,0.0427,0.0645,6.5,699,0.082,1547.1,189.6,41.6,Permanent,0,4.4492,1428.7,118.4,44.91,0.05658,0.661,172.75,7.86,100.0,0
3.618,2.687,0.399,0.0406,0.0473,5.8,755,0.113,1537.2,254.7,31.0,Die,2,4.5275,1427.2,110.0,72.16,0.04208,0.577,77.03,16.65,100.0,0
3.636,2.224,0.512,0.0287,0.048,8.0,596,0.098,1507.0,290.3,55.8,Permanent,0,4.3865,1430.4,76.6,38.83,0.04092,0.541,311.37,3.91,100.0,0
3.603,2.658,0.53,0.0138,0.0681,4.5,585,0.146,1515.6,228.1,13.9,Permanent,0,4.4937,1427.8,87.7,55.99,0.06223,0.732,19.37,40.0,97.45,0
3.654,2.167,0.272,0.0215,0.0662,5.4,841,0.151,1506.2,264.7,25.3,Die,2,4.3829,1430.4,75.9,119.76,0.05941,0.711,51.01,24.34,98.03,0
3.629,2.39,0.399,0.035,0.0481,5.7,875,0.132,1532.0,182.5,44.7,Sand,1,4.4378,1429.3,102.7,112.88,0.04289,0.593,299.88,4.5,100.0,0
3.591,2.186,0.368,0.0328,0.0407,6.2,574,0.13,1524.3,288.9,31.6,Sand,1,4.3306,1432.0,92.3,47.82,0.03594,0.486,149.81,8.25,100.0,0
3.051,2.107,0.673,0.075,0.0552,5.3,464,0.149,1586.3,151.5,45.3,Permanent,0,3.7784,1447.7,138.6,35.98,0.04962,0.596,204.9,7.0,89.1,0
3.571,2.258,0.653,0.0425,0.0462,11.9,570,0.111,1459.0,107.5,71.4,Permanent,0,4.3383,1431.9,27.1,40.28,0.03639,0.402,509.61,2.65,82.72,0
3.864,2.373,0.291,0.0579,0.0479,9.5,1581,0.156,1599.6,133.7,36.8,Permanent,0,4.6744,1422.8,176.8,436.59,0.03961,0.571,135.45,10.82,13.94,1
3.728,2.646,0.265,0.033,0.0594,2.3,774,0.146,1530.4,222.3,35.8,Permanent,0,4.6207,1424.5,105.9,97.73,0.05671,0.756,128.22,10.2,100.0,0
3.071,1.441,0.498,0.0211,0.0418,6.2,562,0.067,1570.9,105.1,71.1,Permanent,0,3.5583,1452.5,118.4,23.83,0.03698,0.485,505.39,2.9,84.46,0
3.75,2.474,0.483,0.0243,0.0633,5.6,857,0.093,1534.9,253.1,56.0,Sand,1,4.5828,1425.2,109.7,76.66,0.05662,0.694,470.88,2.72,100.0,0
3.605,2.175,0.351,0.0998,0.0303,15.1,598,0.11,1582.9,65.7,9.6,Permanent,0,4.3633,1431.7,151.2,43.99,0.0224,0.266,9.28,40.0,72.42,0
3.54,1.93,0.373,0.0173,0.0599,3.3,672,0.087,1557.0,286.0,49.2,Sand,1,4.1896,1435.4,121.5,43.99,0.05605,0.746,363.82,3.49,100.0,0
3.635,2.447,0.53,0.0306,0.0725,2.3,609,0.164,1537.9,279.7,30.4,Sand,1,4.4611,1428.6,109.3,68.05,0.06928,0.913,138.64,9.08,96.9,0
3.304,2.069,0.326,0.035,0.0412,3.7,852,0.103,1545.2,212.3,29.4,Permanent,0,4.0052,1440.9,104.3,83.49,0.03824,0.546,86.21,15.46,95.3,0
3.124,1.743,0.318,0.0259,0.0386,10.8,332,0.239,1551.4,66.1,63.3,Sand,1,3.7135,1448.6,102.8,29.44,0.03108,0.382,600.59,2.47,77.43,0
3.697,1.932,0.291,0.0428,0.0668,8.0,658,0.163,1545.2,173.5,12.5,Permanent,0,4.3549,1431.0,114.2,78.93,0.05694,0.651,15.74,40.0,100.0,0
3.787,2.324,0.314,0.0203,0.0508,6.2,572,0.144,1509.2,167.8,15.6,Permanent,0,4.5686,1425.4,83.8,52.53,0.04492,0.565,24.41,40.0,100.0,0
4.005,1.601,0.672,0.0466,0.0448,10.8,543,0.084,1552.0,94.5,53.7,Permanent,0,4.5543,1425.0,127.0,27.75,0.03611,0.412,288.09,5.06,90.21,0
3.414,2.642,0.514,0.0399,0.0682,4.5,565,0.132,1513.9,211.0,52.5,Permanent,0,4.3083,1433.3,80.7,47.04,0.06232,0.791,276.11,4.72,100.0,0
3.879,1.872,0.336,0.033,0.0354,10.1,346,0.231,1507.5,137.6,28.4,Sand,1,4.5141,1426.4,81.1,30.95,0.0289,0.351,121.4,11.28,91.7,0
3.625,1.97,0.389,0.014,0.0689,7.4,880,0.087,1521.6,231.8,11.2,Permanent,0,4.2865,1432.7,88.8,75.13,0.05937,0.663,12.52,40.0,98.57,0
3.659,2.781,0.438,0.0456,0.0537,17.2,1175,0.174,1496.6,137.0,22.6,Permanent,0,4.6012,1425.3,71.3,269.13,0.03808,0.432,51.18,26.57,69.31,0
3.706,2.437,0.275,0.0209,0.0574,5.0,658,0.134,1545.4,212.2,55.5,Permanent,0,4.5258,1426.7,118.6,64.7,0.05187,0.609,307.71,4.33,100.0,0
3.313,2.168,0.388,0.045,0.074,5.8,665,0.158,1535.4,261.3,56.5,Die,2,4.0505,1439.9,95.5,78.09,0.06596,0.739,255.79,4.98,99.1,0
3.698,2.173,0.526,0.0313,0.0392,2.3,876,0.17,1522.4,201.8,55.9,Sand,1,4.433,1429.1,93.3,145.3,0.03746,0.584,468.3,2.82,93.86,0
3.482,2.133,0.451,0.04,0.0634,4.9,566,0.164,1506.3,255.9,10.8,Permanent,0,4.2062,1435.4,70.9,58.55,0.05746,0.68,11.59,40.0,100.0,0
3.845,2.384,0.323,0.0926,0.0462,5.9,418,0.073,1568.8,139.1,6.6,Die,2,4.671,1423.3,145.5,14.18,0.04105,0.541,3.48,40.0,84.18,0
3.286,1.428,0.349,0.0503,0.0372,10.4,1319,0.115,1597.8,98.9,73.2,Permanent,0,3.779,1446.6,151.2,222.71,0.03023,0.315,535.27,2.8,50.22,1
3.506,1.959,0.486,0.0371,0.0669,3.1,805,0.163,1510.3,200.6,58.5,Permanent,0,4.1714,1436.2,74.1,118.04,0.06283,0.782,341.66,3.83,96.31,0
3.469,2.161,0.266,0.0301,0.0616,5.4,785,0.14,1513.0,192.1,39.2,Die,2,4.1995,1435.6,77.5,96.14,0.05525,0.704,122.64,10.77,100.0,0
3.526,2.006,0.374,0.0156,0.0572,5.0,623,0.155,1522.1,280.1,39.5,Permanent,0,4.2,1435.2,86.9,67.16,0.05176,0.63,156.24,7.95,100.0,0
3.618,3.182,0.599,0.0456,0.0388,14.7,529,0.193,1443.9,90.7,86.0,Permanent,0,4.6944,1423.2,20.7,60.3,0.02891,0.347,739.92,1.83,74.42,0
4.186,2.533,0.315,0.0285,0.0511,17.3,467,0.206,1443.3,143.7,28.8,Permanent,0,5.0394,1412.5,30.8,50.14,0.03614,0.332,82.67,15.72,86.2,0
3.599,1.962,0.545,0.0315,0.0591,7.7,752,0.15,1532.8,244.6,27.4,Permanent,0,4.2634,1433.5,99.3,94.7,0.05071,0.667,74.86,17.21,100.0,0
3.498,2.939,0.418,0.043,0.023,13.8,321,0.134,1443.7,59.2,21.1,Die,2,4.4916,1428.6,15.1,15.36,0.01747,0.156,35.57,38.92,53.03,1
3.47,2.07,0.319,0.0123,0.0641,6.9,630,0.161,1546.8,287.7,32.9,Permanent,0,4.1642,1436.3,110.5,71.68,0.05583,0.649,108.25,11.63,97.44,0
3.681,2.269,0.469,0.0257,0.0394,5.3,829,0.129,1516.3,232.8,26.5,Sand,1,4.4453,1428.8,87.5,98.69,0.03541,0.577,105.6,12.15,100.0,0
3.601,1.963,0.497,0.0281,0.0488,3.6,860,0.165,1506.5,229.2,22.2,Permanent,0,4.2651,1433.5,73.0,136.84,0.04536,0.647,49.39,25.86,94.75,0
3.669,2.397,0.261,0.04,0.0726,4.6,777,0.091,1515.2,285.7,47.7,Sand,1,4.4811,1428.1,87.1,61.41,0.06623,0.736,340.78,3.61,100.0,0
3.475,2.592,0.4,0.0113,0.0547,5.5,555,0.136,1532.8,158.5,13.8,Permanent,0,4.3432,1432.0,100.8,46.99,0.04899,0.589,19.12,40.0,100.0,0
3.524,2.683,0.273,0.0396,0.0611,2.8,700,0.129,1512.7,286.3,58.1,Permanent,0,4.4317,1429.9,82.9,70.4,0.05779,0.698,337.52,3.63,100.0,0
3.443,2.145,0.501,0.016,0.0495,7.1,507,0.103,1525.6,260.5,36.3,Sand,1,4.1632,1436.4,89.1,29.58,0.04302,0.594,197.72,6.4,96.32,0
3.528,3.165,0.561,0.0561,0.0233,12.5,373,0.152,1516.0,122.6,43.9,Sand,1,4.602,1425.9,90.2,23.6,0.01813,0.346,288.89,4.82,79.37,0
3.336,2.015,0.412,0.0329,0.0651,5.4,730,0.097,1553.4,155.1,59.9,Permanent,0,4.0183,1440.5,112.9,58.01,0.0584,0.679,358.21,3.9,100.0,0
4.115,2.667,0.232,0.0311,0.0397,17.4,1510,0.126,1524.0,127.8,88.2,Permanent,0,5.0146,1413.4,110.6,321.9,0.02799,0.321,778.41,1.79,37.67,1
3.721,2.363,0.361,0.0362,0.0524,4.3,786,0.146,1509.3,286.0,27.6,Permanent,0,4.5205,1426.9,82.4,100.67,0.04806,0.66,75.93,16.11,100.0,0
3.385,2.388,0.538,0.015,0.0488,5.0,695,0.133,1519.0,289.4,59.0,Sand,1,4.1858,1436.1,82.8,71.94,0.04415,0.598,522.16,2.35,100.0,0
3.613,2.195,0.511,0.0457,0.0659,7.3,827,0.15,1531.2,208.8,27.2,Sand,1,4.36,1431.3,99.9,114.61,0.05697,0.636,110.71,11.94,100.0,0
3.36,1.568,0.545,0.0425,0.0549,8.4,1243,0.096,1536.2,57.2,65.2,Sand,1,3.8974,1443.4,92.9,165.54,0.0464,0.55,637.42,2.32,78.27,0
3.13,1.768,0.163,0.0546,0.0252,15.8,1319,0.073,1531.2,50.2,44.7,Permanent,0,3.7377,1448.2,83.0,142.09,0.01838,0.258,199.37,7.43,62.49,0
3.599,2.015,0.397,0.04,0.0463,7.5,730,0.129,1543.2,207.9,18.9,Permanent,0,4.284,1433.1,110.1,77.17,0.0398,0.494,35.74,37.36,100.0,0
3.544,2.669,0.269,0.0131,0.06,5.0,508,0.093,1512.9,257.5,30.7,Die,2,4.4385,1429.4,83.5,26.87,0.05432,0.708,75.57,16.61,100.0,0
3.711,2.495,0.533,0.0172,0.0589,4.8,593,0.134,1524.7,239.2,18.6,Permanent,0,4.5484,1426.1,98.6,52.73,0.05357,0.647,34.47,37.29,100.0,0
3.987,2.826,0.511,0.0314,0.0363,12.9,600,0.141,1484.5,136.5,41.3,Sand,1,4.9395,1415.8,68.7,56.83,0.02802,0.326,256.38,5.26,88.92,0
3.48,2.032,0.395,0.0293,0.0712,4.4,889,0.115,1541.8,256.3,41.1,Sand,1,4.1667,1436.3,105.5,101.86,0.06523,0.773,253.04,5.08,100.0,0
3.344,2.46,0.35,0.027,0.0621,2.4,857,0.153,1549.7,295.3,11.2,Sand,1,4.1734,1436.7,113.1,125.33,0.05923,0.697,18.76,40.0,94.46,0
3.674,2.657,0.382,0.026,0.0482,8.0,847,0.121,1542.2,165.4,29.7,Sand,1,4.568,1425.9,116.3,97.02,0.04113,0.512,132.66,10.38,99.54,0
3.612,2.235,0.473,0.0491,0.067,3.1,562,0.137,1520.5,256.6,14.4,Permanent,0,4.3735,1431.0,89.6,48.3,0.06297,0.808,20.7,40.0,100.0,0
3.612,2.266,0.491,0.0102,0.0694,5.1,535,0.104,1528.9,251.1,30.5,Sand,1,4.3712,1430.7,98.2,33.3,0.06261,0.705,139.34,9.17,100.0,0
3.772,2.548,0.319,0.0328,0.0417,3.9,618,0.166,1544.2,186.9,53.4,Die,2,4.6324,1424.0,120.2,70.98,0.03858,0.598,228.21,5.95,100.0,0
3.696,1.973,0.251,0.0863,0.0413,12.7,1512,0.231,1482.2,121.0,62.7,Sand,1,4.3827,1430.7,51.4,590.05,0.03198,0.347,589.37,2.31,0.0,1
3.494,2.369,0.405,0.0303,0.0508,7.4,725,0.156,1543.2,199.8,28.3,Permanent,0,4.2936,1433.2,110.0,91.6,0.04377,0.617,79.91,16.81,100.0,0
3.69,2.088,0.271,0.0196,0.0514,6.5,746,0.102,1500.7,165.9,21.9,Permanent,0,4.3924,1430.0,70.7,63.32,0.04514,0.726,48.17,27.71,100.0,0
3.397,2.513,0.373,0.0976,0.0221,15.4,392,0.221,1549.9,95.5,21.4,Sand,1,4.2674,1434.8,115.1,38.01,0.01624,0.154,68.9,21.11,75.07,0
3.701,2.284,0.506,0.0338,0.069,4.1,779,0.116,1523.9,278.6,27.7,Permanent,0,4.4735,1428.1,95.8,78.34,0.06348,0.72,76.58,16.26,100.0,0
3.68,2.054,0.304,0.0306,0.0513,7.6,731,0.18,1553.1,158.5,40.2,Permanent,0,4.3754,1430.5,122.6,107.61,0.04406,0.586,161.7,8.62,100.0,0
3.605,2.049,0.453,0.0206,0.0492,5.4,888,0.121,1504.4,208.6,10.8,Permanent,0,4.2953,1432.7,71.7,107.18,0.04419,0.59,11.77,40.0,96.76,0
3.589,2.033,0.488,0.0234,0.0692,5.2,525,0.18,1504.9,246.4,32.8,Permanent,0,4.2748,1433.2,71.7,55.5,0.0624,0.704,107.3,11.73,100.0,0
3.681,2.443,0.262,0.0314,0.0574,6.1,846,0.15,1536.3,289.9,54.8,Permanent,0,4.5054,1427.4,108.9,120.33,0.05078,0.599,300.4,4.15,99.89,0
3.846,1.942,0.257,0.0349,0.0563,5.1,1191,0.062,1567.6,68.8,62.3,Sand,1,4.5051,1426.8,140.9,98.8,0.05083,0.631,582.3,2.57,93.89,0
3.462,2.461,0.282,0.0428,0.0511,4.3,500,0.154,1542.2,299.2,25.8,Sand,1,4.2967,1433.4,108.8,43.09,0.04686,0.611,99.53,12.49,100.0,0
3.644,1.92,0.485,0.0237,0.0674,3.1,866,0.132,1559.9,230.2,41.9,Permanent,0,4.2922,1432.6,127.3,110.37,0.06329,0.757,175.53,7.58,95.78,0
3.456,2.201,0.34,0.0439,0.0548,2.4,828,0.123,1506.3,266.1,41.4,Permanent,0,4.2038,1435.6,70.6,94.33,0.05225,0.668,171.37,7.24,100.0,0
3.721,2.112,0.467,0.0484,0.0398,2.5,684,0.17,1501.2,180.9,38.2,Permanent,0,4.4415,1428.9,72.3,89.24,0.0379,0.505,145.66,9.06,100.0,0
3.4,2.678,0.262,0.0333,0.0623,6.3,658,0.101,1514.6,283.4,12.5,Permanent,0,4.3038,1433.4,81.2,49.01,0.05491,0.658,15.58,40.0,100.0,0
3.458,2.453,0.521,0.0361,0.0686,4.5,715,0.098,1507.5,272.1,18.1,Permanent,0,4.2881,1433.5,74.0,55.8,0.06271,0.773,32.68,37.8,97.25,0
3.496,2.275,0.301,0.0187,0.0499,4.5,676,0.153,1542.6,166.6,30.9,Sand,1,4.2602,1433.9,108.7,77.98,0.04567,0.617,142.96,9.63,100.0,0
3.49,1.698,0.229,0.0697,0.0371,10.7,1461,0.133,1518.0,135.1,58.7,Sand,1,4.0797,1438.7,79.3,317.5,0.02996,0.428,516.0,2.68,47.19,1
3.519,2.166,0.319,0.0341,0.0618,5.4,679,0.175,1545.7,262.2,51.5,Permanent,0,4.2522,1434.1,111.5,90.29,0.0555,0.689,265.52,4.83,100.0,0
3.361,2.279,0.476,0.0129,0.0406,8.0,731,0.119,1507.8,271.5,26.8,Sand,1,4.1248,1437.7,70.1,71.29,0.03465,0.463,107.83,11.47,99.9,0
3.586,2.003,0.474,0.0136,0.0508,2.4,593,0.148,1530.0,219.5,33.3,Permanent,0,4.2579,1433.6,96.4,58.11,0.04841,0.668,110.91,11.82,100.0,0
3.408,2.673,0.309,0.0411,0.0686,4.4,867,0.147,1501.4,188.5,27.8,Permanent,0,4.3124,1433.2,68.2,123.7,0.06273,0.738,77.32,16.98,98.54,0
3.734,1.932,0.445,0.0331,0.0715,4.4,647,0.106,1558.3,282.0,20.2,Permanent,0,4.3894,1430.0,128.3,49.52,0.06549,0.743,40.87,31.23,98.65,0
3.487,2.472,0.462,0.0475,0.0449,4.1,835,0.08,1501.0,161.7,10.9,Sand,1,4.3271,1432.6,68.4,62.66,0.04133,0.506,17.82,40.0,100.0,0
3.478,2.205,0.315,0.0192,0.0431,3.4,662,0.082,1550.1,175.2,16.2,Permanent,0,4.2193,1435.0,115.2,40.35,0.04027,0.605,26.27,40.0,97.88,0
3.689,1.927,0.666,0.043,0.0223,15.7,1420,0.145,1522.0,52.0,45.4,Permanent,0,4.346,1431.3,90.7,327.51,0.01626,0.191,206.17,7.13,31.29,1
3.796,2.623,0.399,0.0279,0.0574,3.2,703,0.093,1510.6,172.9,22.9,Permanent,0,4.6803,1422.7,87.8,51.08,0.05384,0.632,52.58,25.44,100.0,0
3.652,1.969,0.436,0.0371,0.0592,6.7,654,0.11,1545.0,298.4,35.8,Die,2,4.321,1432.0,113.0,52.86,0.05183,0.642,102.73,12.13,100.0,0
3.682,2.168,0.284,0.0403,0.0652,6.3,800,0.137,1503.7,230.0,38.4,Permanent,0,4.418,1429.6,74.1,97.76,0.05757,0.579,147.59,8.63,100.0,0
3.784,2.024,0.349,0.0145,0.0587,5.3,839,0.14,1516.7,201.0,13.7,Die,2,4.4636,1427.9,88.8,110.4,0.05286,0.656,15.07,40.0,100.0,0
3.353,2.669,0.469,0.0347,0.0487,7.7,519,0.085,1504.5,215.2,40.5,Sand,1,4.2548,1434.7,69.8,25.55,0.04178,0.564,246.55,5.23,98.76,0
3.615,1.647,0.487,0.0793,0.045,16.5,1414,0.086,1583.3,88.3,61.6,Permanent,0,4.1902,1435.6,147.7,192.81,0.03232,0.357,379.67,3.94,64.19,0
3.448,1.78,0.315,0.0644,0.0359,14.8,1269,0.093,1609.5,133.9,51.1,Permanent,0,4.063,1439.2,170.3,166.53,0.0267,0.236,260.85,5.66,62.24,0
3.674,2.363,0.292,0.0119,0.0594,6.4,858,0.086,1513.5,261.6,42.2,Permanent,0,4.4653,1428.2,85.2,70.93,0.05223,0.625,177.96,7.03,94.85,0
3.432,1.962,0.51,0.0454,0.0451,7.8,585,0.141,1546.6,202.8,46.9,Permanent,0,4.1012,1438.2,108.4,54.04,0.0386,0.507,219.98,6.11,100.0,0
3.64,3.128,0.654,0.0409,0.0476,17.8,327,0.247,1562.4,51.0,11.7,Permanent,0,4.6966,1423.0,139.4,29.47,0.03329,0.302,13.76,40.0,82.19,0
3.53,2.258,0.472,0.016,0.0643,5.9,641,0.088,1531.3,245.8,28.0,Permanent,0,4.2883,1433.1,98.2,40.33,0.05714,0.752,78.64,16.35,100.0,0
3.007,1.747,0.737,0.0909,0.0596,10.8,1380,0.16,1513.0,121.1,54.0,Sand,1,3.6194,1451.8,61.2,341.38,0.04799,0.596,437.52,3.18,39.67,1
3.234,2.807,0.377,0.0813,0.0441,5.4,1141,0.145,1609.6,103.8,24.2,Die,2,4.1969,1437.0,172.6,210.27,0.03961,0.548,46.93,32.09,58.95,1
3.248,1.684,0.229,0.0784,0.0342,8.8,291,0.208,1479.1,152.5,76.3,Sand,1,3.8351,1445.6,33.5,19.71,0.02868,0.456,872.65,1.52,78.02,0
3.739,2.153,0.44,0.0304,0.0387,6.3,684,0.13,1517.5,180.1,27.4,Sand,1,4.4663,1428.1,89.4,68.0,0.0341,0.467,112.53,11.89,98.38,0
3.544,2.665,0.464,0.0204,0.0716,2.5,823,0.174,1536.4,190.5,21.7,Permanent,0,4.439,1429.5,106.9,131.91,0.06806,0.837,47.24,28.49,94.05,0
3.486,2.492,0.522,0.0258,0.0443,7.4,538,0.112,1519.1,203.1,50.4,Die,2,4.3254,1432.5,86.6,36.25,0.03814,0.496,203.35,6.47,100.0,0
3.566,2.13,0.46,0.0132,0.0447,7.4,731,0.09,1514.8,229.3,30.7,Permanent,0,4.2806,1433.1,81.7,54.05,0.03856,0.574,94.54,13.6,97.58,0
3.519,2.52,0.506,0.0452,0.0618,2.8,858,0.134,1512.4,200.3,41.1,Die,2,4.3744,1431.3,81.1,110.48,0.05843,0.775,134.92,9.72,100.0,0
3.402,2.34,0.293,0.0377,0.0582,7.2,667,0.13,1513.0,155.5,59.4,Permanent,0,4.1945,1436.0,77.0,64.41,0.0504,0.63,353.16,3.84,100.0,0
3.47,2.098,0.376,0.0112,0.0695,2.3,890,0.139,1551.2,177.4,21.1,Permanent,0,4.1727,1436.1,115.2,123.29,0.06629,0.843,44.43,30.92,94.31,0
3.461,2.178,0.339,0.0249,0.0449,6.2,550,0.106,1501.6,284.5,43.3,Die,2,4.1958,1435.7,66.0,35.8,0.03959,0.49,149.78,8.13,97.2,0
3.697,2.426,0.475,0.0481,0.0666,2.6,507,0.173,1537.7,272.7,38.4,Permanent,0,4.5219,1427.1,110.7,49.58,0.0632,0.754,147.59,8.57,100.0,0
3.604,2.515,0.225,0.0777,0.0253,13.2,1300,0.131,1459.5,111.3,69.5,Sand,1,4.4684,1429.0,30.5,246.99,0.01944,0.257,723.55,1.86,45.99,1
3.412,1.905,0.265,0.016,0.071,4.9,539,0.166,1546.0,159.5,44.5,Permanent,0,4.0526,1439.2,106.8,53.84,0.06436,0.8,198.22,6.99,99.84,0
3.216,2.977,0.19,0.0642,0.0296,11.4,1291,0.221,1528.5,148.6,66.2,Permanent,0,4.2297,1436.1,92.4,411.07,0.02354,0.327,438.48,3.15,31.35,1
3.986,1.504,0.472,0.0281,0.0299,8.3,258,0.063,1548.6,85.7,5.4,Sand,1,4.4967,1426.4,122.2,4.69,0.02534,0.385,4.37,40.0,76.6,0
3.551,2.497,0.367,0.0375,0.0719,3.9,508,0.093,1516.6,189.5,38.9,Permanent,0,4.3962,1430.6,86.1,26.89,0.06652,0.764,151.41,8.77,95.72,0
3.286,1.481,0.467,0.0896,0.0232,11.8,466,0.148,1561.7,159.7,76.9,Permanent,0,3.8097,1446.1,115.6,36.05,0.01834,0.276,591.9,2.37,80.6,0
3.098,1.696,0.287,0.0741,0.0492,9.3,1244,0.157,1541.9,114.0,57.2,Permanent,0,3.6884,1449.7,92.2,271.73,0.04086,0.446,326.96,4.37,55.43,1
3.543,2.644,0.411,0.0276,0.0578,4.1,800,0.096,1512.7,187.9,22.4,Permanent,0,4.4335,1429.6,83.0,68.4,0.05327,0.72,50.04,26.48,100.0,0
3.554,2.028,0.454,0.0293,0.0524,2.5,632,0.121,1539.9,249.1,54.8,Permanent,0,4.2396,1434.3,105.7,54.1,0.04982,0.691,300.08,4.3,100.0,0
3.402,2.124,0.454,0.0105,0.0661,4.3,725,0.144,1508.2,188.8,21.6,Permanent,0,4.1138,1437.7,70.5,84.79,0.06073,0.739,46.48,28.39,97.64,0
3.976,2.669,0.376,0.083,0.0594,17.2,399,0.066,1477.9,126.2,41.8,Permanent,0,4.8934,1417.3,60.6,11.74,0.04213,0.379,174.66,7.74,79.07,0
3.119,1.823,0.401,0.0648,0.0324,11.1,579,0.159,1469.7,59.7,41.5,Sand,1,3.748,1448.1,21.6,59.63,0.02598,0.325,258.78,5.45,62.88,0
3.358,2.063,0.326,0.0321,0.0609,2.4,569,0.124,1555.2,270.2,53.4,Permanent,0,4.0565,1439.5,115.8,44.69,0.05803,0.759,285.52,4.5,96.47,0
3.587,2.367,0.521,0.0265,0.0719,3.0,660,0.139,1528.4,240.9,26.4,Sand,1,4.3849,1430.6,97.8,67.87,0.06764,0.766,104.32,12.34,99.67,0
3.378,2.557,0.383,0.0181,0.0705,7.1,804,0.128,1514.9,228.4,10.7,Permanent,0,4.2364,1435.0,80.0,92.13,0.06116,0.667,11.54,40.0,96.45,0
3.792,2.083,0.515,0.0141,0.0514,5.8,538,0.13,1536.1,204.4,41.9,Permanent,0,4.4907,1427.2,108.9,42.01,0.04579,0.602,175.34,7.6,100.0,0
3.499,2.094,0.286,0.0267,0.0647,6.8,618,0.103,1550.8,216.1,55.7,Die,2,4.206,1435.3,115.5,44.02,0.05649,0.649,248.05,5.38,100.0,0
3.392,1.428,0.394,0.0223,0.0248,17.9,1179,0.235,1590.3,137.8,5.9,Permanent,0,3.875,1443.6,146.7,364.69,0.01734,0.075,3.43,40.0,16.31,1
3.488,1.909,0.292,0.0467,0.0635,4.6,743,0.147,1521.2,248.7,52.4,Permanent,0,4.1396,1437.1,84.1,90.34,0.05795,0.727,274.83,4.63,100.0,0
3.289,2.908,0.295,0.0279,0.0261,7.4,1373,0.132,1558.9,146.8,25.4,Permanent,0,4.268,1434.6,124.3,279.12,0.02256,0.375,64.42,21.92,56.56,1
3.551,2.645,0.513,0.0102,0.0455,6.3,510,0.15,1505.7,251.3,13.7,Permanent,0,4.4359,1429.4,76.2,43.64,0.04015,0.487,18.83,40.0,99.64,0
3.728,1.993,0.263,0.025,0.0549,8.0,773,0.17,1539.2,295.4,19.7,Permanent,0,4.4009,1429.7,109.6,113.53,0.04682,0.559,38.88,31.99,99.87,0
3.672,2.21,0.464,0.0275,0.053,7.6,642,0.138,1547.5,267.2,45.0,Permanent,0,4.4178,1429.5,118.0,63.6,0.04549,0.594,202.08,6.34,100.0,0
3.193,1.838,0.243,0.0526,0.0241,14.2,1174,0.249,1514.3,135.9,6.0,Permanent,0,3.8227,1445.9,68.4,383.0,0.01814,0.279,3.59,40.0,17.54,1
3.043,1.567,0.2,0.0238,0.0335,6.5,347,0.239,1561.0,75.8,85.0,Permanent,0,3.5727,1452.3,108.7,32.3,0.02938,0.453,722.68,2.06,79.34,0
4.065,2.992,0.64,0.0909,0.0467,8.6,1593,0.084,1491.9,159.3,61.0,Permanent,0,5.0922,1412.3,79.7,237.37,0.03938,0.495,372.03,3.58,62.98,0
3.332,1.986,0.265,0.0461,0.0718,2.3,810,0.133,1512.3,183.2,11.7,Permanent,0,4.0092,1440.8,71.5,97.23,0.06864,0.833,13.75,40.0,92.63,0
3.792,2.099,0.46,0.0313,0.0678,3.4,803,0.137,1511.9,297.8,24.1,Die,2,4.502,1427.0,84.9,98.56,0.06332,0.777,46.3,26.22,100.0,0
3.745,2.623,0.3,0.0258,0.0454,3.3,745,0.167,1547.2,169.0,45.2,Sand,1,4.6282,1424.1,123.1,103.66,0.04256,0.63,306.7,4.49,98.67,0
3.501,3.118,0.333,0.0782,0.0459,17.6,1422,0.061,1509.8,119.6,57.5,Die,2,4.5661,1427.0,82.8,138.18,0.03226,0.335,264.76,5.25,86.74,0
3.285,3.007,0.508,0.0863,0.0369,12.8,1330,0.125,1528.6,127.6,89.5,Die,2,4.3164,1434.0,94.7,247.4,0.02855,0.399,640.45,2.19,66.24,0
3.321,2.52,0.381,0.0203,0.0438,7.7,839,0.136,1553.9,290.5,37.4,Permanent,0,4.1675,1436.9,117.1,107.09,0.03756,0.575,139.91,9.03,97.01,0
3.885,2.533,0.416,0.0469,0.0297,6.0,1313,0.22,1591.9,147.3,28.4,Permanent,0,4.7452,1420.9,170.9,425.22,0.02638,0.544,80.88,17.86,15.72,1
3.59,2.207,0.365,0.0444,0.0445,4.3,656,0.141,1531.2,220.4,47.2,Permanent,0,4.3406,1431.8,99.4,67.68,0.0408,0.575,222.75,5.88,100.0,0
3.347,2.648,0.289,0.0304,0.0543,3.1,840,0.128,1523.9,170.2,58.6,Permanent,0,4.2398,1435.1,88.8,100.87,0.05105,0.658,343.5,3.94,100.0,0
3.394,2.73,0.351,0.0762,0.0587,7.1,251,0.218,1596.3,85.5,44.1,Permanent,0,4.3294,1433.1,163.2,15.42,0.05096,0.626,194.35,7.77,78.77,0
3.448,2.26,0.516,0.0963,0.0445,8.6,1510,0.055,1511.7,58.5,27.1,Permanent,0,4.2336,1435.4,76.4,140.6,0.03744,0.491,73.62,19.74,81.45,0
3.556,2.429,0.348,0.023,0.0451,4.5,794,0.136,1523.0,182.9,40.0,Permanent,0,4.3733,1431.0,92.0,95.82,0.04121,0.578,159.88,8.38,100.0,0
3.456,2.574,0.473,0.0303,0.0558,2.6,795,0.093,1511.7,286.5,57.7,Permanent,0,4.324,1432.6,79.0,65.65,0.05295,0.686,332.47,3.69,100.0,0
3.259,2.07,0.482,0.0942,0.0507,10.2,1574,0.075,1444.6,147.7,83.4,Permanent,0,3.9802,1442.2,2.4,209.15,0.0413,0.533,695.35,1.87,58.29,1
3.666,2.287,0.527,0.0465,0.055,6.2,792,0.098,1533.3,188.7,11.5,Permanent,0,4.4443,1429.0,104.2,68.64,0.04854,0.659,13.26,40.0,100.0,0
3.448,1.989,0.531,0.0301,0.0586,10.0,1361,0.182,1529.2,118.5,65.5,Sand,1,4.1212,1437.5,91.6,377.78,0.048,0.575,644.14,2.19,44.42,1
3.475,2.624,0.255,0.0332,0.071,7.6,789,0.119,1521.5,195.0,15.5,Permanent,0,4.3611,1431.7,89.8,82.94,0.06094,0.707,24.08,40.0,100.0,0
3.508,2.474,0.405,0.0136,0.0554,8.0,689,0.091,1551.2,194.3,46.3,Die,2,4.3372,1432.0,119.2,48.43,0.04728,0.562,171.8,7.9,100.0,0
3.746,2.138,0.417,0.0472,0.0464,2.3,867,0.114,1522.4,253.1,28.9,Permanent,0,4.4745,1428.0,94.4,96.0,0.04433,0.665,83.48,15.2,100.0,0
3.352,2.527,0.443,0.0291,0.0461,7.3,784,0.111,1500.6,219.3,42.9,Sand,1,4.2042,1435.9,64.7,76.32,0.03979,0.539,276.2,4.64,100.0,0
4.053,3.118,0.181,0.0692,0.0506,14.1,333,0.079,1446.3,138.4,35.9,Permanent,0,5.1155,1411.6,34.7,9.83,0.03816,0.44,128.9,10.15,71.18,0
3.379,2.501,0.311,0.0183,0.0526,7.9,769,0.118,1546.6,293.3,24.9,Die,2,4.2194,1435.4,111.3,78.09,0.04489,0.563,49.54,25.3,99.78,0
3.608,2.378,0.335,0.0209,0.046,6.4,555,0.086,1533.0,175.8,50.5,Permanent,0,4.4073,1430.0,103.0,29.57,0.04051,0.535,255.2,5.32,100.0,0
3.473,1.914,0.481,0.0217,0.0555,4.0,703,0.104,1534.2,171.0,37.5,Sand,1,4.118,1437.5,96.7,57.19,0.05125,0.673,210.95,6.46,100.0,0
4.091,2.14,0.548,0.0512,0.0393,12.9,1212,0.17,1459.5,156.7,11.7,Permanent,0,4.8214,1418.3,41.2,278.55,0.03035,0.422,13.79,40.0,49.85,1
3.779,2.141,0.298,0.0269,0.0633,7.2,684,0.098,1547.7,241.6,53.1,Permanent,0,4.5015,1427.1,120.6,51.39,0.05483,0.61,282.06,4.63,100.0,0
3.393,2.086,0.307,0.0152,0.0587,2.1,744,0.164,1530.6,254.6,33.0,Sand,1,4.0936,1438.3,92.3,101.42,0.05631,0.747,163.11,7.82,100.0,0
3.508,2.599,0.418,0.0288,0.0512,6.3,525,0.098,1554.4,191.4,22.5,Sand,1,4.3841,1431.0,123.4,30.03,0.04515,0.56,75.99,17.94,100.0,0
3.101,1.785,0.51,0.0668,0.0446,17.1,502,0.222,1447.2,67.5,45.2,Sand,1,3.7187,1448.9,-1.7,62.41,0.03167,0.31,305.91,4.51,61.78,1
3.343,2.54,0.5,0.0479,0.0515,6.5,668,0.148,1554.9,162.2,46.6,Permanent,0,4.2052,1436.1,118.9,73.76,0.0452,0.524,217.4,6.41,100.0,0
3.966,1.584,0.411,0.0526,0.0428,7.8,1322,0.104,1541.1,151.3,53.7,Die,2,4.5112,1426.3,114.8,202.53,0.03666,0.58,230.46,6.03,78.91,0
3.667,2.675,0.268,0.0234,0.0727,2.3,763,0.138,1509.1,228.6,49.2,Permanent,0,4.5667,1425.9,83.2,89.63,0.0694,0.829,241.87,5.29,98.54,0
3.123,1.502,0.388,0.0316,0.0348,7.3,244,0.177,1524.6,145.8,17.7,Permanent,0,3.6346,1450.5,74.1,11.85,0.03008,0.414,31.47,40.0,77.83,0
3.232,1.455,0.452,0.0882,0.0388,12.7,333,0.065,1505.7,52.3,66.3,Permanent,0,3.746,1447.9,57.8,8.05,0.03012,0.431,439.3,3.31,68.97,0
3.853,1.403,0.789,0.0525,0.0327,15.4,296,0.129,1520.2,69.6,20.9,Permanent,0,4.3382,1430.9,89.4,12.67,0.02399,0.258,43.51,33.34,76.75,0
3.382,1.661,0.286,0.0216,0.0375,10.2,1231,0.102,1491.5,103.9,86.4,Permanent,0,3.943,1442.0,49.5,173.0,0.03059,0.412,745.98,1.86,70.7,0
3.102,2.848,0.172,0.053,0.0296,16.2,1127,0.151,1461.9,117.3,14.4,Permanent,0,4.0693,1440.4,21.6,214.18,0.02139,0.221,20.75,40.0,47.13,1
3.745,1.946,0.416,0.0186,0.0556,5.5,720,0.175,1516.4,250.2,53.4,Permanent,0,4.3999,1429.6,86.8,101.47,0.04982,0.559,285.03,4.44,100.0,0
3.498,2.279,0.297,0.0257,0.0471,2.8,547,0.18,1522.7,203.5,37.9,Permanent,0,4.2668,1433.8,88.9,60.02,0.04452,0.634,143.29,9.21,100.0,0
3.658,1.95,0.686,0.0274,0.0286,8.8,1495,0.131,1456.4,62.7,23.6,Sand,1,4.3172,1432.0,24.5,327.6,0.02399,0.392,83.43,16.71,27.04,1
3.62,2.485,0.636,0.0551,0.0227,16.2,302,0.173,1524.5,81.6,60.2,Sand,1,4.4664,1428.8,95.8,17.61,0.01641,0.267,543.52,2.65,72.23,0
3.574,2.222,0.251,0.0561,0.0354,15.5,1380,0.11,1457.7,111.1,19.6,Permanent,0,4.3331,1432.2,25.6,234.72,0.02597,0.316,38.28,35.17,52.02,1
3.364,2.383,0.288,0.0499,0.0576,7.7,550,0.09,1554.1,197.5,53.3,Permanent,0,4.1756,1436.7,117.3,30.6,0.0494,0.596,283.86,4.78,100.0,0
3.711,2.227,0.348,0.0451,0.0514,7.6,777,0.104,1510.2,255.9,13.2,Die,2,4.4685,1428.3,81.9,70.44,0.04415,0.533,13.95,40.0,100.0,0
3.75,2.52,0.401,0.0482,0.0561,7.4,689,0.108,1559.5,194.7,20.6,Die,2,4.6063,1424.8,134.7,57.53,0.04835,0.613,34.01,40.0,93.93,0
3.682,2.392,0.371,0.0372,0.04,5.3,565,0.14,1512.9,161.8,20.0,Die,2,4.4919,1427.8,85.1,50.1,0.03598,0.587,31.96,40.0,100.0,0
3.866,2.198,0.672,0.0467,0.048,17.7,338,0.181,1575.8,133.9,75.8,Permanent,0,4.6142,1424.2,151.7,23.22,0.03368,0.275,574.18,2.51,80.42,0
3.311,2.948,0.471,0.0833,0.0505,16.5,1409,0.202,1584.3,115.5,9.7,Permanent,0,4.3213,1433.7,150.6,447.77,0.03625,0.271,9.41,40.0,14.98,1
3.401,1.955,0.249,0.075,0.0589,9.8,575,0.244,1601.7,57.5,51.6,Die,2,4.0771,1439.1,162.5,90.23,0.04844,0.618,213.09,7.25,79.37,0
3.93,1.966,0.212,0.0705,0.055,13.8,1496,0.109,1547.6,70.7,77.1,Permanent,0,4.6084,1424.2,123.4,273.16,0.04171,0.399,595.0,2.48,57.24,1
3.391,1.689,0.641,0.0716,0.0214,12.8,1455,0.212,1481.0,150.1,12.0,Sand,1,3.9775,1441.5,39.4,500.65,0.01656,0.19,21.75,40.0,0.0,1
3.309,2.506,0.456,0.0215,0.039,6.3,501,0.113,1500.1,206.4,40.1,Sand,1,4.1516,1437.3,62.8,31.63,0.03438,0.493,241.43,5.36,100.0,0
3.898,1.96,0.235,0.0569,0.0243,10.1,1323,0.17,1488.3,59.2,54.9,Permanent,0,4.5699,1425.2,63.1,332.22,0.01985,0.291,301.52,4.74,34.92,1
3.394,3.191,0.776,0.0336,0.0385,11.2,1392,0.138,1440.4,75.6,36.2,Permanent,0,4.4691,1429.4,10.9,298.9,0.03076,0.324,131.25,10.4,32.35,1
3.493,1.733,0.552,0.0719,0.0361,8.9,1388,0.111,1583.5,87.1,20.4,Permanent,0,4.0942,1438.3,145.2,239.26,0.03018,0.429,41.67,35.91,55.15,1
3.501,1.969,0.463,0.0342,0.0597,2.3,612,0.099,1530.4,152.4,50.0,Permanent,0,4.1694,1436.2,94.2,41.5,0.057,0.738,249.72,5.52,98.82,0
3.737,1.663,0.445,0.089,0.0355,11.9,304,0.221,1569.4,147.4,62.6,Permanent,0,4.3213,1432.1,137.3,22.81,0.02801,0.383,391.63,3.63,84.58,0
4.059,2.146,0.293,0.0424,0.0263,8.9,470,0.099,1556.7,98.1,82.5,Permanent,0,4.7886,1419.2,137.5,24.48,0.02196,0.393,680.83,2.14,72.93,0
3.393,1.831,0.528,0.0967,0.0273,9.2,1591,0.17,1554.9,60.2,52.1,Die,2,4.0354,1440.4,114.6,481.51,0.02275,0.367,217.39,6.88,1.59,1
3.528,2.574,0.377,0.0486,0.0536,6.3,733,0.139,1556.6,257.7,37.1,Sand,1,4.4018,1430.6,126.0,83.29,0.04727,0.631,207.01,6.27,100.0,0
3.424,2.535,0.355,0.0202,0.0469,6.2,516,0.125,1541.7,248.5,26.0,Permanent,0,4.2754,1433.9,107.9,37.18,0.04139,0.498,67.43,19.18,100.0,0
3.82,2.93,0.391,0.0206,0.0459,5.5,1559,0.172,1512.7,147.3,77.2,Sand,1,4.8042,1419.6,93.1,466.94,0.0411,0.477,894.82,1.53,25.44,1
3.485,1.944,0.41,0.0311,0.054,7.1,641,0.156,1520.1,288.9,42.9,Die,2,4.1436,1436.9,83.3,71.48,0.04691,0.551,147.28,8.36,100.0,0
3.547,2.416,0.428,0.038,0.0646,6.2,504,0.153,1532.6,272.3,50.5,Sand,1,4.3648,1431.4,101.3,43.54,0.05702,0.667,381.92,3.3,100.0,0
3.398,2.287,0.374,0.0391,0.021,6.5,1306,0.081,1450.0,158.8,23.5,Die,2,4.1731,1436.6,13.4,153.53,0.01849,0.363,44.15,29.24,56.52,1
3.687,2.297,0.306,0.037,0.0654,3.3,678,0.087,1559.1,204.8,52.3,Die,2,4.4646,1428.4,130.7,44.7,0.06122,0.768,218.98,6.18,96.77,0
3.333,1.737,0.456,0.0758,0.0487,16.6,1358,0.215,1479.2,89.0,14.0,Permanent,0,3.9374,1442.8,36.4,442.93,0.03497,0.396,19.68,40.0,14.12,1
3.572,1.996,0.472,0.024,0.0584,5.4,676,0.134,1523.6,254.7,35.1,Permanent,0,4.2452,1434.0,89.6,68.56,0.05245,0.67,123.12,10.31,100.0,0
3.316,2.157,0.326,0.0362,0.0462,6.6,687,0.174,1547.1,272.5,26.1,Permanent,0,4.0468,1439.9,107.2,91.55,0.04049,0.546,68.36,18.65,96.6,0
3.559,2.386,0.28,0.0222,0.0597,6.5,883,0.126,1538.0,270.6,51.0,Die,2,4.3619,1431.3,106.8,110.1,0.05247,0.608,208.44,6.08,100.0,0
3.292,1.773,0.308,0.0215,0.0229,11.1,1197,0.242,1463.5,142.7,69.7,Die,2,3.8898,1443.7,19.8,387.04,0.01837,0.339,388.56,3.4,10.64,1
3.333,2.649,0.553,0.025,0.0514,16.2,308,0.177,1604.1,82.3,56.3,Permanent,0,4.2241,1435.5,168.6,18.76,0.03719,0.383,317.39,4.79,76.93,0
4.021,3.196,0.163,0.0995,0.0302,9.1,543,0.142,1572.8,93.0,15.3,Die,2,5.1198,1411.8,161.0,46.9,0.0252,0.35,18.62,40.0,65.24,0
3.554,2.571,0.456,0.0433,0.0453,8.0,664,0.128,1547.2,279.5,11.9,Die,2,4.4252,1429.9,117.2,62.83,0.03857,0.453,11.4,40.0,100.0,0
3.327,2.478,0.482,0.0221,0.0647,2.3,618,0.107,1554.8,239.0,53.5,Sand,1,4.1606,1437.0,117.8,45.83,0.0618,0.814,429.43,3.06,99.86,0
3.276,3.185,0.647,0.0737,0.0501,11.5,1541,0.175,1523.9,101.4,56.4,Permanent,0,4.362,1432.8,91.1,464.37,0.03978,0.481,318.17,4.47,28.66,1
3.796,2.415,0.456,0.0195,0.0565,2.7,882,0.174,1543.8,206.7,14.1,Permanent,0,4.6073,1424.4,119.4,151.12,0.05354,0.749,19.92,40.0,95.23,0
3.508,2.471,0.336,0.0853,0.0316,9.7,1313,0.184,1527.1,106.0,34.5,Sand,1,4.3595,1432.0,95.1,355.19,0.02606,0.34,178.64,7.96,35.01,1
3.768,2.048,0.265,0.0173,0.049,6.3,644,0.1,1530.7,255.9,41.7,Sand,1,4.4564,1428.1,102.5,46.38,0.04317,0.469,260.76,4.89,100.0,0
3.492,1.861,0.175,0.037,0.0504,9.3,1283,0.23,1453.2,149.1,9.8,Sand,1,4.1248,1437.3,15.9,423.08,0.0418,0.52,14.41,40.0,17.13,1
3.726,2.151,0.33,0.0323,0.0558,5.4,551,0.118,1527.2,208.6,13.3,Sand,1,4.4534,1428.5,98.7,40.08,0.05,0.568,26.72,40.0,100.0,0
3.669,2.133,0.488,0.0116,0.0614,2.2,503,0.107,1533.7,218.3,15.0,Sand,1,4.3834,1430.2,103.5,30.29,0.05875,0.78,33.6,39.15,100.0,0
3.649,2.112,0.483,0.048,0.047,3.5,778,0.136,1541.6,183.0,33.4,Sand,1,4.3696,1430.9,110.7,91.71,0.04378,0.613,167.78,8.1,100.0,0
3.383,2.654,0.262,0.0216,0.0611,7.3,734,0.082,1534.5,260.9,55.2,Permanent,0,4.2749,1434.0,100.5,49.62,0.05284,0.69,305.07,4.17,100.0,0
3.737,2.646,0.288,0.0172,0.0702,7.3,821,0.105,1510.6,178.3,54.6,Die,2,4.6252,1424.2,86.5,79.19,0.06068,0.693,238.36,5.59,100.0,0
3.726,2.451,0.373,0.0153,0.0427,6.9,642,0.14,1533.0,212.0,29.8,Permanent,0,4.5483,1426.1,107.0,64.35,0.03721,0.457,88.89,14.86,100.0,0
3.61,2.316,0.312,0.0471,0.047,5.1,605,0.13,1548.1,267.1,33.1,Sand,1,4.3983,1430.4,117.7,53.41,0.04244,0.6,164.53,7.79,100.0,0
3.722,2.673,0.251,0.0412,0.0652,6.9,760,0.162,1517.1,248.1,18.8,Sand,1,4.6267,1424.4,92.7,104.83,0.05673,0.669,52.97,23.96,100.0,0
3.719,2.474,0.497,0.0332,0.0695,3.6,787,0.158,1524.6,223.7,19.7,Die,2,4.5542,1426.1,98.5,109.63,0.0647,0.771,31.01,40.0,96.81,0
3.711,2.011,0.32,0.0148,0.0463,6.1,886,0.093,1557.6,253.1,24.8,Permanent,0,4.3867,1430.0,127.6,81.44,0.04093,0.563,61.29,21.29,100.0,0
3.585,2.439,0.382,0.0378,0.0565,6.1,841,0.114,1515.6,184.4,45.4,Permanent,0,4.4109,1430.1,85.5,90.14,0.04999,0.632,206.33,6.45,100.0,0
3.734,2.685,0.499,0.0215,0.0384,7.9,543,0.105,1541.3,184.5,20.7,Sand,1,4.6357,1424.0,117.3,34.54,0.03286,0.434,64.55,21.02,98.9,0
3.489,1.851,0.737,0.0451,0.0301,11.3,496,0.12,1528.0,115.5,32.2,Permanent,0,4.1209,1437.5,90.5,33.05,0.02399,0.41,103.52,13.64,82.6,0
3.675,2.641,0.513,0.0257,0.0505,4.5,558,0.175,1524.2,176.0,16.2,Permanent,0,4.5644,1426.0,98.2,61.08,0.04617,0.681,26.13,40.0,100.0,0
3.359,2.302,0.379,0.025,0.0726,3.7,568,0.151,1559.5,154.2,52.7,Permanent,0,4.1347,1437.5,121.9,54.47,0.06738,0.796,277.8,5.06,95.75,0
3.49,2.134,0.421,0.0155,0.0663,5.6,532,0.124,1546.4,163.9,39.3,Permanent,0,4.2066,1435.2,111.2,39.38,0.05926,0.697,154.52,8.95,98.38,0
3.473,2.175,0.351,0.0409,0.0485,6.1,592,0.176,1527.9,299.5,38.2,Sand,1,4.2117,1435.4,92.5,69.17,0.04293,0.515,219.15,5.61,100.0,0
3.598,2.059,0.443,0.0133,0.0731,3.3,737,0.141,1512.7,163.5,38.3,Permanent,0,4.2889,1432.8,79.9,85.29,0.06836,0.837,146.37,9.22,100.0,0
3.635,2.405,0.535,0.0131,0.0494,4.8,594,0.086,1519.8,190.4,37.3,Sand,1,4.4406,1429.0,90.8,33.83,0.04492,0.551,208.35,6.38,99.89,0
3.302,2.332,0.282,0.0345,0.0561,7.0,684,0.163,1507.0,164.6,54.1,Permanent,0,4.0909,1438.9,68.1,85.56,0.04878,0.592,292.61,4.59,100.0,0
3.681,2.268,0.355,0.013,0.0526,2.5,869,0.166,1526.4,256.3,58.3,Die,2,4.4411,1428.8,97.6,140.02,0.05002,0.704,272.19,4.67,97.22,0
3.056,2.232,0.717,0.0727,0.0295,11.5,585,0.127,1509.7,103.5,47.1,Permanent,0,3.8244,1446.6,63.1,48.69,0.02343,0.442,221.41,6.35,83.63,0
3.61,2.645,0.464,0.0259,0.0651,7.3,626,0.089,1544.6,251.4,58.8,Sand,1,4.5006,1427.8,116.8,39.13,0.05629,0.657,518.26,2.5,100.0,0
3.96,2.077,0.742,0.0736,0.0587,7.0,485,0.102,1515.2,72.6,31.2,Permanent,0,4.6766,1422.5,92.7,26.85,0.05098,0.657,97.42,14.81,92.61,0
3.441,1.827,0.505,0.033,0.0485,11.6,461,0.166,1521.2,147.2,40.5,Sand,1,4.0607,1439.0,82.2,39.31,0.03845,0.404,246.22,5.58,99.32,0
3.31,2.542,0.385,0.044,0.047,3.4,611,0.134,1558.4,289.3,22.0,Permanent,0,4.1717,1437.0,121.5,55.85,0.04392,0.591,48.37,26.24,100.0,0
3.417,2.202,0.493,0.0239,0.039,5.7,660,0.13,1558.0,290.6,25.6,Die,2,4.1592,1436.7,121.3,63.3,0.03476,0.485,52.4,24.19,97.34,0
3.617,2.226,0.441,0.0115,0.0732,3.3,812,0.159,1512.7,208.8,25.0,Permanent,0,4.3629,1430.9,81.8,117.17,0.06853,0.81,62.38,20.9,98.97,0
3.553,2.493,0.529,0.0134,0.053,4.3,673,0.092,1547.2,179.0,31.8,Permanent,0,4.3882,1430.6,116.6,46.79,0.04865,0.582,100.83,13.57,100.0,0
3.89,2.894,0.781,0.0443,0.0577,14.8,1589,0.117,1538.2,121.7,22.4,Permanent,0,4.8693,1417.9,120.3,331.4,0.04291,0.42,50.01,28.33,45.57,1
3.576,2.229,0.251,0.0266,0.0525,7.2,780,0.14,1523.0,295.5,28.1,Permanent,0,4.3278,1432.0,91.0,95.35,0.04547,0.508,78.98,15.54,100.0,0
3.652,2.135,0.471,0.0402,0.0647,2.5,799,0.087,1502.0,179.4,22.5,Permanent,0,4.3772,1430.7,71.3,62.18,0.06155,0.814,50.73,26.07,100.0,0
3.506,2.489,0.319,0.0355,0.0749,2.4,727,0.153,1503.2,202.0,34.8,Sand,1,4.3473,1431.9,71.3,90.62,0.07135,0.833,182.02,7.15,99.0,0
3.49,2.426,0.27,0.0162,0.0489,4.3,896,0.164,1546.5,279.6,20.0,Permanent,0,4.3045,1432.9,113.7,147.38,0.04487,0.581,39.87,31.78,95.07,0
3.361,2.068,0.485,0.0142,0.039,5.1,783,0.116,1501.4,210.9,51.0,Permanent,0,4.0552,1439.3,62.0,79.76,0.03517,0.479,260.49,4.95,99.62,0
3.703,1.928,0.314,0.0495,0.0683,4.7,726,0.149,1549.8,151.8,56.7,Permanent,0,4.362,1430.9,118.9,87.9,0.06214,0.725,321.72,4.35,100.0,0
3.486,2.442,0.493,0.0434,0.0412,7.6,833,0.094,1552.8,215.4,57.0,Permanent,0,4.3145,1432.9,120.0,73.19,0.03539,0.497,324.98,4.12,100.0,0
3.714,2.683,0.43,0.0141,0.0529,6.1,769,0.108,1540.5,270.0,29.8,Permanent,0,4.6129,1424.5,115.9,71.33,0.04686,0.565,88.58,14.34,100.0,0
3.399,1.928,0.736,0.0511,0.0555,7.6,476,0.233,1504.6,73.8,45.0,Sand,1,4.0588,1439.4,65.2,58.95,0.04761,0.589,304.09,4.71,91.22,0
3.484,2.349,0.534,0.0403,0.0609,7.2,615,0.175,1559.1,254.0,58.0,Permanent,0,4.2804,1433.7,125.5,73.91,0.05268,0.649,336.97,3.87,100.0,0
3.778,2.524,0.373,0.0383,0.0712,3.4,644,0.092,1529.9,264.0,24.7,Sand,1,4.6318,1424.0,105.8,42.52,0.06653,0.792,91.47,13.84,97.71,0
3.378,2.22,0.408,0.0331,0.0465,2.9,752,0.123,1513.7,219.7,23.8,Sand,1,4.1291,1437.7,76.0,77.38,0.04389,0.575,84.98,15.23,98.19,0
3.509,2.404,0.388,0.0208,0.0522,7.3,705,0.158,1533.4,279.6,23.6,Sand,1,4.3178,1432.5,100.9,87.75,0.04507,0.589,83.35,15.04,100.0,0
3.124,2.095,0.561,0.0596,0.0558,17.1,1538,0.059,1565.6,50.4,49.3,Permanent,0,3.842,1445.8,119.8,156.71,0.03967,0.398,243.16,6.23,73.76,0
3.355,2.419,0.401,0.016,0.0698,2.9,643,0.111,1554.9,235.3,46.7,Sand,1,4.167,1436.7,118.2,51.29,0.06582,0.841,327.39,4.03,95.77,0
4.001,1.8,0.461,0.0441,0.0363,11.4,515,0.216,1451.4,88.5,7.2,Permanent,0,4.6156,1423.6,27.8,63.95,0.02892,0.388,5.17,40.0,78.6,0
3.663,2.174,0.415,0.0403,0.072,4.7,864,0.157,1537.3,291.5,47.0,Permanent,0,4.4008,1430.1,107.3,130.55,0.0655,0.733,220.84,5.64,95.72,0
3.364,1.729,0.521,0.0732,0.0592,6.1,1503,0.243,1530.5,57.4,64.8,Permanent,0,3.9644,1442.0,88.5,613.53,0.05243,0.646,419.64,3.51,0.0,1
3.77,2.403,0.452,0.0223,0.0538,3.4,854,0.085,1532.6,182.7,15.7,Die,2,4.5788,1425.2,107.4,69.57,0.05029,0.671,19.6,40.0,100.0,0
3.471,2.087,0.722,0.0616,0.0336,13.9,353,0.112,1481.2,83.8,77.1,Permanent,0,4.1871,1436.1,45.1,15.63,0.02549,0.251,594.84,2.35,72.76,0
3.605,2.29,0.476,0.0457,0.0624,2.5,657,0.152,1554.9,213.3,54.9,Sand,1,4.3833,1430.7,124.2,73.27,0.05941,0.676,452.31,2.97,100.0,0
3.891,2.257,0.38,0.0865,0.0232,15.6,559,0.11,1554.2,135.7,72.7,Die,2,4.6718,1423.0,131.2,38.51,0.01695,0.241,422.49,3.36,82.12,0
3.339,2.481,0.213,0.0789,0.0536,5.1,525,0.176,1558.9,124.1,32.2,Die,2,4.1919,1436.7,122.3,54.26,0.04835,0.615,82.94,17.3,93.57,0
3.429,2.044,0.506,0.01,0.0692,4.0,887,0.087,1556.5,182.1,16.5,Permanent,0,4.1138,1437.6,118.9,76.44,0.06389,0.742,27.1,40.0,93.82,0
3.932,3.015,0.799,0.0851,0.0205,15.6,236,0.193,1462.9,155.9,77.4,Permanent,0,4.965,1415.8,47.1,12.06,0.01502,0.234,598.88,2.18,61.29,1
3.657,2.312,0.667,0.0411,0.0215,13.3,1142,0.058,1529.7,90.3,32.5,Die,2,4.4413,1429.1,100.6,85.06,0.01651,0.294,84.34,17.07,81.22,0
4.061,2.699,0.62,0.0849,0.0213,14.0,1393,0.067,1446.9,89.5,59.2,Permanent,0,4.9884,1414.7,32.2,144.82,0.0161,0.199,350.79,3.87,54.77,1
3.343,2.884,0.614,0.0623,0.0479,7.2,362,0.138,1511.7,53.2,26.1,Die,2,4.3248,1433.3,78.3,20.3,0.04142,0.613,54.35,26.84,84.98,0
3.204,1.966,0.413,0.0696,0.0323,12.3,326,0.154,1582.4,71.2,26.7,Permanent,0,3.8827,1444.6,137.9,18.29,0.0253,0.281,71.49,21.14,68.57,0
3.775,1.922,0.466,0.0287,0.0672,6.3,553,0.096,1524.5,175.6,27.4,Sand,1,4.4257,1428.9,95.6,32.75,0.05931,0.708,112.52,11.99,100.0,0
3.358,2.202,0.297,0.0322,0.047,3.0,519,0.158,1533.5,154.5,44.3,Sand,1,4.1033,1438.3,95.2,47.57,0.04426,0.61,294.8,4.68,98.94,0
4.158,1.522,0.342,0.0401,0.0595,5.8,560,0.121,1477.5,133.7,63.0,Sand,1,4.6786,1421.4,56.1,42.35,0.05296,0.702,595.75,2.26,95.69,0
3.695,1.958,0.291,0.0418,0.0453,5.3,759,0.112,1508.7,155.3,19.2,Sand,1,4.3613,1430.9,77.8,72.49,0.04076,0.571,55.18,24.53,100.0,0
3.703,2.111,0.482,0.0371,0.0425,2.9,634,0.142,1541.6,245.7,39.0,Permanent,0,4.4192,1429.4,112.2,63.97,0.04011,0.57,152.35,8.51,100.0,0
3.37,2.641,0.451,0.0487,0.0621,2.6,637,0.166,1512.5,205.1,29.6,Die,2,4.2669,1434.5,78.0,75.46,0.05896,0.815,70.32,18.59,100.0,0
3.38,1.976,0.458,0.0183,0.0585,5.4,771,0.103,1558.1,263.8,29.2,Permanent,0,4.0451,1439.5,118.6,68.32,0.05246,0.637,85.0,15.23,98.41,0
3.697,2.02,0.253,0.0246,0.0418,4.9,675,0.133,1512.6,235.1,38.0,Permanent,0,4.3791,1430.3,82.3,67.82,0.03787,0.552,144.72,8.83,96.96,0
3.45,2.335,0.406,0.0232,0.0459,4.8,869,0.085,1538.5,209.8,48.9,Permanent,0,4.2367,1434.7,103.8,71.82,0.04171,0.502,238.71,5.57,99.15,0
3.967,1.823,0.682,0.0806,0.0454,10.6,1208,0.214,1592.4,154.8,65.4,Sand,1,4.602,1424.3,168.0,349.81,0.03672,0.377,641.97,2.24,38.68,1
3.376,2.693,0.469,0.0122,0.0641,2.2,584,0.111,1540.8,184.4,13.0,Permanent,0,4.2774,1433.9,106.9,42.2,0.06127,0.733,16.9,40.0,100.0,0
3.7,2.138,0.481,0.0288,0.0501,2.7,546,0.114,1501.8,249.4,33.9,Permanent,0,4.4227,1429.3,72.5,38.05,0.04743,0.646,114.84,10.91,98.92,0
4.184,3.112,0.386,0.0291,0.0541,17.2,1180,0.104,1501.3,111.0,57.7,Sand,1,5.2305,1408.0,93.3,161.35,0.03836,0.429,499.63,2.78,74.47,0
3.494,2.145,0.533,0.0147,0.0665,5.8,675,0.139,1519.4,190.0,24.6,Permanent,0,4.2143,1435.0,84.4,70.66,0.05917,0.697,60.34,22.03,100.0,0
3.494,2.552,0.461,0.048,0.0732,7.7,723,0.09,1536.1,229.1,35.1,Permanent,0,4.3607,1431.8,104.4,52.82,0.06283,0.742,123.38,10.59,100.0,0
3.463,2.157,0.416,0.0488,0.0456,5.0,815,0.14,1514.8,290.5,27.1,Sand,1,4.1987,1435.8,79.0,103.76,0.04119,0.547,110.38,11.09,100.0,0
3.5,1.932,0.532,0.0282,0.0514,8.0,738,0.106,1538.4,218.1,54.3,Permanent,0,4.153,1436.6,101.8,64.52,0.04382,0.61,294.84,4.48,100.0,0
3.143,2.527,0.325,0.0734,0.0573,5.5,533,0.214,1462.4,126.1,82.2,Permanent,0,4.0097,1441.8,20.6,67.8,0.05127,0.667,675.97,1.98,82.97,0
3.81,1.433,0.414,0.0784,0.0297,7.7,1537,0.069,1563.1,121.9,48.3,Sand,1,4.3139,1431.9,131.2,181.07,0.02547,0.401,350.38,4.11,71.36,0
3.395,2.4,0.437,0.0599,0.0382,15.4,369,0.249,1606.9,90.2,61.0,Permanent,0,4.2155,1435.7,171.2,37.9,0.02805,0.346,371.74,4.08,71.67,0
4.037,2.017,0.633,0.0908,0.0326,10.6,224,0.196,1463.2,122.5,41.4,Permanent,0,4.7391,1420.8,42.4,11.0,0.02637,0.363,171.19,7.83,71.4,0
3.646,1.929,0.504,0.0209,0.0623,2.2,699,0.11,1505.1,297.9,32.2,Permanent,0,4.2962,1432.5,72.6,60.13,0.0596,0.762,103.8,11.63,100.0,0
3.796,1.956,0.417,0.0101,0.0452,5.2,564,0.161,1502.1,274.3,34.8,Permanent,0,4.4518,1428.1,74.1,57.09,0.04067,0.585,121.45,10.11,100.0,0
3.709,2.222,0.531,0.039,0.0574,7.3,782,0.164,1532.3,243.6,50.4,Permanent,0,4.4622,1428.4,103.9,112.4,0.04965,0.622,254.14,5.07,100.0,0
3.434,2.369,0.521,0.0425,0.0455,2.3,703,0.157,1556.7,296.9,30.8,Sand,1,4.2379,1434.9,121.9,86.86,0.04352,0.573,142.65,8.83,97.66,0
3.02,2.561,0.651,0.0479,0.0492,16.6,212,0.186,1516.5,55.0,15.7,Permanent,0,3.8895,1445.0,71.5,9.34,0.03527,0.349,24.65,40.0,73.91,0
4.135,2.912,0.734,0.0758,0.0327,14.1,326,0.05,1458.1,82.6,35.9,Sand,1,5.1306,1410.9,47.2,5.98,0.02467,0.338,193.5,7.11,64.56,0
3.359,2.44,0.253,0.0395,0.0453,3.8,746,0.174,1502.1,284.5,39.0,Sand,1,4.1853,1436.4,65.7,107.94,0.04199,0.601,227.77,5.35,99.16,0
3.653,2.408,0.499,0.0258,0.0525,7.9,839,0.161,1507.3,174.1,17.5,Sand,1,4.4645,1428.4,78.9,126.43,0.04486,0.567,45.84,29.08,93.35,0
3.529,2.199,0.412,0.0143,0.0624,3.8,638,0.138,1557.3,217.5,32.0,Permanent,0,4.2668,1433.6,123.7,62.6,0.05789,0.756,102.41,13.08,100.0,0
3.785,2.173,0.331,0.0136,0.0699,6.1,741,0.121,1523.0,240.8,15.3,Die,2,4.514,1426.6,96.4,74.05,0.06191,0.744,18.81,40.0,100.0,0
3.37,2.466,0.266,0.0307,0.0746,5.5,816,0.147,1543.1,241.4,25.5,Permanent,0,4.2019,1435.9,107.2,109.46,0.0668,0.727,65.05,20.01,95.31,0
3.633,2.256,0.509,0.0165,0.0648,6.3,613,0.141,1556.1,273.7,53.7,Permanent,0,4.3909,1430.2,125.9,59.13,0.05719,0.624,288.58,4.44,100.0,0
3.368,2.304,0.391,0.0216,0.0487,5.8,768,0.091,1552.5,229.8,12.9,Permanent,0,4.1434,1437.3,115.2,59.73,0.04334,0.635,16.74,40.0,100.0,0
3.414,2.533,0.39,0.0301,0.0507,3.9,681,0.156,1532.7,227.3,56.6,Permanent,0,4.2683,1434.1,98.6,81.06,0.04684,0.616,319.97,4.08,100.0,0
3.358,2.221,0.299,0.0231,0.0372,9.6,589,0.072,1474.7,140.8,9.8,Permanent,0,4.1058,1438.2,36.5,28.11,0.03072,0.396,9.67,40.0,84.83,0
3.441,2.273,0.406,0.0253,0.0495,3.8,790,0.095,1514.3,200.5,14.2,Die,2,4.2072,1435.5,78.8,65.99,0.0459,0.62,16.08,40.0,100.0,0
3.544,1.519,0.663,0.0973,0.0305,16.2,1403,0.083,1554.3,96.3,55.0,Permanent,0,4.0827,1438.6,115.7,182.48,0.02205,0.302,302.66,4.82,65.84,0
4.181,1.783,0.557,0.0612,0.0269,6.9,347,0.123,1508.7,139.9,81.4,Permanent,0,4.7963,1418.7,90.1,16.56,0.02346,0.397,661.84,2.07,81.03,0
3.494,1.799,0.723,0.0475,0.0561,7.9,1362,0.104,1577.7,112.4,18.5,Sand,1,4.1101,1437.8,139.9,215.79,0.04793,0.576,51.59,28.4,67.55,0
3.793,2.59,0.305,0.0336,0.0458,6.7,745,0.102,1543.8,194.9,30.3,Sand,1,4.6679,1423.1,120.7,63.43,0.04006,0.512,137.27,9.83,100.0,0
3.309,2.408,0.456,0.0439,0.0648,2.5,834,0.135,1557.2,243.9,21.8,Die,2,4.1265,1438.1,119.2,105.32,0.06169,0.73,38.01,34.55,98.24,0
3.55,2.142,0.546,0.0484,0.0661,4.8,850,0.111,1513.6,281.6,51.5,Permanent,0,4.2806,1433.5,80.1,89.9,0.06007,0.65,265.43,4.64,100.0,0
3.513,2.847,0.253,0.0569,0.0479,16.0,255,0.112,1554.4,97.3,58.7,Sand,1,4.4805,1428.9,125.5,8.2,0.03477,0.355,517.42,2.82,82.62,0
3.818,2.285,0.736,0.0914,0.0228,10.3,1137,0.211,1495.1,81.6,27.6,Permanent,0,4.61,1424.8,70.3,304.72,0.01858,0.267,76.17,18.56,42.06,1
3.485,2.249,0.41,0.0448,0.0537,7.6,708,0.135,1545.1,202.1,56.8,Permanent,0,4.25,1434.4,110.7,75.8,0.04619,0.553,322.52,4.16,100.0,0
3.366,2.663,0.458,0.0102,0.0688,6.7,837,0.13,1537.3,170.1,54.1,Permanent,0,4.2573,1434.4,102.9,101.63,0.06023,0.678,293.05,4.67,100.0,0
3.424,2.189,0.284,0.0222,0.0632,3.9,656,0.149,1542.9,162.9,48.9,Permanent,0,4.1609,1436.6,106.3,71.94,0.05843,0.742,238.84,5.78,100.0,0
4.053,1.756,0.566,0.0365,0.0376,14.2,1363,0.25,1471.2,83.0,36.1,Permanent,0,4.6507,1422.5,48.8,518.66,0.02834,0.215,130.33,10.65,2.11,1
4.067,3.071,0.153,0.0534,0.0408,11.7,1196,0.069,1483.7,150.1,22.0,Sand,1,5.1078,1411.6,72.2,110.04,0.0323,0.462,72.38,18.43,88.16,0
3.651,2.541,0.256,0.0127,0.0684,3.9,577,0.118,1517.7,172.3,31.3,Permanent,0,4.5026,1427.4,90.2,43.74,0.06326,0.772,97.75,13.76,100.0,0
3.355,2.66,0.534,0.0263,0.0522,6.6,621,0.085,1559.6,290.6,45.0,Permanent,0,4.251,1434.8,124.8,36.72,0.04573,0.6,202.2,6.28,97.44,0
3.442,2.332,0.465,0.0477,0.0631,6.3,696,0.153,1513.2,211.7,29.0,Permanent,0,4.2352,1435.0,78.2,82.54,0.05564,0.624,84.19,15.46,100.0,0
3.463,2.691,0.333,0.0473,0.0625,4.4,793,0.096,1535.4,188.9,15.7,Sand,1,4.3753,1431.5,103.9,67.52,0.05717,0.698,36.94,36.45,100.0,0
3.578,2.052,0.416,0.0359,0.0719,4.0,537,0.151,1516.1,183.6,42.9,Sand,1,4.2745,1433.4,82.7,48.59,0.06639,0.802,276.16,4.83,100.0,0
3.687,2.699,0.272,0.0335,0.0593,2.2,799,0.108,1514.5,170.9,43.3,Sand,1,4.5982,1425.2,89.4,77.4,0.05676,0.764,281.05,4.78,100.0,0
3.331,2.543,0.413,0.0326,0.0706,4.5,518,0.098,1516.6,164.0,41.9,Sand,1,4.1898,1436.4,80.2,29.51,0.0645,0.79,263.7,5.13,96.63,0
3.709,2.208,0.525,0.012,0.0501,2.2,674,0.088,1542.3,242.1,55.8,Permanent,0,4.4488,1428.5,113.8,44.69,0.04787,0.676,311.52,4.17,100.0,0
3.915,2.337,0.575,0.0569,0.0452,12.1,1455,0.219,1558.6,87.8,22.8,Permanent,0,4.7128,1421.7,137.0,517.58,0.03541,0.399,52.14,28.21,2.82,1
3.552,2.207,0.338,0.0373,0.0484,6.5,745,0.16,1520.0,236.1,15.3,Sand,1,4.3005,1432.9,87.2,99.35,0.0425,0.503,34.99,36.69,98.56,0
3.471,2.014,0.489,0.0332,0.0567,7.0,597,0.172,1550.0,253.7,40.6,Permanent,0,4.1533,1436.7,113.3,68.39,0.04928,0.594,164.63,7.87,100.0,0
3.368,2.226,0.264,0.0258,0.0612,4.7,707,0.157,1508.4,187.9,15.1,Sand,1,4.1189,1437.9,70.5,87.88,0.0557,0.766,34.18,38.63,99.0,0
3.496,2.136,0.32,0.0152,0.0672,5.8,881,0.146,1552.3,294.6,43.1,Permanent,0,4.2133,1435.0,117.3,126.91,0.05993,0.654,185.41,6.78,92.33,0
4.164,2.047,0.516,0.0691,0.0536,5.6,331,0.066,1444.8,78.0,62.4,Permanent,0,4.8697,1417.0,27.8,8.04,0.04795,0.551,389.31,3.51,65.96,0
3.452,2.931,0.559,0.0855,0.0288,8.2,1143,0.168,1465.6,152.0,20.9,Permanent,0,4.4572,1429.9,35.7,245.02,0.02446,0.468,43.56,30.16,60.86,1
3.89,2.427,0.365,0.0247,0.0578,12.9,1486,0.185,1525.5,134.2,50.3,Sand,1,4.7073,1421.7,103.8,457.59,0.04466,0.481,379.11,3.67,27.96,1
3.556,2.427,0.379,0.0186,0.0451,7.8,761,0.084,1538.4,292.0,13.5,Permanent,0,4.3708,1431.0,107.4,54.64,0.03859,0.444,18.25,40.0,100.0,0
3.612,2.014,0.423,0.0103,0.0404,7.9,703,0.147,1522.6,237.7,10.1,Die,2,4.2872,1432.7,89.9,81.43,0.03451,0.475,8.1,40.0,97.26,0
3.48,2.072,0.337,0.0455,0.0465,2.1,714,0.142,1522.4,251.7,42.6,Sand,1,4.1862,1436.0,86.4,81.02,0.0446,0.628,271.7,4.68,100.0,0
3.693,2.018,0.398,0.0406,0.0509,5.3,827,0.148,1548.1,274.0,58.7,Permanent,0,4.3787,1430.5,117.7,113.48,0.04574,0.665,344.2,3.7,97.73,0
3.395,2.384,0.376,0.0153,0.0699,5.8,858,0.087,1542.6,238.7,54.0,Sand,1,4.1951,1435.9,106.8,71.58,0.06227,0.785,436.9,2.98,100.0,0
3.688,2.158,0.423,0.0483,0.0403,7.3,871,0.101,1524.4,254.3,41.5,Permanent,0,4.4239,1429.5,95.0,85.98,0.03477,0.498,172.53,7.36,100.0,0
3.395,2.149,0.529,0.0137,0.0714,2.5,750,0.089,1545.2,217.9,27.9,Permanent,0,4.116,1437.7,107.5,55.82,0.06792,0.847,78.05,17.01,98.0,0
3.415,2.586,0.522,0.0176,0.0637,2.6,855,0.139,1503.7,152.0,28.2,Permanent,0,4.2825,1433.7,70.0,113.35,0.0605,0.753,79.52,17.0,100.0,0
3.734,2.337,0.364,0.0104,0.0495,3.5,711,0.101,1527.2,250.2,50.8,Permanent,0,4.5167,1426.7,100.4,57.16,0.04613,0.707,257.77,4.95,100.0,0
3.58,2.049,0.406,0.0126,0.0716,7.5,554,0.143,1556.4,273.6,41.6,Permanent,0,4.2672,1433.4,123.0,49.01,0.06165,0.7,172.98,7.42,100.0,0
3.371,2.599,0.482,0.0278,0.0522,3.4,898,0.102,1526.9,235.0,44.4,Sand,1,4.247,1434.8,92.1,91.68,0.04871,0.626,295.34,4.37,99.92,0
3.447,1.941,0.416,0.0442,0.0558,3.2,587,0.153,1526.6,154.0,39.8,Permanent,0,4.1084,1438.0,88.6,58.97,0.0524,0.739,158.28,8.67,100.0,0
3.655,2.52,0.341,0.0257,0.0442,5.7,516,0.086,1520.1,224.0,49.9,Permanent,0,4.5031,1427.5,92.6,25.54,0.03945,0.557,249.02,5.2,98.42,0
3.359,2.694,0.358,0.0456,0.0516,4.7,799,0.11,1531.2,293.1,47.7,Sand,1,4.2721,1434.4,96.8,78.71,0.04693,0.613,340.84,3.63,100.0,0
3.718,2.102,0.27,0.0382,0.0667,5.6,745,0.168,1545.0,270.2,49.4,Permanent,0,4.4315,1429.1,115.9,104.56,0.05959,0.68,244.42,5.22,100.0,0
3.49,2.087,0.16,0.0222,0.0338,16.5,1378,0.153,1495.7,88.0,36.1,Sand,1,4.1932,1435.6,60.2,325.25,0.02425,0.248,195.9,7.19,38.69,1
3.36,2.661,0.277,0.0411,0.0734,3.6,768,0.121,1504.0,284.3,39.5,Permanent,0,4.2605,1434.6,69.4,79.85,0.06826,0.859,156.4,7.8,100.0,0
3.872,2.398,0.197,0.0338,0.0584,16.8,472,0.145,1605.8,51.4,43.5,Permanent,0,4.6822,1422.4,183.4,36.01,0.04169,0.396,189.56,8.2,70.54,0
3.796,2.437,0.266,0.0414,0.06,6.5,697,0.089,1519.8,287.2,28.0,Sand,1,4.6218,1424.2,95.5,48.33,0.05272,0.637,117.22,10.51,100.0,0
3.227,2.709,0.289,0.0981,0.0546,11.4,1159,0.059,1503.8,156.9,32.3,Permanent,0,4.1625,1438.0,65.9,88.52,0.0435,0.419,104.19,12.93,100.0,0
3.623,2.023,0.315,0.0225,0.0477,6.5,813,0.146,1514.8,186.1,34.1,Permanent,0,4.305,1432.4,82.4,107.71,0.04187,0.544,115.94,11.46,100.0,0
4.0,2.089,0.344,0.0663,0.0332,7.6,1361,0.104,1511.1,139.0,27.5,Permanent,0,4.7187,1421.3,89.8,214.85,0.02853,0.428,75.6,18.15,71.77,0
3.242,2.756,0.162,0.097,0.0355,16.2,339,0.246,1504.2,106.7,44.5,Permanent,0,4.193,1437.2,67.0,31.75,0.02565,0.29,197.97,7.06,88.54,0
3.241,2.206,0.357,0.0816,0.0361,12.7,1270,0.243,1595.1,84.2,76.1,Sand,1,4.0033,1441.6,153.4,438.01,0.02801,0.332,867.84,1.74,5.56,1
3.599,2.416,0.496,0.0976,0.0586,14.7,1496,0.052,1508.5,84.2,79.5,Permanent,0,4.4368,1429.9,78.6,131.08,0.04368,0.461,632.41,2.25,85.24,0
3.316,1.931,0.427,0.0117,0.0477,4.2,828,0.16,1519.0,291.5,25.5,Permanent,0,3.9639,1441.7,77.3,122.67,0.04382,0.63,65.22,18.82,92.61,0
3.37,2.291,0.538,0.0255,0.0545,3.3,521,0.153,1512.3,238.6,37.7,Sand,1,4.1421,1437.3,75.0,46.4,0.05098,0.646,213.29,5.97,100.0,0
3.593,2.47,0.272,0.0247,0.0517,4.6,759,0.164,1536.6,278.3,34.3,Permanent,0,4.4249,1429.6,107.0,105.81,0.04719,0.696,117.81,10.68,100.0,0
3.98,1.811,0.324,0.0324,0.0332,10.0,1190,0.082,1476.9,86.8,78.9,Die,2,4.5948,1424.1,52.8,129.42,0.02717,0.345,498.6,2.79,83.57,0
3.577,2.229,0.301,0.0213,0.0526,2.6,888,0.097,1537.4,213.5,16.6,Permanent,0,4.3269,1432.0,105.4,85.29,0.04999,0.607,27.65,40.0,100.0,0
3.41,2.247,0.328,0.0419,0.0687,5.2,712,0.119,1522.3,299.6,34.9,Permanent,0,4.1729,1436.5,85.7,67.72,0.06187,0.755,121.93,10.03,100.0,0
3.451,2.058,0.371,0.0425,0.0433,2.8,673,0.125,1551.0,150.0,29.5,Sand,1,4.1507,1436.9,114.1,63.44,0.04099,0.607,130.55,10.73,100.0,0
3.806,1.688,0.349,0.0431,0.0287,16.5,1498,0.168,1519.0,75.0,66.1,Permanent,0,4.3831,1429.9,89.1,421.73,0.02063,0.255,437.51,3.3,16.19,1
3.435,2.044,0.36,0.0203,0.0747,7.4,785,0.122,1540.0,184.6,24.8,Permanent,0,4.1228,1437.5,102.5,84.17,0.06448,0.702,61.46,22.05,98.09,0
3.442,2.436,0.623,0.0613,0.0397,11.3,382,0.071,1536.4,135.2,64.5,Permanent,0,4.2738,1434.2,102.3,11.52,0.03171,0.449,415.44,3.37,89.29,0
3.78,2.522,0.453,0.0434,0.0673,2.2,738,0.127,1528.3,282.0,27.3,Sand,1,4.6353,1424.0,104.3,77.05,0.06434,0.828,112.17,11.11,100.0,0
3.476,2.662,0.297,0.0442,0.0515,5.5,609,0.083,1551.4,245.3,58.2,Sand,1,4.378,1431.4,120.0,34.32,0.04609,0.726,508.43,2.57,100.0,0
3.361,2.982,0.553,0.0885,0.0421,9.8,509,0.214,1519.1,53.4,39.6,Die,2,4.3849,1432.0,87.1,61.99,0.03458,0.429,125.28,11.7,91.69,0
3.317,2.356,0.459,0.0333,0.0604,4.2,664,0.081,1520.8,300.0,16.3,Permanent,0,4.1136,1438.3,82.5,40.14,0.05545,0.683,26.47,40.0,98.53,0
3.509,2.508,0.519,0.0181,0.0519,6.9,582,0.089,1504.5,235.5,37.0,Permanent,0,4.3509,1431.7,72.8,33.85,0.04529,0.545,137.24,9.25,100.0,0
3.645,2.362,0.313,0.0362,0.0642,3.0,659,0.081,1501.9,193.8,51.9,Die,2,4.4444,1429.0,72.9,39.32,0.06053,0.718,215.37,6.07,100.0,0
3.524,1.913,0.263,0.0165,0.0448,6.5,527,0.094,1550.2,163.9,50.4,Permanent,0,4.1669,1436.0,114.2,29.26,0.03937,0.544,253.81,5.46,97.28,0
3.503,2.659,0.371,0.0261,0.05,4.5,607,0.16,1545.7,292.0,52.0,Die,2,4.3977,1430.7,115.0,65.94,0.04569,0.565,216.32,5.8,100.0,0
3.465,2.68,0.29,0.0152,0.0403,5.5,557,0.15,1558.6,237.9,16.6,Permanent,0,4.3634,1431.5,127.0,52.01,0.0361,0.468,27.53,40.0,98.69,0
4.058,2.273,0.42,0.0902,0.0318,17.2,480,0.17,1467.0,126.1,69.0,Sand,1,4.8462,1418.2,48.8,43.82,0.02257,0.244,713.86,1.88,82.0,0
3.788,1.916,0.325,0.027,0.0342,11.4,374,0.144,1446.4,94.8,43.4,Die,2,4.4356,1428.6,17.8,22.59,0.02721,0.416,150.83,8.96,69.36,0
3.698,2.619,0.432,0.0181,0.0591,6.5,583,0.134,1538.9,221.5,10.5,Permanent,0,4.5768,1425.5,113.4,50.9,0.0519,0.564,11.11,40.0,99.05,0
3.736,2.131,0.279,0.037,0.0588,6.4,691,0.176,1520.4,254.9,10.2,Sand,1,4.459,1428.3,92.0,93.99,0.05175,0.65,15.67,40.0,100.0,0
3.766,2.433,0.437,0.0157,0.0608,7.1,538,0.176,1512.8,298.9,56.6,Permanent,0,4.5825,1425.1,87.7,57.02,0.05278,0.612,320.75,3.78,100.0,0
3.437,2.036,0.242,0.0973,0.0428,17.1,297,0.131,1599.8,141.8,10.3,Permanent,0,4.1481,1437.5,162.3,12.94,0.03044,0.227,10.55,40.0,72.87,0
3.538,2.321,0.546,0.0473,0.0648,5.2,624,0.17,1542.7,161.8,15.2,Sand,1,4.3278,1432.4,110.3,73.95,0.05833,0.681,34.46,40.0,100.0,0
3.387,2.28,0.458,0.0447,0.0433,7.8,721,0.167,1525.4,284.2,11.3,Sand,1,4.1617,1436.9,88.5,96.99,0.03704,0.533,19.28,40.0,96.46,0
3.625,2.12,0.316,0.0453,0.0541,6.5,587,0.082,1534.7,299.1,59.4,Die,2,4.3473,1431.5,103.2,31.63,0.04751,0.626,282.42,4.38,100.0,0
3.338,2.662,0.269,0.0252,0.0421,5.3,623,0.178,1539.7,235.7,37.4,Sand,1,4.2338,1435.2,104.4,77.34,0.03785,0.465,210.17,6.2,100.0,0
3.649,2.377,0.307,0.0335,0.0731,2.1,535,0.098,1528.5,241.5,59.9,Permanent,0,4.452,1428.8,99.6,31.46,0.07007,0.844,358.89,3.59,97.1,0
3.651,1.944,0.42,0.0332,0.0634,2.7,695,0.099,1548.8,284.2,40.8,Die,2,4.3098,1432.2,116.5,53.38,0.06002,0.804,133.18,9.5,100.0,0
4.061,1.998,0.509,0.0511,0.0332,11.3,1240,0.193,1596.2,74.7,10.1,Permanent,0,4.7441,1420.3,175.9,331.22,0.02652,0.419,10.24,40.0,22.29,1
3.972,2.979,0.791,0.0765,0.031,7.8,266,0.066,1494.8,117.3,83.3,Die,2,4.9907,1414.9,79.8,5.22,0.02657,0.405,555.71,2.48,74.02,0
4.197,1.993,0.232,0.0986,0.0573,7.1,397,0.082,1502.7,132.1,54.1,Die,2,4.8941,1416.5,86.2,14.52,0.04973,0.594,234.31,5.85,85.91,0
3.484,2.255,0.439,0.0187,0.0433,3.8,860,0.152,1521.0,295.7,40.3,Die,2,4.2418,1434.4,86.6,125.94,0.0402,0.601,130.12,9.42,97.37,0
3.505,2.004,0.387,0.0445,0.048,4.3,743,0.1,1543.9,287.0,14.7,Sand,1,4.1877,1435.8,108.1,61.84,0.0441,0.632,32.53,38.64,100.0,0
3.322,2.254,0.402,0.0412,0.0524,6.4,727,0.162,1506.4,230.2,10.1,Die,2,4.087,1439.0,67.4,95.79,0.04618,0.562,8.11,40.0,100.0,0
3.651,2.125,0.36,0.0122,0.047,3.8,556,0.084,1537.1,281.6,49.2,Permanent,0,4.3636,1430.8,106.4,28.95,0.04361,0.611,241.68,5.2,100.0,0
3.698,1.964,0.35,0.0363,0.0631,4.9,687,0.094,1502.5,197.0,43.2,Permanent,0,4.3651,1430.7,71.8,49.72,0.05718,0.689,186.49,7.0,99.81,0
3.496,2.029,0.49,0.039,0.0665,4.0,657,0.158,1520.8,235.7,15.2,Permanent,0,4.1848,1435.9,84.9,76.15,0.06139,0.774,23.17,40.0,100.0,0
3.408,2.049,0.537,0.0304,0.0631,4.3,761,0.165,1540.8,152.8,35.1,Permanent,0,4.101,1438.2,102.6,107.22,0.0579,0.694,123.45,11.24,97.68,0
3.761,2.568,0.323,0.0214,0.0435,6.6,645,0.11,1543.5,176.9,46.5,Sand,1,4.6238,1424.2,119.3,51.31,0.03811,0.477,324.56,4.21,98.39,0
3.648,2.545,0.291,0.0337,0.0588,2.9,579,0.109,1557.9,206.7,23.6,Sand,1,4.5073,1427.5,130.4,40.76,0.05548,0.636,83.67,16.15,99.06,0
4.055,2.878,0.774,0.0702,0.0333,17.2,463,0.052,1590.6,148.1,19.7,Die,2,5.0378,1413.4,177.2,12.53,0.02363,0.26,31.02,40.0,56.39,1
3.712,2.039,0.305,0.0473,0.0715,4.8,552,0.161,1515.9,166.4,46.1,Sand,1,4.4074,1429.8,86.2,54.84,0.06497,0.723,319.24,4.23,99.12,0
3.734,2.035,0.326,0.0426,0.0422,6.1,682,0.128,1538.6,186.8,23.3,Permanent,0,4.4262,1429.2,109.4,66.67,0.03732,0.511,54.35,24.87,100.0,0
3.486,1.583,0.472,0.0365,0.0322,15.3,399,0.089,1480.4,99.6,67.1,Permanent,0,4.0262,1439.7,40.7,15.84,0.02374,0.275,450.47,3.07,70.91,0
3.322,2.12,0.511,0.0199,0.0412,2.4,759,0.164,1541.9,165.3,15.4,Sand,1,4.0349,1440.0,101.9,105.53,0.03929,0.569,35.69,38.57,97.84,0
4.143,2.251,0.665,0.0488,0.032,14.2,559,0.244,1450.7,72.0,18.7,Sand,1,4.9095,1416.0,34.7,85.53,0.02412,0.31,52.63,26.19,68.26,0
3.864,1.799,0.398,0.0738,0.0511,5.4,1311,0.142,1550.0,143.7,51.9,Permanent,0,4.4879,1427.4,122.6,273.3,0.04583,0.703,269.3,5.22,70.0,0
3.559,2.405,0.323,0.0249,0.0653,3.3,601,0.143,1534.4,298.5,13.4,Die,2,4.3685,1431.1,103.3,57.75,0.06112,0.823,14.32,40.0,100.0,0
3.576,2.4,0.572,0.029,0.0353,10.9,568,0.136,1532.6,147.4,40.9,Sand,1,4.3853,1430.7,101.9,49.29,0.02836,0.338,251.06,5.52,100.0,0
3.74,2.141,0.327,0.0337,0.0434,7.7,512,0.146,1505.4,280.9,50.1,Permanent,0,4.465,1428.2,77.2,42.89,0.03722,0.468,251.29,4.87,100.0,0
3.392,2.65,0.51,0.0298,0.0457,7.6,620,0.102,1517.3,153.2,48.1,Permanent,0,4.2851,1433.8,83.5,43.67,0.03924,0.479,231.71,5.89,100.0,0
3.856,2.579,0.293,0.0234,0.0273,6.7,370,0.086,1501.5,110.4,88.2,Permanent,0,4.7229,1421.4,80.1,13.19,0.02391,0.341,778.46,1.79,77.05,0
3.36,2.267,0.451,0.0188,0.054,4.8,676,0.118,1528.6,161.4,39.5,Permanent,0,4.1218,1437.8,90.9,60.53,0.04912,0.644,156.22,8.75,100.0,0
3.686,2.251,0.311,0.014,0.0406,3.4,743,0.126,1520.0,227.2,25.4,Permanent,0,4.4411,1428.8,91.2,77.52,0.03795,0.588,64.4,20.07,100.0,0
3.604,2.304,0.426,0.0234,0.0549,4.2,670,0.152,1525.5,294.1,17.2,Permanent,0,4.3795,1430.7,94.9,76.41,0.05049,0.663,29.71,40.0,100.0,0
3.651,2.247,0.366,0.0241,0.0402,6.6,785,0.149,1517.5,154.0,47.8,Sand,1,4.4083,1429.8,87.7,102.4,0.03526,0.506,342.07,3.99,100.0,0
3.034,1.932,0.718,0.0486,0.0397,15.3,299,0.213,1497.7,83.6,53.8,Permanent,0,3.6939,1449.6,48.1,21.27,0.02922,0.244,289.84,4.88,67.73,0
3.321,1.966,0.445,0.0413,0.049,2.1,748,0.114,1531.6,281.5,56.5,Sand,1,3.9901,1441.3,90.3,71.32,0.04702,0.587,479.32,2.61,96.93,0
3.629,1.862,0.659,0.0807,0.0322,10.9,249,0.222,1477.5,152.0,25.3,Sand,1,4.2761,1433.5,44.0,15.35,0.02591,0.384,96.0,13.81,78.69,0
3.519,1.561,0.217,0.0549,0.0352,17.3,251,0.194,1495.3,73.1,72.2,Permanent,0,4.0581,1439.0,56.3,13.68,0.02491,0.25,521.75,2.73,68.21,0
3.072,2.542,0.474,0.0453,0.0242,10.3,498,0.172,1569.1,136.3,60.0,Permanent,0,3.9342,1443.7,125.5,47.67,0.01969,0.354,360.53,3.97,81.62,0
3.603,2.037,0.496,0.0263,0.0592,2.2,754,0.112,1536.7,166.3,30.3,Permanent,0,4.2913,1432.8,103.9,71.05,0.05671,0.697,91.66,14.95,100.0,0
3.394,2.46,0.501,0.0356,0.0517,7.5,619,0.137,1509.9,241.8,27.8,Permanent,0,4.2256,1435.3,74.7,58.7,0.04455,0.547,77.4,16.39,100.0,0
3.311,2.539,0.292,0.0481,0.0563,2.3,530,0.135,1502.4,261.6,47.3,Sand,1,4.173,1437.0,65.4,42.55,0.05381,0.691,335.73,3.7,100.0,0
3.942,2.982,0.677,0.0809,0.0566,9.0,1504,0.063,1520.2,134.9,8.9,Sand,1,4.9634,1415.8,104.5,158.1,0.04726,0.622,11.86,40.0,79.35,0
3.714,2.419,0.405,0.049,0.0492,6.4,814,0.166,1557.9,230.0,35.1,Die,2,4.5363,1426.7,131.2,123.17,0.04328,0.63,98.82,13.44,98.37,0
3.799,1.93,0.298,0.0347,0.0404,5.3,600,0.095,1557.3,249.0,13.1,Permanent,0,4.4544,1428.2,129.1,38.02,0.03638,0.485,17.27,40.0,99.4,0
3.771,2.556,0.494,0.0485,0.0498,5.1,722,0.158,1517.7,261.5,50.6,Die,2,4.6389,1424.0,93.7,91.91,0.04494,0.604,204.67,6.14,100.0,0
3.766,2.341,0.382,0.0175,0.0509,7.5,863,0.1,1502.2,244.5,39.1,Permanent,0,4.5528,1425.8,76.3,82.98,0.04379,0.585,152.73,8.23,100.0,0
3.699,2.442,0.341,0.0241,0.0643,3.5,616,0.174,1509.2,198.5,32.2,Permanent,0,4.5208,1426.9,82.3,73.89,0.05996,0.782,103.79,12.63,100.0,0
3.333,2.161,0.426,0.0481,0.0709,4.8,587,0.127,1529.1,179.4,38.1,Permanent,0,4.0689,1439.4,89.7,48.72,0.06436,0.726,144.92,9.31,100.0,0
3.489,2.542,0.366,0.0142,0.0559,5.6,640,0.103,1531.3,242.4,32.5,Permanent,0,4.3407,1432.0,99.3,47.26,0.04992,0.645,105.52,12.21,100.0,0
3.717,2.338,0.481,0.0351,0.0566,6.5,854,0.083,1525.2,238.6,12.2,Permanent,0,4.5083,1427.2,98.0,67.36,0.04969,0.62,14.8,40.0,100.0,0
3.755,2.461,0.476,0.0429,0.0747,5.1,651,0.09,1526.3,162.2,47.4,Permanent,0,4.5893,1425.2,101.2,42.59,0.06743,0.774,224.21,6.08,100.0,0
3.4,1.85,0.796,0.0551,0.0521,9.7,1197,0.082,1455.7,85.6,37.4,Permanent,0,4.0344,1440.0,15.7,131.12,0.04296,0.409,139.94,9.79,71.62,0
3.393,2.612,0.416,0.0406,0.0474,6.9,748,0.118,1546.0,197.1,51.1,Permanent,0,4.2772,1434.1,111.9,73.6,0.04127,0.519,261.47,5.16,100.0,0
3.361,1.911,0.53,0.0162,0.0647,3.2,840,0.1,1529.7,166.5,25.9,Die,2,4.0033,1440.6,89.1,78.52,0.0607,0.737,53.72,25.38,100.0,0
3.727,2.066,0.413,0.0323,0.0563,3.3,594,0.084,1537.2,276.3,23.2,Die,2,4.4263,1429.1,108.0,33.06,0.05268,0.715,43.19,29.19,98.86,0
3.793,2.029,0.451,0.0326,0.0547,6.9,862,0.175,1506.2,186.8,42.0,Sand,1,4.4803,1427.6,78.6,145.5,0.04762,0.583,264.08,5.0,94.4,0
3.398,2.059,0.556,0.091,0.0296,6.4,217,0.162,1471.7,55.7,26.1,Permanent,0,4.1144,1438.4,33.4,8.52,0.02599,0.477,68.17,20.77,60.68,1
3.769,2.692,0.459,0.0161,0.0408,4.3,719,0.163,1550.1,154.3,15.0,Sand,1,4.6715,1422.9,127.2,93.95,0.03749,0.491,33.78,40.0,98.14,0
3.32,2.143,0.32,0.0487,0.0736,3.4,764,0.094,1535.3,269.3,42.2,Sand,1,4.0508,1439.9,95.4,61.23,0.06874,0.868,266.59,4.75,97.23,0
3.54,1.978,0.36,0.0121,0.0608,4.0,825,0.171,1517.9,285.2,45.9,Sand,1,4.2033,1435.1,82.8,130.29,0.05611,0.678,315.84,3.9,96.72,0
3.432,2.396,0.401,0.0357,0.0383,2.4,518,0.117,1511.1,283.1,21.7,Permanent,0,4.2429,1434.7,76.4,35.02,0.03646,0.546,47.11,26.07,99.58,0
3.705,2.452,0.446,0.012,0.0606,4.9,811,0.118,1556.7,290.9,47.3,Sand,1,4.5262,1426.6,130.1,87.12,0.05488,0.668,335.77,3.77,98.41,0
3.664,2.628,0.424,0.0326,0.0386,7.5,513,0.092,1508.3,201.5,38.5,Permanent,0,4.5511,1426.4,81.9,27.13,0.03321,0.402,147.91,8.84,100.0,0
3.002,1.564,0.742,0.0839,0.0458,14.8,456,0.193,1443.1,149.4,36.2,Permanent,0,3.5513,1453.4,-10.3,44.72,0.03409,0.37,131.39,9.85,63.19,0
3.628,2.275,0.544,0.0406,0.0702,7.4,665,0.162,1535.8,293.0,12.5,Permanent,0,4.4003,1430.2,105.6,80.05,0.06054,0.802,15.66,40.0,99.89,0
3.531,2.444,0.517,0.0434,0.0503,6.1,831,0.172,1538.2,182.7,10.9,Permanent,0,4.3603,1431.6,106.6,132.99,0.04452,0.539,11.77,40.0,94.6,0
3.093,2.809,0.433,0.0568,0.0308,7.4,553,0.143,1595.3,90.9,75.7,Permanent,0,4.0484,1440.9,154.3,48.9,0.0266,0.398,573.62,2.62,75.61,0
3.311,2.253,0.435,0.02,0.0615,5.2,891,0.15,1538.8,156.1,15.8,Sand,1,4.0688,1439.3,99.5,133.67,0.05536,0.703,37.5,36.87,92.9,0
3.336,2.508,0.304,0.0237,0.044,3.3,698,0.157,1545.3,263.6,34.3,Sand,1,4.1797,1436.5,108.7,85.8,0.04125,0.593,176.82,7.25,100.0,0
3.647,2.231,0.275,0.0232,0.0573,2.1,672,0.167,1545.7,281.3,15.5,Sand,1,4.3982,1430.0,115.7,84.52,0.05495,0.763,36.21,34.92,100.0,0
3.887,2.949,0.533,0.0583,0.0306,10.9,507,0.089,1516.7,53.6,73.3,Permanent,0,4.8894,1417.6,99.2,25.67,0.02459,0.285,537.31,2.72,76.5,0
3.755,2.539,0.44,0.0155,0.0532,2.9,539,0.134,1505.9,188.6,56.4,Permanent,0,4.6063,1424.6,81.4,43.55,0.05019,0.624,317.85,4.14,100.0,0
3.738,2.184,0.479,0.0217,0.0577,6.0,713,0.144,1551.1,245.1,29.4,Sand,1,4.4735,1427.9,123.2,81.62,0.05122,0.645,129.86,10.06,99.06,0
3.342,2.146,0.257,0.0273,0.072,7.0,630,0.107,1534.4,296.5,31.3,Die,2,4.0664,1439.3,95.1,47.43,0.06256,0.573,78.22,15.83,99.43,0
3.384,2.031,0.435,0.019,0.0713,6.2,800,0.153,1524.9,237.4,26.5,Sand,1,4.0672,1439.0,85.9,109.82,0.06306,0.672,105.16,12.24,96.51,0
3.749,2.32,0.396,0.0127,0.0403,3.7,644,0.139,1528.7,209.0,23.2,Sand,1,4.5261,1426.5,102.2,64.64,0.03737,0.481,80.8,16.33,100.0,0
3.618,2.03,0.284,0.019,0.041,4.4,646,0.128,1513.5,251.7,28.2,Permanent,0,4.3011,1432.5,81.0,59.73,0.03755,0.553,79.44,15.88,100.0,0
3.626,2.476,0.364,0.025,0.0613,7.9,819,0.145,1554.2,190.0,52.3,Permanent,0,4.4596,1428.7,125.6,108.88,0.05229,0.594,273.61,4.99,100.0,0
3.608,2.17,0.254,0.0439,0.0732,4.3,609,0.153,1546.6,276.2,10.2,Permanent,0,4.3465,1431.6,115.0,63.68,0.06713,0.728,10.33,40.0,96.77,0
4.032,2.875,0.335,0.0319,0.0244,15.2,385,0.156,1481.6,67.3,77.0,Permanent,0,5.001,1414.1,67.5,25.78,0.01797,0.235,593.52,2.38,60.98,1
3.651,1.795,0.472,0.0319,0.0525,10.4,315,0.232,1444.6,156.5,49.5,Sand,1,4.2597,1433.4,11.2,25.69,0.04268,0.532,367.91,3.5,79.93,0
3.748,2.074,0.431,0.0215,0.0668,4.6,793,0.175,1526.0,214.0,21.6,Sand,1,4.4462,1428.5,97.5,122.61,0.06097,0.678,70.14,18.71,97.06,0
3.44,2.43,0.434,0.041,0.0727,6.1,776,0.131,1558.5,296.1,47.8,Permanent,0,4.2639,1434.2,124.3,88.38,0.06442,0.733,228.39,5.53,99.6,0
3.718,2.068,0.257,0.0118,0.0612,6.0,897,0.138,1504.3,238.2,21.0,Permanent,0,4.4111,1429.4,75.0,124.07,0.05424,0.667,44.16,28.67,94.16,0
3.76,2.496,0.254,0.0398,0.0429,4.1,735,0.094,1520.1,243.8,19.3,Permanent,0,4.605,1424.8,95.4,56.97,0.03949,0.592,37.21,34.3,100.0,0
3.724,2.055,0.487,0.012,0.0409,3.7,831,0.109,1523.2,201.5,19.1,Die,2,4.4129,1429.3,93.9,84.18,0.038,0.499,29.03,40.0,99.27,0
3.328,2.615,0.525,0.0288,0.0712,7.8,717,0.104,1549.9,172.5,39.3,Permanent,0,4.2093,1435.9,114.0,59.67,0.06095,0.644,154.25,8.93,99.39,0
3.782,2.222,0.299,0.028,0.0537,2.8,574,0.144,1532.1,277.3,35.5,Permanent,0,4.5318,1426.3,105.8,53.12,0.05085,0.674,125.67,9.99,99.77,0
3.497,2.144,0.301,0.0148,0.0473,6.6,674,0.161,1511.2,158.2,14.3,Permanent,0,4.2168,1434.9,76.2,81.83,0.04142,0.545,20.36,40.0,99.11,0
3.55,1.733,0.576,0.0267,0.0308,6.8,397,0.239,1490.8,76.3,79.2,Permanent,0,4.1366,1436.7,54.0,42.18,0.02691,0.519,626.51,2.26,87.15,0
3.623,2.454,0.263,0.0178,0.0544,8.0,723,0.085,1515.8,238.2,43.3,Permanent,0,4.4469,1428.9,86.9,49.82,0.0464,0.598,187.69,6.81,100.0,0
3.806,2.394,0.592,0.0503,0.0278,13.2,1257,0.076,1560.5,60.5,7.6,Sand,1,4.621,1424.3,136.3,134.4,0.02131,0.27,8.58,40.0,63.35,0
4.144,1.519,0.497,0.0565,0.032,6.4,327,0.063,1519.4,126.7,53.2,Permanent,0,4.6693,1421.8,97.6,7.48,0.02813,0.429,283.48,4.91,87.35,0
3.67,2.471,0.44,0.0315,0.0614,5.5,594,0.124,1512.0,163.8,40.2,Permanent,0,4.5044,1427.5,84.5,49.01,0.05507,0.661,161.41,8.35,99.42,0
3.556,2.043,0.482,0.0354,0.0584,2.8,698,0.136,1538.2,285.6,51.6,Permanent,0,4.2483,1434.1,104.1,74.13,0.05524,0.665,266.0,4.71,100.0,0
3.486,2.505,0.26,0.0305,0.0639,4.0,737,0.117,1505.7,295.5,42.9,Permanent,0,4.3308,1432.4,73.3,71.31,0.05898,0.714,183.9,6.58,100.0,0
3.342,2.221,0.152,0.0822,0.0306,6.2,468,0.152,1581.0,127.4,25.5,Die,2,4.1098,1438.7,142.3,37.17,0.02701,0.517,51.9,28.01,81.81,0
3.415,1.954,0.386,0.0184,0.0609,7.2,644,0.143,1526.6,251.7,55.9,Die,2,4.0725,1438.7,87.8,66.42,0.05279,0.526,249.99,5.1,98.04,0
3.036,2.211,0.742,0.0597,0.0268,18.0,1247,0.202,1582.8,85.5,76.9,Permanent,0,3.7923,1447.3,135.5,350.59,0.0187,0.196,590.98,2.53,20.54,1
4.098,3.15,0.354,0.0209,0.0481,8.2,1382,0.248,1518.8,126.1,56.0,Sand,1,5.1554,1410.0,108.8,530.9,0.04086,0.601,470.41,2.96,3.24,1
3.382,2.784,0.174,0.0376,0.0242,11.4,379,0.175,1466.2,128.7,27.2,Permanent,0,4.3222,1433.0,33.1,28.1,0.01932,0.368,73.85,18.11,76.24,0
3.607,2.029,0.391,0.0436,0.0582,3.7,883,0.147,1519.8,222.8,17.3,Permanent,0,4.2976,1432.8,87.0,128.3,0.05402,0.727,30.04,40.0,100.0,0
3.512,2.68,0.33,0.0189,0.0555,2.4,542,0.1,1535.2,216.0,39.4,Sand,1,4.4117,1430.2,105.0,32.82,0.0529,0.704,232.52,5.67,100.0,0
3.419,2.204,0.4,0.0405,0.0578,6.7,807,0.091,1547.9,228.7,37.2,Permanent,0,4.1668,1436.6,111.3,66.49,0.05057,0.655,138.21,9.54,100.0,0
3.314,2.235,0.283,0.0147,0.0668,4.2,865,0.145,1556.1,286.3,59.5,Permanent,0,4.0637,1439.3,116.8,120.83,0.06146,0.757,353.95,3.59,94.94,0
3.633,1.982,0.31,0.0498,0.057,2.4,647,0.173,1553.9,201.4,53.8,Permanent,0,4.3104,1432.4,121.5,80.69,0.05432,0.78,289.1,4.68,100.0,0
3.57,1.997,0.441,0.0224,0.057,2.0,804,0.169,1548.8,286.5,31.2,Permanent,0,4.2427,1434.1,114.7,122.25,0.05479,0.752,97.55,12.94,99.59,0
3.691,1.987,0.346,0.0253,0.0693,5.0,509,0.125,1540.4,213.0,34.9,Permanent,0,4.3616,1430.8,109.6,36.31,0.06274,0.713,122.11,10.87,100.0,0
3.581,2.42,0.345,0.027,0.0711,5.4,581,0.153,1505.0,178.9,56.9,Permanent,0,4.3962,1430.4,74.6,57.86,0.06381,0.822,323.69,4.1,100.0,0
3.529,2.333,0.466,0.0341,0.0676,6.2,739,0.109,1521.9,284.3,47.6,Permanent,0,4.3184,1432.5,89.4,66.34,0.05978,0.692,226.88,5.45,100.0,0
3.705,2.622,0.539,0.0379,0.0536,7.0,575,0.081,1514.5,175.9,22.9,Permanent,0,4.5917,1425.3,89.3,29.83,0.04665,0.541,52.31,25.59,100.0,0
3.984,1.756,0.755,0.0495,0.0407,16.9,324,0.1,1511.5,126.1,40.1,Sand,1,4.5856,1424.4,87.1,11.74,0.02903,0.307,241.52,5.74,82.36,0
3.348,2.227,0.411,0.0218,0.0392,6.6,768,0.162,1556.9,267.7,42.9,Permanent,0,4.0973,1438.4,118.4,106.49,0.03435,0.526,184.12,7.0,97.93,0
3.45,2.273,0.329,0.0478,0.0554,2.6,730,0.139,1511.1,287.6,42.6,Permanent,0,4.2241,1435.2,75.9,83.08,0.05253,0.692,181.8,6.73,100.0,0
3.735,2.336,0.31,0.0146,0.0408,6.9,639,0.122,1533.2,179.7,16.0,Permanent,0,4.5189,1426.7,106.4,55.53,0.03555,0.502,25.52,40.0,100.0,0
3.101,2.572,0.467,0.0812,0.0206,6.6,289,0.092,1533.3,144.9,10.2,Permanent,0,3.9855,1442.6,90.7,8.6,0.01809,0.428,10.38,40.0,71.92,0
3.791,1.965,0.284,0.01,0.0656,3.7,765,0.171,1546.4,269.7,15.3,Permanent,0,4.4491,1428.1,118.3,111.64,0.06085,0.738,23.37,40.0,100.0,0
3.609,2.534,0.404,0.0107,0.0552,4.2,753,0.132,1548.1,220.3,20.9,Sand,1,4.4573,1428.7,119.4,83.92,0.05074,0.689,65.79,20.18,100.0,0
3.988,2.887,0.714,0.0762,0.0473,11.6,1279,0.112,1448.2,82.7,89.4,Die,2,4.9758,1415.2,33.0,204.05,0.03751,0.489,639.4,2.14,57.56,1
3.331,2.288,0.517,0.0438,0.0443,5.6,750,0.087,1559.1,255.9,13.4,Permanent,0,4.1086,1438.4,120.7,54.92,0.03957,0.517,18.05,40.0,100.0,0
3.716,2.68,0.334,0.0231,0.0474,2.5,830,0.111,1541.8,210.2,56.4,Permanent,0,4.6173,1424.5,117.3,85.19,0.04514,0.638,317.72,4.19,100.0,0
3.711,2.235,0.403,0.0177,0.0521,6.2,713,0.162,1509.2,203.5,36.4,Permanent,0,4.4622,1428.2,81.0,92.16,0.04595,0.648,132.4,9.86,100.0,0
4.139,1.408,0.798,0.0619,0.0478,6.4,1536,0.091,1442.3,112.9,16.3,Permanent,0,4.6289,1422.8,19.5,240.97,0.04209,0.601,26.7,40.0,53.26,1
3.569,2.548,0.385,0.0478,0.0526,3.5,618,0.137,1521.7,205.1,14.0,Sand,1,4.4339,1429.7,92.0,58.37,0.04896,0.632,29.19,40.0,100.0,0
3.79,2.107,0.353,0.0345,0.065,2.5,812,0.132,1519.0,252.8,43.4,Permanent,0,4.5038,1427.0,92.0,97.41,0.06183,0.761,188.24,6.73,100.0,0
3.148,2.473,0.18,0.0964,0.0491,8.2,413,0.069,1561.5,58.7,82.9,Permanent,0,4.0044,1442.1,119.4,13.09,0.04166,0.38,687.09,2.19,76.71,0
3.484,2.228,0.484,0.0345,0.0628,7.0,660,0.106,1501.5,182.4,59.5,Permanent,0,4.2386,1434.6,66.9,51.5,0.05455,0.69,354.6,3.72,100.0,0
4.131,1.413,0.442,0.0882,0.0446,7.4,1117,0.247,1529.0,158.0,56.0,Permanent,0,4.6314,1423.0,105.9,344.64,0.03845,0.533,314.1,4.36,57.08,1
3.781,2.116,0.252,0.0166,0.0424,3.1,872,0.125,1503.6,258.8,46.7,Permanent,0,4.4925,1427.2,76.4,106.04,0.03984,0.518,217.78,5.72,100.0,0
3.32,2.351,0.344,0.0357,0.0525,5.0,780,0.143,1532.6,157.8,24.2,Sand,1,4.1153,1438.2,94.3,97.34,0.04743,0.648,87.95,15.63,100.0,0
3.414,2.308,0.475,0.0236,0.0575,5.0,799,0.094,1540.0,150.2,33.1,Permanent,0,4.1914,1435.9,104.0,67.19,0.05204,0.664,109.55,12.69,100.0,0
3.719,2.428,0.49,0.0405,0.0745,5.8,757,0.145,1529.0,263.9,58.1,Sand,1,4.5416,1426.4,102.5,93.23,0.06636,0.786,506.07,2.5,100.0,0
3.549,2.479,0.429,0.0179,0.0503,6.7,637,0.172,1543.2,176.3,44.9,Die,2,4.3817,1430.8,112.5,78.04,0.04399,0.59,160.97,8.49,100.0,0
3.206,2.577,0.333,0.0299,0.0205,10.3,233,0.062,1494.1,130.0,19.4,Die,2,4.0745,1439.6,54.4,3.73,0.01668,0.286,30.03,40.0,64.12,0
3.336,2.334,0.338,0.0209,0.0674,2.6,704,0.097,1539.9,254.3,13.5,Sand,1,4.1209,1437.9,101.9,53.79,0.06397,0.734,27.5,40.0,98.2,0
3.745,2.42,0.457,0.0368,0.0504,4.2,894,0.099,1525.6,186.2,23.6,Die,2,4.5642,1425.8,99.9,88.36,0.04627,0.599,44.47,30.12,100.0,0
3.604,2.467,0.435,0.0158,0.0735,7.6,558,0.172,1539.6,251.0,24.7,Permanent,0,4.4315,1429.4,110.2,59.74,0.06308,0.684,60.84,21.18,100.0,0
3.754,2.193,0.325,0.0485,0.0383,4.0,595,0.082,1513.4,216.9,57.6,Die,2,4.5014,1427.3,86.0,32.58,0.03532,0.465,265.86,4.88,100.0,0
3.798,2.025,0.38,0.0468,0.0639,7.3,808,0.094,1517.2,276.0,59.2,Permanent,0,4.4886,1427.5,89.7,68.74,0.05522,0.649,350.21,3.54,100.0,0
3.475,2.352,0.369,0.0326,0.0655,8.0,584,0.16,1510.9,298.2,46.5,Permanent,0,4.2701,1433.9,77.0,60.9,0.05587,0.67,216.05,5.61,100.0,0
3.477,2.748,0.53,0.0821,0.0252,16.3,1568,0.081,1470.0,105.2,53.2,Permanent,0,4.4206,1430.7,39.4,221.97,0.01821,0.181,282.86,4.82,49.56,1
3.377,2.632,0.253,0.0298,0.055,3.6,661,0.088,1550.2,273.5,30.4,Die,2,4.2644,1434.4,115.8,43.0,0.05115,0.682,74.05,17.24,100.0,0
4.144,2.407,0.284,0.0252,0.0451,14.0,1307,0.062,1464.1,92.1,44.9,Permanent,0,4.9548,1414.7,49.3,117.94,0.03412,0.402,201.93,6.79,79.66,0
3.227,1.469,0.332,0.0388,0.0288,13.4,1273,0.249,1459.0,100.3,36.2,Permanent,0,3.7297,1447.9,11.1,450.6,0.02207,0.316,130.87,10.38,0.0,1
3.771,2.203,0.474,0.037,0.0698,3.7,804,0.112,1547.8,232.4,50.1,Permanent,0,4.518,1426.8,121.0,81.06,0.06482,0.746,251.13,5.24,96.6,0
3.353,2.202,0.401,0.0105,0.054,6.6,653,0.125,1554.1,175.0,14.5,Permanent,0,4.0903,1438.5,115.6,59.71,0.04735,0.686,21.08,40.0,100.0,0
3.155,1.969,0.353,0.0459,0.0369,16.8,374,0.196,1479.9,159.0,38.8,Sand,1,3.8265,1445.9,34.0,30.56,0.02635,0.275,225.24,5.86,74.34,0
3.576,1.623,0.282,0.0854,0.0286,10.2,245,0.202,1555.2,68.4,27.1,Sand,1,4.1455,1436.9,118.3,13.52,0.02332,0.299,110.09,13.51,69.13,0
3.651,1.954,0.334,0.0474,0.0595,2.6,579,0.117,1520.6,186.7,15.8,Sand,1,4.3184,1432.1,88.5,43.67,0.05645,0.711,37.67,35.41,100.0,0
3.391,2.582,0.401,0.0359,0.0478,6.0,579,0.129,1552.9,221.0,18.3,Sand,1,4.2636,1434.4,118.5,48.2,0.0424,0.503,50.46,26.4,100.0,0
3.566,2.35,0.646,0.0283,0.0574,6.4,1376,0.1,1552.4,89.3,30.1,Sand,1,4.3587,1431.4,121.1,211.64,0.05052,0.606,136.24,10.74,74.78,0
3.456,2.607,0.276,0.0221,0.0707,3.8,657,0.109,1513.0,167.3,31.7,Die,2,4.3321,1432.4,80.6,52.71,0.06553,0.832,80.17,16.79,100.0,0
3.791,2.862,0.429,0.0277,0.0385,9.7,394,0.22,1469.9,131.7,69.5,Permanent,0,4.7541,1421.0,49.0,38.15,0.03178,0.445,482.49,2.77,89.22,0
3.381,2.194,0.438,0.0471,0.0732,3.3,558,0.171,1500.7,251.3,30.7,Permanent,0,4.1278,1437.8,62.9,59.57,0.0685,0.877,94.11,13.28,100.0,0
3.738,2.119,0.483,0.0452,0.066,2.3,635,0.083,1510.9,249.0,56.5,Permanent,0,4.4597,1428.4,82.5,37.26,0.06297,0.791,318.94,3.96,98.9,0
3.534,3.022,0.447,0.0269,0.0523,7.8,1467,0.183,1498.0,153.8,39.1,Sand,1,4.5505,1426.9,71.1,439.59,0.04474,0.606,229.51,5.86,36.56,1
3.323,2.294,0.494,0.0255,0.0603,7.3,881,0.131,1550.1,290.6,49.6,Die,2,4.0967,1438.6,111.5,113.4,0.05208,0.57,196.8,6.4,98.25,0
3.646,2.488,0.477,0.0453,0.0475,5.3,758,0.154,1529.5,163.3,50.4,Sand,1,4.4905,1428.0,101.4,99.18,0.04277,0.532,380.65,3.59,100.0,0
3.502,2.482,0.322,0.0471,0.0415,7.5,809,0.169,1526.2,218.5,18.7,Permanent,0,4.3452,1432.1,94.2,123.89,0.0357,0.505,35.08,37.27,94.15,0
3.494,1.627,0.704,0.0324,0.0541,17.5,1267,0.204,1514.9,138.6,53.6,Permanent,0,4.0475,1439.1,75.7,367.19,0.03816,0.393,286.97,4.8,39.69,1
3.657,1.917,0.487,0.0261,0.0515,5.0,635,0.174,1547.3,225.4,26.9,Permanent,0,4.3046,1432.3,115.0,78.6,0.04659,0.645,72.17,18.32,100.0,0
3.757,2.526,0.426,0.0472,0.069,5.6,536,0.106,1525.4,295.9,23.8,Permanent,0,4.6149,1424.6,100.8,33.88,0.06167,0.677,56.75,21.67,100.0,0
3.441,2.696,0.183,0.0219,0.0269,7.3,205,0.208,1565.8,101.2,59.4,Die,2,4.3466,1432.1,133.7,9.76,0.02321,0.452,282.6,5.18,74.66,0
3.838,2.77,0.427,0.072,0.0536,6.4,462,0.111,1567.4,112.4,49.9,Permanent,0,4.7852,1420.4,147.0,26.59,0.04713,0.509,249.35,5.84,85.07,0
3.77,2.227,0.416,0.024,0.0697,2.4,891,0.103,1523.2,268.5,59.3,Sand,1,4.5208,1426.6,96.6,91.25,0.06633,0.874,526.6,2.38,100.0,0
3.529,2.193,0.471,0.0459,0.0662,6.9,855,0.094,1546.4,171.7,57.4,Sand,1,4.2754,1433.6,112.8,76.7,0.05767,0.62,493.53,2.79,100.0,0
3.452,2.069,0.453,0.0184,0.0484,7.5,571,0.146,1506.9,265.8,10.7,Permanent,0,4.1479,1436.8,70.1,53.24,0.0416,0.598,11.52,40.0,97.52,0
3.755,2.174,0.295,0.0407,0.0407,8.0,900,0.148,1542.8,299.1,53.9,Permanent,0,4.4929,1427.5,115.4,133.98,0.03473,0.448,290.73,4.28,94.97,0
3.873,3.189,0.578,0.0842,0.0228,10.5,329,0.093,1546.6,132.3,17.6,Sand,1,4.9635,1416.1,130.6,11.22,0.01848,0.312,46.62,30.34,63.75,0
3.303,2.125,0.365,0.0365,0.0723,7.3,569,0.143,1509.3,207.9,47.9,Die,2,4.0231,1440.5,68.8,51.81,0.06247,0.702,183.68,7.09,100.0,0
3.536,2.377,0.47,0.0238,0.0557,6.1,848,0.091,1543.2,251.7,36.0,Permanent,0,4.3359,1432.0,111.2,72.98,0.04928,0.556,129.46,9.98,100.0,0
3.763,2.404,0.506,0.0157,0.0686,6.4,626,0.167,1553.5,297.3,38.3,Permanent,0,4.5694,1425.4,128.1,73.09,0.06043,0.707,146.54,8.57,99.98,0
3.768,2.541,0.313,0.0175,0.0409,5.8,665,0.157,1511.3,171.2,22.1,Sand,1,4.6213,1424.2,87.1,77.76,0.03641,0.471,73.1,18.33,99.52,0
3.642,2.019,0.417,0.0121,0.0392,7.3,833,0.13,1513.5,285.7,17.1,Permanent,0,4.3195,1431.9,81.7,101.01,0.03392,0.453,29.08,40.0,100.0,0
3.77,1.95,0.456,0.0387,0.0453,2.4,724,0.176,1518.0,241.9,31.5,Sand,1,4.4327,1428.8,89.2,103.23,0.04322,0.729,148.64,8.59,100.0,0
3.341,2.542,0.541,0.0386,0.0717,6.5,667,0.124,1557.3,236.3,25.3,Die,2,4.2007,1436.1,121.1,61.83,0.06303,0.729,51.28,25.76,100.0,0
3.327,2.631,0.368,0.0279,0.0391,15.0,414,0.071,1538.1,104.3,77.9,Permanent,0,4.2135,1435.8,102.4,13.69,0.02894,0.306,607.47,2.36,83.3,0
3.642,2.528,0.288,0.048,0.0674,4.1,656,0.141,1517.6,292.7,24.1,Permanent,0,4.5003,1427.8,89.7,68.04,0.06218,0.783,58.3,21.01,100.0,0
3.451,2.304,0.38,0.0402,0.0684,3.9,785,0.177,1559.5,208.3,37.1,Permanent,0,4.2329,1434.9,124.6,121.53,0.06326,0.785,137.28,9.84,97.05,0
3.951,2.426,0.181,0.0606,0.0582,10.6,1540,0.241,1527.0,83.6,33.6,Permanent,0,4.7794,1420.0,107.0,640.03,0.04714,0.492,112.62,12.82,0.0,1
3.465,2.119,0.639,0.0721,0.058,7.4,205,0.13,1484.1,128.1,13.5,Sand,1,4.1952,1436.0,48.1,6.12,0.05006,0.56,27.23,40.0,86.74,0
3.525,2.563,0.327,0.0383,0.0629,4.9,559,0.126,1559.6,207.8,20.9,Permanent,0,4.3925,1430.8,128.8,43.93,0.05702,0.749,43.73,30.92,100.0,0
3.735,2.662,0.495,0.0383,0.0446,7.2,847,0.151,1547.5,292.2,38.5,Permanent,0,4.635,1424.1,123.4,120.75,0.03864,0.527,147.92,8.49,95.81,0
3.564,2.386,0.676,0.0382,0.0515,15.3,1521,0.222,1523.8,51.6,35.0,Permanent,0,4.3725,1431.1,92.7,574.62,0.03795,0.476,122.79,11.99,0.0,1
3.734,2.175,0.442,0.0273,0.0444,3.7,754,0.132,1540.9,244.2,21.3,Sand,1,4.4677,1428.1,112.8,83.5,0.04118,0.511,68.18,19.02,100.0,0
3.366,2.409,0.479,0.0152,0.0384,3.1,686,0.095,1504.1,208.0,54.8,Permanent,0,4.1737,1436.5,67.6,50.16,0.03607,0.607,300.68,4.31,100.0,0
3.489,2.345,0.257,0.0494,0.0616,7.4,596,0.168,1504.8,201.2,34.5,Sand,1,4.2869,1433.6,71.3,66.6,0.05318,0.65,179.04,7.28,100.0,0
3.713,2.545,0.402,0.0339,0.052,6.9,555,0.116,1525.4,224.8,43.5,Sand,1,4.5725,1425.7,99.7,40.02,0.04535,0.533,283.43,4.59,100.0,0
3.661,2.209,0.395,0.014,0.0531,4.5,741,0.091,1520.6,198.6,25.0,Sand,1,4.4021,1429.8,90.8,55.55,0.0485,0.653,94.08,14.05,100.0,0
3.735,2.666,0.338,0.0203,0.0654,5.2,636,0.118,1540.4,286.2,46.8,Permanent,0,4.6307,1424.1,116.4,53.2,0.05893,0.655,218.75,5.73,100.0,0
3.732,2.378,0.345,0.0227,0.0697,6.8,630,0.156,1510.1,181.1,59.2,Permanent,0,4.5318,1426.5,83.7,69.13,0.0608,0.718,350.88,3.79,100.0,0
3.526,2.184,0.373,0.0498,0.052,7.4,528,0.145,1520.6,208.2,16.6,Permanent,0,4.2703,1433.8,86.8,45.12,0.04492,0.607,27.72,40.0,99.99,0
3.506,2.121,0.428,0.0275,0.0712,2.4,752,0.115,1542.8,171.6,32.3,Permanent,0,4.2218,1434.9,107.9,72.58,0.06783,0.814,104.22,13.16,98.87,0
3.63,2.643,0.434,0.0445,0.0478,4.7,575,0.166,1507.8,187.8,51.2,Permanent,0,4.5253,1427.2,80.5,61.27,0.04351,0.579,262.43,5.03,100.0,0
3.628,1.594,0.335,0.0354,0.0301,7.1,580,0.081,1457.2,130.2,45.8,Permanent,0,4.1714,1435.7,21.6,30.3,0.02609,0.382,209.93,6.32,75.34,0
3.633,2.187,0.25,0.0144,0.0439,6.4,689,0.092,1508.6,250.8,39.0,Sand,1,4.3664,1430.8,77.8,48.94,0.03863,0.569,228.09,5.51,100.0,0
3.344,2.04,0.521,0.0245,0.0481,2.3,530,0.083,1520.7,155.5,57.5,Permanent,0,4.0324,1440.0,80.7,26.13,0.04594,0.656,330.99,4.12,94.08,0
3.495,2.008,0.391,0.0235,0.0418,2.8,752,0.122,1554.9,216.1,28.1,Sand,1,4.1719,1436.1,118.9,77.33,0.03955,0.574,118.76,11.27,100.0,0
3.899,1.486,0.31,0.0599,0.0442,5.9,1344,0.08,1447.1,109.1,48.4,Permanent,0,4.4139,1429.0,18.2,161.06,0.03923,0.597,234.74,5.7,74.61,0
3.403,2.358,0.4,0.0428,0.0739,7.5,534,0.083,1510.2,281.1,24.1,Sand,1,4.2033,1435.8,74.4,26.46,0.06362,0.76,86.86,14.15,98.67,0
3.632,2.743,0.4,0.0216,0.056,13.2,1106,0.13,1513.1,64.2,54.9,Sand,1,4.554,1426.3,86.8,177.85,0.04299,0.461,451.86,3.21,77.32,0
3.666,2.555,0.272,0.0282,0.0559,4.3,564,0.137,1539.0,224.1,32.3,Permanent,0,4.5273,1426.9,112.0,48.66,0.05128,0.663,104.5,12.58,100.0,0
3.47,2.485,0.333,0.0345,0.0567,2.9,833,0.093,1505.2,290.4,45.6,Sand,1,4.3103,1432.9,72.2,72.27,0.05347,0.742,311.75,3.9,100.0,0
3.64,1.917,0.465,0.0288,0.068,7.0,630,0.15,1528.4,216.9,25.7,Sand,1,4.2889,1432.7,95.7,66.71,0.05915,0.683,99.03,13.24,100.0,0
3.729,2.644,0.487,0.0324,0.057,6.6,543,0.099,1515.7,193.3,59.5,Sand,1,4.6215,1424.4,91.3,32.5,0.04993,0.558,530.3,2.49,95.7,0
4.067,1.652,0.158,0.0275,0.031,8.3,511,0.136,1504.8,85.5,69.8,Permanent,0,4.6267,1422.9,81.9,39.71,0.02625,0.408,487.41,2.91,88.71,0
3.628,3.179,0.203,0.0959,0.0282,9.3,253,0.245,1558.2,56.3,52.0,Sand,1,4.7197,1423.0,135.2,17.48,0.02341,0.391,405.08,3.71,69.58,0
3.517,2.546,0.351,0.0297,0.051,6.1,743,0.15,1554.3,252.4,21.2,Die,2,4.3755,1431.2,123.1,92.59,0.04515,0.634,36.05,36.11,100.0,0
3.308,1.906,0.335,0.0281,0.0661,4.1,700,0.149,1559.6,175.7,26.7,Permanent,0,3.9522,1442.1,117.4,81.56,0.06084,0.807,71.32,19.4,100.0,0
3.604,2.6,0.493,0.0405,0.0449,4.0,798,0.114,1517.0,156.5,20.0,Permanent,0,4.4836,1428.3,88.7,81.42,0.0415,0.667,40.14,33.9,100.0,0
3.647,2.31,0.364,0.0182,0.0575,2.5,852,0.117,1525.0,235.6,29.3,Sand,1,4.423,1429.4,95.6,95.19,0.05472,0.703,128.73,10.02,100.0,0
3.306,2.641,0.432,0.0261,0.0452,3.9,553,0.147,1505.2,224.1,41.2,Permanent,0,4.1948,1436.3,68.8,50.26,0.04179,0.592,169.52,7.56,99.03,0
3.74,2.645,0.308,0.0468,0.0666,2.2,812,0.11,1559.1,265.5,20.1,Sand,1,4.637,1424.1,135.0,80.8,0.06364,0.723,60.45,21.4,97.89,0
3.843,2.156,0.724,0.0245,0.0354,13.4,318,0.136,1552.0,134.3,29.8,Permanent,0,4.5693,1425.2,126.8,15.43,0.02707,0.303,88.58,16.0,83.43,0
3.63,2.407,0.44,0.0263,0.0616,6.1,714,0.092,1513.7,226.6,18.5,Sand,1,4.4409,1429.1,84.6,52.41,0.0545,0.591,51.2,25.14,100.0,0
3.578,2.342,0.6,0.0501,0.0347,11.1,242,0.066,1577.3,141.6,18.4,Permanent,0,4.375,1431.1,146.2,4.36,0.02784,0.431,33.81,40.0,75.74,0
3.872,2.597,0.417,0.0479,0.0414,5.5,400,0.179,1533.0,67.7,81.4,Permanent,0,4.7537,1420.8,112.2,32.06,0.03704,0.528,662.2,2.21,91.3,0
3.498,2.577,0.31,0.0241,0.0406,7.0,525,0.172,1536.4,255.9,50.2,Permanent,0,4.3651,1431.4,105.0,53.05,0.03528,0.499,251.6,5.09,100.0,0
3.953,2.558,0.65,0.0578,0.031,10.4,1112,0.148,1542.1,97.8,32.3,Sand,1,4.8249,1418.9,123.2,204.06,0.02517,0.392,156.08,9.25,60.27,1
3.041,1.748,0.715,0.0661,0.0516,10.6,1104,0.177,1497.3,156.3,71.0,Sand,1,3.6458,1450.9,46.5,241.44,0.04172,0.49,757.13,1.77,57.59,1
4.128,2.47,0.533,0.0633,0.0406,14.5,1253,0.199,1563.0,108.7,75.3,Permanent,0,4.9719,1414.7,148.3,349.19,0.03039,0.346,567.54,2.56,30.86,1
3.763,2.411,0.266,0.068,0.046,7.9,445,0.181,1481.0,142.3,51.2,Permanent,0,4.5894,1425.3,55.7,40.08,0.03926,0.496,261.91,5.11,99.0,0
3.676,2.035,0.304,0.0343,0.0632,5.7,657,0.168,1529.8,298.5,35.8,Permanent,0,4.366,1430.8,99.0,80.8,0.05633,0.692,128.33,9.59,100.0,0
3.349,2.565,0.383,0.0384,0.041,3.0,892,0.171,1510.0,280.8,17.3,Sand,1,4.2163,1435.7,74.3,152.17,0.03866,0.631,44.81,27.43,91.27,0
3.966,1.616,0.29,0.0715,0.0595,13.1,1133,0.224,1521.8,102.5,80.1,Sand,1,4.5288,1426.0,95.8,321.54,0.04578,0.56,961.65,1.48,55.95,1
3.672,1.865,0.597,0.0265,0.0276,9.9,1275,0.053,1461.2,66.2,38.4,Die,2,4.3023,1432.3,28.9,96.26,0.02264,0.32,118.23,11.8,76.17,0
3.464,2.565,0.329,0.0409,0.0609,3.8,699,0.166,1522.4,262.3,41.3,Permanent,0,4.3324,1432.5,89.9,90.62,0.05637,0.75,170.78,7.38,100.0,0
3.946,2.259,0.464,0.0716,0.0208,17.5,388,0.105,1571.9,143.3,32.5,Die,2,4.7232,1421.4,150.5,17.69,0.01463,0.116,84.62,16.88,68.45,0
3.479,1.923,0.356,0.0327,0.0682,7.9,822,0.159,1513.6,219.8,31.3,Permanent,0,4.1305,1437.2,76.4,120.41,0.05826,0.609,97.74,13.24,94.38,0
3.555,2.367,0.371,0.0234,0.0557,5.0,639,0.169,1547.1,202.4,31.0,Permanent,0,4.3514,1431.5,115.6,77.23,0.05041,0.624,96.14,13.99,100.0,0
3.669,2.339,0.262,0.0448,0.0524,5.0,894,0.159,1505.3,161.2,43.0,Sand,1,4.4636,1428.6,76.7,141.85,0.04739,0.598,277.81,4.84,93.75,0
3.74,2.513,0.282,0.0386,0.0424,7.0,630,0.147,1520.0,270.0,14.9,Permanent,0,4.59,1425.2,94.8,65.27,0.03689,0.489,22.12,40.0,95.75,0
3.353,2.343,0.456,0.0323,0.0746,7.3,736,0.089,1512.6,159.9,47.4,Permanent,0,4.145,1437.4,75.2,54.01,0.06452,0.708,225.03,6.01,100.0,0
3.421,1.967,0.302,0.0314,0.0522,4.8,819,0.146,1535.4,237.5,54.0,Sand,1,4.0866,1438.5,96.9,109.14,0.04745,0.645,437.51,2.97,98.15,0
3.357,2.527,0.256,0.0127,0.0739,3.7,588,0.152,1558.2,256.9,40.6,Permanent,0,4.2031,1435.8,122.4,58.91,0.06861,0.862,164.76,7.9,100.0,0
3.463,2.415,0.309,0.0435,0.0662,6.3,828,0.169,1529.9,287.9,51.9,Permanent,0,4.2827,1433.7,96.2,129.78,0.05844,0.762,269.59,4.61,97.41,0
3.351,2.547,0.31,0.0191,0.0416,7.9,522,0.083,1516.0,270.7,47.7,Permanent,0,4.2067,1435.8,80.2,25.18,0.03555,0.51,227.12,5.48,99.1,0
3.871,2.073,0.551,0.0842,0.0433,10.4,308,0.075,1576.2,65.8,31.2,Permanent,0,4.5906,1425.0,151.2,8.02,0.03515,0.49,97.32,15.52,74.02,0
3.7,2.139,0.348,0.0167,0.0554,2.5,664,0.168,1558.3,221.5,15.9,Permanent,0,4.4186,1429.3,129.0,82.73,0.05273,0.665,25.19,40.0,98.5,0
3.473,1.947,0.254,0.0103,0.0595,4.9,878,0.108,1530.1,252.5,11.8,Die,2,4.1252,1437.2,92.9,93.04,0.05396,0.706,11.23,40.0,100.0,0
3.602,2.193,0.384,0.0176,0.0554,4.4,717,0.153,1518.1,199.4,12.5,Sand,1,4.3387,1431.6,86.5,87.94,0.05068,0.631,23.27,40.0,100.0,0
3.436,2.124,0.287,0.0303,0.0729,2.1,584,0.108,1533.5,193.0,51.6,Permanent,0,4.1544,1436.8,96.7,41.16,0.06997,0.89,266.06,5.04,95.5,0
3.396,1.93,0.267,0.0447,0.0639,3.6,688,0.151,1553.3,253.7,38.9,Permanent,0,4.054,1439.5,113.8,79.67,0.05939,0.752,151.27,8.59,100.0,0
4.192,2.198,0.798,0.0344,0.0433,14.3,481,0.191,1573.2,126.5,33.1,Die,2,4.9363,1415.0,158.2,49.46,0.03255,0.373,87.48,16.54,81.01,0
3.549,2.205,0.297,0.0166,0.064,4.3,811,0.129,1539.1,277.3,56.4,Die,2,4.2896,1433.0,106.1,94.62,0.05865,0.691,254.77,4.95,100.0,0
3.745,2.271,0.363,0.025,0.0533,2.7,814,0.084,1537.2,250.0,51.2,Sand,1,4.5104,1427.0,110.2,61.83,0.05049,0.654,393.97,3.27,100.0,0
3.56,2.288,0.256,0.0446,0.0451,5.0,801,0.147,1511.3,281.5,13.1,Sand,1,4.3374,1432.0,79.3,105.18,0.04083,0.507,25.61,40.0,99.95,0
3.722,2.35,0.368,0.0126,0.0541,7.4,595,0.12,1545.6,160.3,45.2,Permanent,0,4.5094,1427.0,118.6,47.39,0.04664,0.553,204.34,6.78,100.0,0
3.621,2.089,0.302,0.0319,0.0624,2.6,779,0.083,1535.3,169.7,27.8,Die,2,4.3281,1431.9,103.4,56.4,0.05921,0.719,61.99,22.03,100.0,0
3.642,2.439,0.411,0.0325,0.0574,7.7,805,0.097,1528.8,186.8,17.9,Permanent,0,4.466,1428.5,100.3,70.43,0.04921,0.562,31.98,40.0,97.5,0
3.651,2.526,0.18,0.0929,0.0314,7.9,548,0.21,1445.6,124.2,88.9,Die,2,4.5236,1427.6,18.0,70.39,0.02683,0.396,631.96,2.09,77.62,0
3.712,2.657,0.286,0.0494,0.0643,7.1,704,0.088,1552.5,218.9,20.5,Sand,1,4.6144,1424.8,127.7,48.95,0.05578,0.741,63.2,21.1,100.0,0
3.381,2.811,0.751,0.081,0.0501,14.1,473,0.124,1538.1,136.1,14.2,Sand,1,4.3453,1432.8,105.3,31.1,0.03778,0.469,30.31,40.0,97.42,0
3.783,2.299,0.527,0.0367,0.0711,2.3,697,0.156,1558.3,254.2,23.7,Permanent,0,4.5609,1425.7,132.6,84.56,0.06788,0.882,56.32,23.16,97.44,0
3.791,2.603,0.491,0.0158,0.042,7.9,696,0.083,1527.9,232.2,28.9,Permanent,0,4.6637,1423.0,104.8,44.97,0.03584,0.462,83.59,15.5,100.0,0
3.511,2.352,0.43,0.0402,0.0464,4.0,874,0.146,1554.3,224.7,54.0,Die,2,4.3086,1432.9,121.4,124.51,0.04279,0.598,233.26,5.7,97.74,0
3.773,2.171,0.405,0.0199,0.0713,4.5,841,0.139,1520.5,243.3,29.9,Sand,1,4.5034,1427.0,93.5,109.75,0.06521,0.753,134.41,9.5,99.54,0
3.389,2.362,0.38,0.0178,0.0445,3.8,660,0.145,1522.1,264.8,51.8,Permanent,0,4.1819,1436.2,85.9,70.75,0.04122,0.54,268.34,4.69,100.0,0
3.049,2.965,0.169,0.0593,0.0212,13.1,1423,0.164,1486.0,86.7,54.1,Sand,1,4.0574,1440.9,45.1,371.37,0.01631,0.249,438.64,3.19,12.38,1
3.357,2.563,0.327,0.0187,0.0699,3.2,837,0.119,1519.7,205.4,53.9,Sand,1,4.2178,1435.5,84.2,93.0,0.06566,0.803,436.26,3.01,99.28,0
3.435,2.432,0.267,0.0375,0.0639,3.4,852,0.116,1549.7,295.0,26.8,Permanent,0,4.2578,1434.4,115.3,94.24,0.05971,0.786,72.03,17.42,100.0,0
3.965,3.176,0.772,0.0306,0.0529,9.6,1422,0.114,1558.7,142.7,70.5,Permanent,0,5.034,1413.6,145.1,258.11,0.04363,0.525,497.4,2.85,54.13,1
3.934,1.554,0.373,0.0706,0.0302,10.9,1575,0.224,1586.4,89.4,89.5,Sand,1,4.4754,1427.4,158.9,620.22,0.02431,0.251,1202.54,1.24,0.0,1
3.54,2.645,0.394,0.0149,0.0467,6.1,671,0.154,1518.6,164.5,37.2,Die,2,4.4267,1429.7,88.9,77.43,0.04138,0.521,110.61,12.24,100.0,0
3.444,2.307,0.549,0.0445,0.069,4.1,519,0.175,1506.4,219.8,26.3,Die,2,4.2283,1435.1,71.3,52.48,0.06353,0.739,55.44,23.21,100.0,0
3.52,2.178,0.484,0.0303,0.0468,7.6,754,0.144,1508.7,173.2,29.9,Sand,1,4.2563,1434.0,74.7,91.29,0.04022,0.457,134.2,9.95,98.45,0
4.152,2.404,0.37,0.0749,0.0267,5.5,1363,0.082,1605.6,94.4,81.4,Sand,1,4.9781,1414.5,191.0,171.26,0.02389,0.401,992.79,1.52,44.35,1
3.75,2.293,0.265,0.0321,0.0531,3.5,609,0.109,1541.8,251.5,13.1,Die,2,4.5256,1426.6,115.2,45.05,0.04953,0.696,13.83,40.0,100.0,0
3.383,2.233,0.295,0.0462,0.0605,4.8,780,0.096,1508.3,265.2,58.9,Permanent,0,4.1428,1437.4,70.9,65.41,0.05496,0.661,346.84,3.58,100.0,0
3.778,2.363,0.3,0.0362,0.0592,7.3,838,0.118,1544.9,289.8,15.2,Sand,1,4.5782,1425.3,119.6,92.83,0.0511,0.643,34.7,36.17,100.0,0
3.653,2.001,0.361,0.0389,0.0606,4.0,780,0.098,1533.3,292.9,50.0,Die,2,4.3326,1431.7,101.6,66.91,0.05587,0.705,199.65,6.21,100.0,0
3.48,2.488,0.285,0.0318,0.0661,5.1,594,0.087,1542.1,159.0,27.2,Sand,1,4.3204,1432.6,109.5,34.49,0.05965,0.752,111.08,12.45,100.0,0
3.42,2.393,0.518,0.0501,0.0464,13.2,1426,0.1,1496.6,101.6,73.9,Permanent,0,4.2344,1435.1,61.6,227.19,0.03558,0.344,546.5,2.55,72.84,0
3.433,2.142,0.302,0.0467,0.0401,4.3,885,0.126,1507.5,186.1,23.4,Sand,1,4.1624,1436.7,70.7,110.61,0.03684,0.564,82.1,16.09,100.0,0
3.437,1.996,0.492,0.0417,0.0539,6.7,773,0.146,1515.4,160.3,47.4,Permanent,0,4.1167,1437.8,77.6,97.38,0.04718,0.565,224.4,6.04,98.27,0
3.6,2.047,0.425,0.034,0.0711,5.2,760,0.142,1526.0,264.9,33.4,Permanent,0,4.2932,1432.8,93.1,91.56,0.06402,0.8,111.39,11.32,100.0,0
3.473,2.686,0.351,0.0146,0.0636,3.0,764,0.088,1555.4,161.7,26.8,Permanent,0,4.3737,1431.3,124.2,57.53,0.05988,0.697,71.72,19.43,100.0,0
3.333,2.618,0.252,0.0406,0.0511,7.0,570,0.111,1517.4,152.2,26.0,Sand,1,4.2196,1435.7,81.7,40.24,0.04445,0.61,101.2,13.49,100.0,0
3.419,2.68,0.493,0.014,0.0564,4.3,770,0.164,1550.7,228.6,22.2,Permanent,0,4.3169,1432.8,117.9,108.94,0.05176,0.664,49.46,26.73,100.0,0
3.598,2.513,0.4,0.0405,0.0604,2.9,736,0.087,1517.8,279.8,35.1,Permanent,0,4.4496,1429.1,88.6,52.87,0.05699,0.74,123.31,10.04,100.0,0
3.492,2.471,0.383,0.0289,0.0441,4.6,610,0.081,1540.7,252.9,46.6,Sand,1,4.3255,1432.4,108.2,33.51,0.04022,0.572,325.86,3.95,100.0,0
3.746,2.03,0.534,0.0171,0.0381,5.2,544,0.176,1509.5,297.9,41.1,Sand,1,4.4285,1428.9,80.7,58.18,0.03427,0.44,253.03,4.79,100.0,0
3.779,2.301,0.314,0.0483,0.046,2.7,775,0.097,1556.3,170.1,30.9,Sand,1,4.562,1425.8,130.5,65.19,0.04357,0.649,143.47,9.66,100.0,0
3.695,2.22,0.457,0.0338,0.0579,7.6,581,0.126,1521.8,210.2,40.8,Permanent,0,4.4461,1428.8,93.0,47.32,0.04971,0.59,166.23,7.89,100.0,0
3.431,2.315,0.524,0.0423,0.0382,3.0,709,0.119,1538.3,265.6,20.7,Die,2,4.2166,1435.4,102.9,66.83,0.03595,0.611,34.11,37.31,98.65,0
3.374,1.996,0.528,0.0399,0.0403,7.0,594,0.121,1557.3,186.8,17.0,Sand,1,4.0524,1439.6,117.8,47.62,0.03501,0.513,43.37,31.6,96.83,0
3.719,2.438,0.356,0.0284,0.0564,6.1,731,0.109,1507.0,157.9,38.2,Permanent,0,4.5415,1426.4,80.6,65.11,0.04984,0.657,146.27,9.22,100.0,0
3.077,2.124,0.498,0.0971,0.0277,7.0,315,0.247,1456.9,103.3,64.2,Die,2,3.8171,1446.9,10.1,27.34,0.02407,0.396,330.02,4.1,58.81,1
3.376,2.652,0.287,0.0179,0.0679,3.1,672,0.126,1521.6,151.5,17.1,Permanent,0,4.2661,1434.3,87.3,63.63,0.06383,0.801,29.14,40.0,100.0,0
3.773,2.388,0.345,0.0365,0.066,4.7,775,0.086,1558.4,192.0,48.2,Permanent,0,4.5811,1425.3,133.2,57.82,0.06014,0.756,232.38,5.88,99.15,0
3.435,1.942,0.259,0.0338,0.0468,3.6,828,0.169,1547.0,236.7,39.4,Permanent,0,4.0941,1438.3,108.8,129.75,0.04358,0.652,155.4,8.43,93.37,0
3.546,2.301,0.413,0.0344,0.0711,4.9,820,0.093,1519.8,292.7,37.9,Sand,1,4.3248,1432.3,87.5,69.52,0.0645,0.793,215.43,5.7,98.74,0
3.977,2.0,0.763,0.0291,0.0533,8.6,256,0.195,1608.9,138.5,53.8,Permanent,0,4.6532,1422.6,186.3,14.28,0.04493,0.594,289.5,5.08,74.75,0
3.725,2.262,0.427,0.0539,0.0275,8.2,562,0.06,1602.6,109.3,66.5,Die,2,4.4971,1427.6,175.0,21.32,0.02331,0.349,353.32,4.23,70.15,0
3.696,2.657,0.309,0.0387,0.0732,2.3,816,0.178,1549.6,157.1,51.3,Permanent,0,4.5945,1425.3,124.3,132.89,0.06986,0.836,263.17,5.29,93.45,0
3.371,2.14,0.344,0.013,0.0529,3.2,735,0.157,1510.1,182.0,44.7,Permanent,0,4.0888,1438.5,71.6,94.95,0.04955,0.648,199.56,6.65,100.0,0
3.59,2.154,0.334,0.0414,0.0686,5.6,890,0.127,1501.9,276.6,46.5,Sand,1,4.3217,1432.3,69.7,112.73,0.06129,0.737,324.62,3.77,100.0,0
3.677,2.347,0.721,0.0506,0.0555,17.5,1178,0.192,1497.9,123.2,82.0,Permanent,0,4.4757,1428.3,69.6,297.65,0.03915,0.357,672.19,2.05,62.3,0
3.668,2.146,0.412,0.0267,0.0452,4.9,594,0.081,1558.7,182.0,26.4,Permanent,0,4.3925,1430.1,128.6,31.99,0.04103,0.541,69.66,19.76,100.0,0
3.552,2.202,0.293,0.0294,0.0627,3.4,801,0.108,1546.0,235.0,24.2,Sand,1,4.2953,1432.9,113.1,77.53,0.05849,0.71,88.17,14.87,100.0,0
3.625,2.234,0.375,0.0489,0.0504,6.9,633,0.086,1501.1,275.2,55.4,Permanent,0,4.3857,1430.6,70.5,38.5,0.0439,0.558,307.42,3.99,99.61,0
3.736,2.513,0.443,0.0209,0.0446,3.8,784,0.13,1514.6,209.1,29.8,Permanent,0,4.581,1425.3,89.3,89.04,0.04135,0.579,88.85,14.69,100.0,0
3.587,1.924,0.725,0.0233,0.0335,13.8,510,0.164,1443.8,109.8,57.2,Permanent,0,4.2358,1434.2,9.6,47.61,0.02541,0.274,327.43,4.07,72.3,0
3.685,1.928,0.257,0.0223,0.0555,6.0,869,0.088,1544.6,287.1,54.3,Permanent,0,4.3357,1431.4,113.3,74.23,0.04927,0.619,294.64,4.27,100.0,0
3.715,2.416,0.49,0.0361,0.0414,3.3,894,0.124,1538.4,273.3,59.1,Permanent,0,4.5326,1426.6,111.8,110.38,0.03876,0.58,348.81,3.63,99.17,0
3.38,2.671,0.488,0.0146,0.0389,2.6,511,0.16,1559.1,200.9,31.3,Permanent,0,4.2755,1434.0,125.2,46.65,0.03691,0.545,97.87,13.88,100.0,0
3.785,2.001,0.44,0.0446,0.0623,4.1,838,0.161,1541.5,251.1,33.4,Permanent,0,4.4672,1428.0,113.5,126.37,0.05742,0.692,111.25,11.6,98.27,0
3.697,2.361,0.282,0.0391,0.0581,4.7,814,0.168,1541.0,281.6,40.7,Die,2,4.497,1427.6,113.4,124.34,0.05292,0.724,132.76,9.49,98.55,0
3.694,2.221,0.309,0.021,0.0389,3.8,646,0.14,1527.2,245.8,29.2,Permanent,0,4.4415,1428.8,98.4,65.23,0.03605,0.479,85.08,15.06,100.0,0
3.316,1.999,0.486,0.0171,0.0746,5.1,613,0.161,1522.7,207.2,22.4,Sand,1,3.9878,1441.2,81.5,67.33,0.06742,0.783,75.32,17.47,99.22,0
3.559,2.201,0.504,0.0448,0.0655,5.9,836,0.162,1536.6,243.7,39.5,Permanent,0,4.3076,1432.7,103.9,126.91,0.05817,0.759,155.96,8.29,95.47,0
3.487,2.699,0.296,0.0445,0.0497,2.7,714,0.175,1553.7,202.7,33.0,Sand,1,4.4014,1430.8,122.9,99.89,0.04707,0.639,163.15,8.28,100.0,0
3.747,2.431,0.336,0.0441,0.0628,2.7,649,0.108,1534.5,189.9,53.8,Permanent,0,4.5722,1425.6,108.9,50.9,0.05954,0.786,289.52,4.64,100.0,0
3.674,2.143,0.403,0.0483,0.0427,7.4,763,0.085,1523.9,153.7,49.2,Sand,1,4.4043,1430.0,93.9,55.59,0.03684,0.435,363.28,3.77,100.0,0
4.195,1.602,0.671,0.0857,0.028,14.2,1257,0.064,1571.2,109.4,65.3,Die,2,4.7577,1419.7,151.5,113.61,0.02107,0.199,341.29,4.28,73.56,0
3.626,2.465,0.33,0.0476,0.0483,7.2,782,0.136,1507.1,152.8,14.1,Die,2,4.4635,1428.8,78.4,93.0,0.04179,0.541,16.01,40.0,100.0,0
3.328,1.72,0.585,0.0384,0.04,7.2,264,0.096,1547.4,121.6,33.9,Sand,1,3.9143,1443.1,104.4,7.51,0.03465,0.449,172.1,8.28,86.27,0
3.513,2.235,0.302,0.0443,0.0716,6.9,692,0.115,1526.0,289.2,29.2,Die,2,4.2729,1433.8,92.2,61.66,0.06231,0.734,68.28,18.11,100.0,0
3.212,2.463,0.255,0.0709,0.0459,16.2,344,0.154,1580.8,149.1,20.3,Permanent,0,4.0564,1440.4,140.4,20.41,0.03317,0.351,41.18,34.77,85.43,0
3.616,2.49,0.263,0.0318,0.0669,4.2,547,0.089,1517.2,206.1,22.6,Permanent,0,4.4562,1428.8,88.4,29.85,0.06151,0.816,51.01,25.7,100.0,0
3.785,2.438,0.418,0.0463,0.0704,6.3,579,0.146,1542.6,153.8,52.4,Die,2,4.613,1424.5,118.1,54.71,0.06212,0.746,220.08,6.31,100.0,0
3.77,2.023,0.538,0.0425,0.0411,5.0,687,0.17,1541.0,203.3,46.2,Permanent,0,4.458,1428.3,112.7,89.72,0.03717,0.53,213.12,6.28,100.0,0
3.748,2.619,0.485,0.0388,0.0651,2.4,785,0.119,1555.6,269.0,57.9,Permanent,0,4.6336,1424.1,131.5,81.81,0.06209,0.797,335.23,3.84,100.0,0
3.439,2.241,0.303,0.045,0.0474,5.5,847,0.17,1508.5,246.9,44.4,Die,2,4.2013,1435.8,72.7,136.38,0.04246,0.568,157.61,8.0,96.87,0
3.671,2.208,0.287,0.0131,0.0547,6.8,718,0.158,1542.4,213.1,29.9,Permanent,0,4.4115,1429.5,112.8,91.07,0.04776,0.543,89.45,14.86,100.0,0
3.702,2.675,0.533,0.0167,0.0418,2.7,603,0.174,1517.3,260.5,55.5,Permanent,0,4.5996,1424.9,92.3,70.64,0.03954,0.621,307.55,4.09,100.0,0
3.75,2.514,0.494,0.0495,0.0673,2.1,673,0.177,1506.2,200.7,54.2,Permanent,0,4.6045,1424.9,81.3,89.8,0.06459,0.823,293.88,4.44,100.0,0
3.778,2.512,0.439,0.021,0.0393,5.7,506,0.135,1501.2,272.8,17.6,Permanent,0,4.6221,1424.1,77.1,38.54,0.03505,0.481,31.02,39.6,98.76,0
3.319,2.433,0.329,0.0345,0.0606,3.3,883,0.091,1548.3,196.5,49.7,Permanent,0,4.142,1437.6,110.7,79.48,0.05674,0.781,246.78,5.48,99.89,0
3.625,2.065,0.383,0.046,0.0617,3.4,816,0.158,1556.3,163.9,52.9,Permanent,0,4.3286,1432.0,124.3,117.63,0.05759,0.697,279.72,4.98,98.54,0
3.653,2.541,0.389,0.0481,0.0508,5.5,695,0.133,1512.6,199.5,29.6,Sand,1,4.5157,1427.4,85.2,72.04,0.04552,0.67,131.41,9.99,100.0,0
3.626,2.689,0.316,0.0175,0.0713,6.8,593,0.132,1510.6,223.2,13.2,Permanent,0,4.5281,1427.0,83.6,51.98,0.06221,0.706,17.54,40.0,95.4,0
3.141,1.645,0.279,0.0513,0.0457,13.0,396,0.164,1558.3,71.2,34.5,Sand,1,3.7062,1448.9,109.4,28.84,0.0353,0.337,178.95,8.31,78.82,0
3.657,1.926,0.448,0.0402,0.0557,6.0,516,0.149,1549.3,276.1,21.1,Permanent,0,4.3126,1432.2,117.1,44.43,0.0494,0.695,44.37,28.7,100.0,0
3.614,2.081,0.399,0.0243,0.0532,3.1,787,0.13,1517.7,249.4,47.6,Permanent,0,4.3155,1432.2,85.5,90.2,0.05002,0.711,226.97,5.59,100.0,0
3.52,1.973,0.323,0.0236,0.05,6.8,751,0.17,1530.5,163.2,50.8,Die,2,4.1853,1435.7,94.8,107.23,0.0436,0.6,206.27,6.63,100.0,0
3.087,2.882,0.383,0.0656,0.035,14.5,403,0.188,1546.6,110.1,64.1,Sand,1,4.0692,1440.5,106.0,34.2,0.02621,0.202,616.74,2.33,87.72,0
3.696,2.282,0.512,0.0113,0.0743,4.8,513,0.102,1555.1,235.0,43.0,Permanent,0,4.4609,1428.2,126.9,29.98,0.0674,0.697,184.51,7.15,94.35,0
3.839,2.049,0.763,0.0806,0.053,15.0,1250,0.205,1603.3,153.5,66.9,Sand,1,4.549,1426.1,177.2,356.98,0.03929,0.445,671.88,2.16,30.96,1
3.921,2.553,0.543,0.067,0.0318,13.8,1376,0.156,1548.9,83.3,78.0,Sand,1,4.7944,1419.8,129.1,330.78,0.02408,0.343,913.13,1.61,30.0,1
3.56,2.648,0.534,0.0109,0.0494,2.9,724,0.134,1549.4,252.1,30.0,Permanent,0,4.4462,1429.1,120.3,78.32,0.04662,0.587,90.19,14.38,100.0,0
3.607,2.144,0.421,0.0975,0.0491,11.5,1288,0.24,1555.8,105.2,58.0,Sand,1,4.3545,1431.8,123.9,445.08,0.03901,0.472,503.78,2.88,23.74,1
3.61,2.287,0.494,0.0124,0.0463,3.0,580,0.113,1543.7,293.6,17.7,Permanent,0,4.3768,1430.6,113.1,42.51,0.04362,0.617,31.26,39.98,100.0,0
3.755,2.7,0.472,0.0321,0.0714,5.3,529,0.157,1511.3,235.2,51.6,Permanent,0,4.6655,1423.3,88.0,48.99,0.0642,0.701,266.69,4.78,100.0,0
3.772,2.235,0.519,0.0329,0.0735,6.8,752,0.179,1505.5,245.9,11.8,Permanent,0,4.5278,1426.5,79.0,113.49,0.06409,0.706,13.82,40.0,94.36,0
3.554,1.483,0.394,0.081,0.0227,12.2,244,0.203,1525.5,144.4,37.4,Sand,1,4.0751,1438.6,86.9,13.51,0.01773,0.348,209.4,6.6,78.19,0
3.388,2.63,0.256,0.0231,0.0551,7.0,528,0.097,1534.5,164.6,32.5,Die,2,4.2721,1434.1,100.4,30.16,0.04796,0.559,84.46,16.22,100.0,0
3.589,2.474,0.335,0.0309,0.0386,6.6,823,0.16,1522.6,196.9,56.4,Permanent,0,4.4237,1429.7,92.9,121.49,0.03382,0.416,317.88,4.17,95.91,0
3.084,2.038,0.361,0.0509,0.0293,5.3,1342,0.1,1479.3,97.3,17.8,Permanent,0,3.7804,1447.3,31.9,201.97,0.02632,0.427,31.74,40.0,49.84,1
3.347,3.133,0.42,0.0831,0.0537,15.2,1592,0.211,1529.1,79.5,48.1,Permanent,0,4.4186,1431.2,97.9,597.75,0.03961,0.284,231.57,6.26,0.0,1
3.432,2.254,0.546,0.0141,0.0431,7.5,608,0.151,1533.2,153.2,34.2,Permanent,0,4.188,1435.9,97.3,62.46,0.03706,0.488,117.0,11.79,97.77,0
3.676,2.544,0.464,0.021,0.0453,7.3,717,0.126,1534.8,293.6,20.3,Permanent,0,4.5313,1426.7,108.1,72.53,0.03915,0.453,41.38,30.0,100.0,0
3.403,1.876,0.608,0.0992,0.0594,7.0,1503,0.216,1508.2,136.5,25.7,Sand,1,4.0618,1439.7,68.5,544.49,0.05168,0.58,99.15,13.83,15.17,1
3.707,2.585,0.549,0.0261,0.0479,2.1,872,0.166,1504.5,279.4,12.5,Permanent,0,4.5777,1425.5,79.0,141.22,0.04599,0.662,15.72,40.0,92.51,0
3.433,3.164,0.326,0.0845,0.0265,12.8,1142,0.133,1510.3,128.9,82.7,Sand,1,4.5159,1428.6,81.7,193.95,0.02055,0.228,1026.89,1.35,69.96,0
3.59,2.521,0.25,0.0272,0.0663,6.4,766,0.081,1528.5,197.8,26.8,Permanent,0,4.4396,1429.3,99.2,53.49,0.05842,0.646,71.7,18.56,100.0,0
3.623,2.387,0.279,0.0106,0.0725,5.4,896,0.108,1514.1,295.8,24.1,Permanent,0,4.4217,1429.5,84.6,96.49,0.06504,0.816,58.03,20.99,100.0,0
3.711,2.028,0.318,0.0179,0.0544,4.8,822,0.167,1527.6,279.1,39.7,Permanent,0,4.393,1429.9,97.7,126.23,0.04938,0.644,157.6,7.92,95.89,0
3.704,1.907,0.609,0.0877,0.0569,14.3,1106,0.127,1560.8,81.7,21.2,Permanent,0,4.3689,1431.0,129.7,173.35,0.04274,0.454,44.87,32.96,75.28,0
3.695,2.257,0.268,0.0366,0.0717,3.1,662,0.121,1516.1,267.1,47.8,Sand,1,4.4594,1428.5,87.6,59.06,0.06739,0.833,342.43,3.65,100.0,0
3.409,2.522,0.41,0.0425,0.0454,6.2,819,0.119,1513.8,251.7,49.8,Permanent,0,4.2639,1434.4,79.5,89.43,0.04005,0.543,247.55,5.1,98.18,0
3.639,2.257,0.5,0.0488,0.058,6.8,564,0.132,1544.6,221.0,42.2,Permanent,0,4.4075,1430.1,114.5,46.83,0.05066,0.658,178.05,7.43,100.0,0
3.389,2.653,0.457,0.0431,0.0506,7.9,594,0.169,1519.8,260.0,47.5,Permanent,0,4.2872,1433.9,85.9,66.64,0.0432,0.566,225.64,5.58,97.65,0
4.145,2.294,0.397,0.0237,0.0555,9.9,1136,0.233,1533.1,118.0,6.2,Die,2,4.9178,1415.6,117.5,336.61,0.04549,0.488,3.07,40.0,43.05,1
3.479,1.917,0.276,0.0175,0.058,2.6,719,0.174,1521.1,180.8,50.6,Sand,1,4.1242,1437.2,83.9,100.74,0.05506,0.732,384.73,3.48,98.11,0
3.691,2.385,0.456,0.037,0.0574,3.5,574,0.14,1556.7,161.0,55.6,Permanent,0,4.4981,1427.6,129.1,51.71,0.05357,0.63,309.02,4.52,100.0,0
3.408,2.099,0.329,0.0317,0.0702,6.0,801,0.111,1556.6,238.6,41.5,Permanent,0,4.1182,1437.8,118.8,79.36,0.06216,0.611,172.48,7.64,100.0,0
3.526,2.508,0.478,0.0198,0.0559,5.0,727,0.18,1500.2,205.1,11.5,Permanent,0,4.3686,1431.2,69.0,106.25,0.05058,0.697,13.2,40.0,100.0,0
3.542,2.353,0.252,0.0478,0.0738,4.6,676,0.145,1542.8,225.7,16.7,Permanent,0,4.3421,1432.0,110.8,73.94,0.06733,0.779,28.05,40.0,95.75,0
3.748,2.076,0.287,0.0216,0.0517,5.6,594,0.161,1550.7,298.6,37.1,Permanent,0,4.4474,1428.4,122.3,63.64,0.04621,0.644,137.39,9.11,100.0,0
3.183,2.286,0.685,0.0858,0.0442,14.4,1499,0.161,1553.0,134.6,77.3,Permanent,0,3.9742,1442.6,110.5,405.37,0.03315,0.363,597.26,2.37,32.03,1
3.409,2.282,0.463,0.0336,0.0568,2.8,653,0.122,1556.7,260.0,15.9,Permanent,0,4.1806,1436.3,120.4,57.99,0.05372,0.728,25.22,40.0,100.0,0
3.304,2.476,0.547,0.0174,0.042,3.3,631,0.18,1536.7,255.9,13.2,Die,2,4.1356,1437.7,99.0,79.99,0.03932,0.629,13.93,40.0,98.94,0
3.562,2.208,0.274,0.0318,0.0387,5.2,774,0.176,1544.8,167.0,17.2,Permanent,0,4.3091,1432.6,112.3,117.66,0.03486,0.456,29.5,40.0,95.34,0
3.395,3.153,0.273,0.0423,0.0203,15.9,1429,0.108,1457.0,134.3,33.2,Permanent,0,4.4601,1429.7,27.3,246.28,0.01475,0.211,110.36,11.98,42.6,1
3.407,2.48,0.476,0.0113,0.0482,4.8,743,0.108,1516.5,293.1,50.9,Permanent,0,4.2378,1434.8,81.7,66.92,0.04376,0.62,258.97,4.72,98.78,0
3.987,1.58,0.252,0.0932,0.0384,9.7,1237,0.069,1604.9,74.9,19.3,Sand,1,4.5447,1425.7,179.2,118.0,0.03167,0.447,55.8,27.42,64.34,0
3.705,2.333,0.479,0.0191,0.0555,6.3,623,0.114,1550.0,183.4,23.2,Permanent,0,4.489,1427.6,122.4,49.27,0.04886,0.55,53.77,25.42,99.33,0
3.513,2.316,0.258,0.0751,0.0279,5.5,1351,0.139,1455.0,102.0,19.5,Sand,1,4.3097,1433.1,21.9,284.2,0.02498,0.431,56.75,23.84,35.17,1
3.493,2.204,0.481,0.0346,0.0597,2.5,782,0.149,1514.0,293.1,41.8,Permanent,0,4.2395,1434.6,79.5,101.52,0.05677,0.76,175.13,6.97,100.0,0
3.671,1.971,0.424,0.0155,0.0606,5.2,578,0.104,1548.2,227.8,54.9,Die,2,4.3334,1431.4,116.7,39.01,0.05458,0.698,241.18,5.47,100.0,0
3.52,2.672,0.393,0.0206,0.0414,4.6,842,0.103,1512.9,217.4,36.4,Permanent,0,4.4179,1430.1,82.8,81.54,0.03779,0.619,132.71,9.76,100.0,0
3.156,2.428,0.225,0.0214,0.0411,13.4,1125,0.182,1546.6,106.2,59.5,Die,2,3.9726,1442.2,104.4,256.97,0.03138,0.389,283.29,5.08,58.14,1
3.854,1.68,0.429,0.0422,0.039,15.7,566,0.062,1441.3,111.4,57.8,Sand,1,4.4284,1428.6,12.7,22.11,0.02854,0.279,500.86,2.66,67.73,0
4.116,1.769,0.33,0.0236,0.0597,13.5,1130,0.16,1546.1,130.1,60.9,Die,2,4.7141,1420.6,125.5,228.19,0.0456,0.517,296.39,4.78,71.23,0
3.831,2.992,0.615,0.0806,0.0486,16.5,1318,0.113,1539.4,68.6,68.8,Permanent,0,4.8558,1418.8,120.6,218.82,0.03495,0.386,473.59,3.11,62.25,0
3.596,2.099,0.372,0.011,0.046,6.6,871,0.11,1517.6,267.5,13.5,Sand,1,4.2997,1432.5,85.1,93.04,0.04029,0.496,27.43,40.0,99.19,0
3.799,1.988,0.496,0.0105,0.0583,7.3,752,0.156,1552.9,250.4,28.2,Sand,1,4.4649,1427.7,125.2,98.68,0.0503,0.71,119.04,10.94,100.0,0
3.577,1.666,0.19,0.0258,0.0587,14.0,1383,0.113,1563.3,131.5,61.9,Permanent,0,4.1405,1436.5,126.8,242.21,0.04434,0.564,383.67,3.73,70.49,0
3.592,2.574,0.265,0.0484,0.0701,7.5,844,0.098,1535.5,209.9,52.0,Sand,1,4.4657,1428.8,106.7,77.71,0.06037,0.663,404.98,3.27,100.0,0
3.333,1.907,0.299,0.035,0.0596,7.1,501,0.144,1506.4,205.7,25.6,Permanent,0,3.9805,1441.4,65.0,40.45,0.05175,0.563,65.37,19.9,91.47,0
4.166,2.226,0.331,0.0947,0.0235,10.6,403,0.189,1491.2,147.8,81.7,Permanent,0,4.9392,1415.6,75.6,34.35,0.01899,0.262,667.19,2.01,77.42,0
3.406,2.295,0.372,0.0399,0.0717,3.6,666,0.137,1547.8,168.6,38.7,Permanent,0,4.1848,1436.3,111.6,67.9,0.06673,0.744,149.84,9.2,98.97,0
3.743,1.906,0.545,0.0487,0.0514,4.9,511,0.166,1538.8,202.3,23.3,Sand,1,4.3948,1429.9,108.9,48.35,0.04664,0.557,81.56,16.39,100.0,0
3.421,2.511,0.261,0.0455,0.0613,5.0,600,0.164,1551.7,196.5,32.5,Permanent,0,4.2733,1434.1,117.6,65.82,0.05549,0.657,105.91,12.8,99.52,0
3.429,2.697,0.459,0.0241,0.0449,7.0,659,0.17,1521.7,178.7,44.5,Permanent,0,4.3358,1432.4,89.3,82.25,0.03908,0.475,198.23,6.78,100.0,0
3.796,2.018,0.416,0.0238,0.0637,6.8,840,0.113,1517.1,234.6,23.5,Sand,1,4.4768,1427.6,89.5,89.05,0.0556,0.723,83.13,15.43,100.0,0
3.636,2.172,0.405,0.0273,0.0706,2.4,725,0.179,1506.3,152.6,47.5,Permanent,0,4.3693,1430.8,75.4,105.19,0.06732,0.749,225.46,6.0,100.0,0
3.686,1.718,0.361,0.0639,0.0261,14.4,1115,0.17,1552.9,61.7,50.7,Permanent,0,4.2799,1433.1,119.9,236.08,0.01957,0.268,257.41,5.79,52.76,1
3.371,2.441,0.53,0.0394,0.0492,4.7,703,0.15,1529.9,196.3,46.7,Permanent,0,4.1978,1436.1,93.8,83.12,0.04478,0.589,217.73,6.13,100.0,0
3.508,2.037,0.414,0.0209,0.0409,7.2,682,0.171,1520.8,204.6,27.5,Die,2,4.1938,1435.5,85.3,88.81,0.03543,0.507,60.52,21.75,100.0,0
3.36,2.137,0.346,0.0394,0.0664,4.3,520,0.143,1551.3,158.7,28.6,Permanent,0,4.0857,1438.8,112.5,43.26,0.06097,0.734,81.67,17.05,97.84,0
3.69,2.161,0.449,0.0497,0.0417,5.9,862,0.112,1550.3,252.7,30.7,Die,2,4.4273,1429.4,121.0,93.4,0.03707,0.53,75.64,17.16,100.0,0
3.334,2.241,0.321,0.0209,0.0674,5.9,713,0.097,1526.3,225.6,38.2,Permanent,0,4.0883,1438.7,87.6,55.05,0.05996,0.757,146.18,8.9,100.0,0
3.315,2.181,0.324,0.0174,0.0402,6.6,860,0.128,1555.9,280.8,47.5,Permanent,0,4.0479,1439.7,116.1,106.01,0.03528,0.475,225.36,5.66,93.22,0
3.291,3.176,0.218,0.0288,0.0371,14.3,1116,0.063,1572.6,92.7,42.5,Permanent,0,4.3595,1432.4,140.2,87.64,0.02789,0.259,180.47,8.2,80.65,0
3.864,2.648,0.255,0.0266,0.0408,10.2,1112,0.112,1494.6,108.1,30.8,Die,2,4.756,1420.6,74.0,154.61,0.03325,0.426,75.71,18.31,82.99,0
3.532,2.453,0.359,0.0121,0.07,4.1,559,0.155,1558.3,268.7,53.3,Permanent,0,4.3538,1431.5,126.8,54.17,0.06455,0.737,283.7,4.55,100.0,0
3.385,2.39,0.743,0.0265,0.0546,14.4,1448,0.065,1466.7,120.7,66.8,Die,2,4.1903,1436.1,30.6,153.37,0.04099,0.442,357.35,3.77,78.97,0
3.069,2.456,0.739,0.0766,0.0532,13.6,450,0.092,1572.8,67.6,39.7,Permanent,0,3.9131,1444.4,128.3,20.92,0.0405,0.407,157.97,9.53,82.62,0
3.561,2.206,0.418,0.0346,0.0707,5.7,633,0.176,1556.0,273.8,30.9,Permanent,0,4.3076,1432.7,123.4,78.87,0.0631,0.702,95.76,13.39,100.0,0
3.677,1.866,0.491,0.0948,0.0594,9.6,1433,0.162,1492.2,132.8,86.5,Die,2,4.3305,1432.1,60.1,372.31,0.04904,0.617,598.27,2.27,46.9,1
3.437,2.575,0.288,0.0398,0.0509,2.6,646,0.097,1544.9,240.9,53.5,Permanent,0,4.3087,1433.2,111.8,45.14,0.04836,0.75,286.3,4.55,100.0,0
3.901,2.583,0.216,0.0956,0.0405,13.0,502,0.167,1524.7,54.0,28.7,Permanent,0,4.7939,1420.1,104.5,47.07,0.03123,0.333,82.08,17.92,87.26,0
3.553,2.675,0.394,0.039,0.0748,7.1,879,0.155,1528.2,240.9,51.5,Die,2,4.4576,1429.1,99.1,133.92,0.06482,0.728,212.45,6.06,96.64,0
3.392,2.557,0.412,0.0204,0.0505,2.1,846,0.133,1540.7,218.1,23.0,Permanent,0,4.2513,1434.6,106.2,106.47,0.0484,0.653,53.05,24.93,100.0,0
3.516,1.957,0.357,0.0396,0.0737,7.6,550,0.164,1555.0,219.6,38.1,Sand,1,4.1814,1435.9,119.1,55.39,0.06333,0.721,218.24,6.12,97.43,0
3.57,2.556,0.31,0.0371,0.0451,7.4,657,0.14,1557.0,208.7,40.7,Permanent,0,4.4346,1429.6,127.5,67.77,0.03895,0.502,165.67,8.14,100.0,0
3.767,2.281,0.466,0.0482,0.0487,5.0,501,0.142,1533.9,253.4,15.3,Sand,1,4.5437,1426.3,107.6,39.74,0.04408,0.62,35.11,36.47,100.0,0
3.307,2.559,0.533,0.0245,0.0422,2.1,593,0.167,1530.1,247.8,15.6,Permanent,0,4.1683,1436.9,93.2,65.68,0.04052,0.567,24.37,40.0,97.25,0
3.343,2.002,0.515,0.0318,0.0537,2.1,535,0.169,1541.6,182.7,47.5,Sand,1,4.0205,1440.4,101.2,54.2,0.05149,0.746,337.85,4.02,100.0,0
4.045,2.961,0.608,0.0232,0.0519,14.6,541,0.219,1566.2,91.9,20.3,Sand,1,5.0403,1413.0,153.2,71.76,0.03879,0.4,61.89,23.82,78.77,0
4.09,2.32,0.622,0.0315,0.0381,10.8,550,0.121,1503.6,126.8,28.3,Permanent,0,4.8737,1416.9,86.7,40.79,0.03072,0.471,80.33,17.14,93.53,0
3.616,2.038,0.553,0.0615,0.0387,10.4,1524,0.058,1568.5,120.0,33.6,Sand,1,4.3156,1432.5,136.1,149.87,0.0314,0.482,168.93,8.57,82.02,0
3.702,2.569,0.331,0.0352,0.0361,12.2,515,0.05,1501.0,83.1,36.9,Die,2,4.5698,1425.8,75.2,14.85,0.02829,0.367,108.86,13.02,81.73,0
3.593,2.341,0.534,0.0154,0.0502,6.2,663,0.091,1511.5,287.9,57.4,Permanent,0,4.3782,1430.7,80.8,44.48,0.04431,0.56,328.95,3.72,100.0,0
3.323,2.267,0.356,0.0303,0.0493,4.6,700,0.15,1507.6,224.0,20.5,Sand,1,4.0889,1438.8,68.8,82.31,0.04503,0.581,63.03,20.37,97.35,0
3.654,2.569,0.309,0.0115,0.0572,5.4,624,0.139,1528.6,211.7,32.0,Sand,1,4.514,1427.1,101.4,60.34,0.05131,0.661,153.96,8.55,100.0,0
3.945,1.673,0.544,0.0427,0.0492,7.5,282,0.143,1580.6,143.0,75.4,Die,2,4.5174,1426.1,154.4,12.72,0.04238,0.562,454.95,3.16,85.79,0
3.598,2.356,0.251,0.0846,0.0226,12.8,1474,0.087,1449.1,104.0,64.8,Permanent,0,4.4114,1430.4,18.7,210.69,0.01751,0.248,420.11,3.2,47.51,1
3.567,2.153,0.488,0.029,0.0397,2.4,602,0.126,1511.2,283.3,10.9,Permanent,0,4.2937,1432.9,78.3,50.98,0.03784,0.547,11.78,40.0,100.0,0
3.727,2.315,0.277,0.0492,0.0599,7.8,890,0.17,1504.6,272.1,47.9,Permanent,0,4.515,1427.1,77.5,150.63,0.05129,0.565,229.09,5.38,94.64,0
3.785,2.541,0.449,0.0168,0.0385,5.8,570,0.146,1556.1,251.7,51.3,Permanent,0,4.6372,1423.7,132.4,53.1,0.03429,0.548,263.07,4.96,98.64,0
3.27,2.264,0.5,0.0467,0.0303,13.2,1286,0.133,1548.8,152.9,54.8,Permanent,0,4.0405,1440.3,108.5,246.37,0.02325,0.256,300.28,4.65,58.7,1
3.638,2.408,0.365,0.0482,0.0388,6.9,875,0.131,1553.1,242.8,37.0,Permanent,0,4.4569,1428.9,124.2,112.58,0.03381,0.455,136.6,9.59,100.0,0
3.628,2.656,0.263,0.0142,0.0589,7.8,794,0.162,1514.5,160.5,48.4,Permanent,0,4.5182,1427.2,87.3,114.0,0.05039,0.605,234.05,5.78,100.0,0
3.307,2.254,0.42,0.0259,0.0463,5.7,667,0.122,1516.9,286.6,27.9,Permanent,0,4.0665,1439.4,77.5,60.74,0.04132,0.595,77.89,15.79,99.4,0
3.346,2.547,0.469,0.0229,0.0628,5.0,859,0.091,1544.6,250.2,44.3,Permanent,0,4.2024,1435.9,108.7,74.96,0.05687,0.707,196.27,6.59,100.0,0
3.439,2.648,0.481,0.0203,0.0639,2.8,603,0.159,1543.3,257.3,47.9,Permanent,0,4.3279,1432.5,110.8,64.66,0.06037,0.709,229.84,5.6,100.0,0
3.167,1.97,0.518,0.0332,0.0596,5.2,1454,0.19,1441.1,78.9,78.3,Permanent,0,3.8342,1445.6,-4.4,449.88,0.05371,0.647,613.72,2.22,0.0,1
3.394,2.053,0.404,0.0238,0.0558,3.8,592,0.131,1502.5,166.0,13.3,Permanent,0,4.0861,1438.5,64.0,51.48,0.05165,0.641,17.69,40.0,100.0,0
3.513,2.229,0.386,0.0185,0.0519,5.4,588,0.177,1508.1,286.9,36.1,Die,2,4.2621,1433.8,74.3,68.68,0.04662,0.649,104.08,11.73,100.0,0
3.33,2.059,0.398,0.0224,0.0597,2.6,582,0.135,1530.5,251.0,34.3,Permanent,0,4.0241,1440.3,90.2,51.07,0.05662,0.76,117.89,10.85,100.0,0
3.56,2.953,0.247,0.0385,0.0327,15.6,1123,0.119,1507.6,52.0,74.1,Die,2,4.5572,1426.7,80.9,168.26,0.02394,0.224,438.91,3.32,68.31,0
3.453,2.594,0.459,0.0349,0.0437,2.8,532,0.144,1512.8,283.4,24.8,Permanent,0,4.3293,1432.6,80.3,45.7,0.04131,0.593,61.31,20.05,100.0,0
3.774,2.528,0.245,0.0351,0.0565,5.3,380,0.21,1592.4,130.9,6.6,Permanent,0,4.6287,1424.1,168.3,33.79,0.0508,0.65,4.4,40.0,84.21,0
3.502,1.95,0.479,0.0326,0.0527,7.4,664,0.16,1518.3,210.5,19.4,Permanent,0,4.1629,1436.3,82.0,79.04,0.04545,0.51,37.55,34.83,99.63,0
3.561,2.453,0.524,0.0199,0.0543,6.2,862,0.158,1552.9,204.3,25.2,Die,2,4.3852,1430.7,122.2,131.21,0.04798,0.647,50.93,26.48,94.73,0
3.435,2.017,0.385,0.0278,0.0693,5.1,522,0.08,1538.5,243.7,47.2,Sand,1,4.1168,1437.7,100.8,24.42,0.06257,0.748,334.46,3.87,96.3,0
3.393,2.029,0.387,0.0198,0.0702,5.2,586,0.15,1557.3,293.0,32.2,Die,2,4.076,1438.8,118.5,57.53,0.0633,0.772,82.95,15.24,100.0,0
3.194,1.404,0.728,0.0809,0.0538,14.1,1202,0.215,1576.4,125.5,7.3,Permanent,0,3.6886,1449.3,127.1,346.67,0.04054,0.369,5.39,40.0,37.62,1
3.341,2.235,0.288,0.0108,0.0506,7.3,576,0.087,1536.0,261.6,57.5,Sand,1,4.0891,1438.6,97.4,32.4,0.04374,0.556,495.66,2.57,99.5,0
3.518,1.931,0.537,0.021,0.0448,2.0,575,0.16,1543.2,229.0,25.1,Permanent,0,4.1686,1436.1,107.2,58.96,0.04302,0.624,62.9,20.89,100.0,0
3.602,1.955,0.306,0.0491,0.0524,7.1,670,0.089,1511.9,163.2,38.0,Die,2,4.2697,1433.5,78.4,44.66,0.04549,0.535,115.65,11.66,96.48,0
3.646,2.399,0.42,0.0234,0.0553,2.3,570,0.154,1555.5,267.6,38.7,Permanent,0,4.4536,1428.7,126.7,55.8,0.05278,0.692,149.45,8.62,100.0,0
3.306,2.628,0.266,0.0471,0.0627,5.8,745,0.157,1537.0,164.6,25.7,Die,2,4.1972,1436.4,100.5,97.39,0.05583,0.711,52.88,25.95,100.0,0
3.379,2.0,0.347,0.0288,0.0581,5.3,801,0.176,1507.0,271.1,55.0,Permanent,0,4.0553,1439.4,67.6,126.47,0.05225,0.617,302.03,4.09,100.0,0
3.496,2.699,0.512,0.0174,0.068,7.1,880,0.163,1521.6,208.8,57.6,Permanent,0,4.4015,1430.5,91.1,140.96,0.05902,0.681,332.33,3.95,95.85,0
3.31,2.059,0.422,0.0182,0.0668,7.8,648,0.133,1536.1,292.8,51.5,Permanent,0,4.002,1440.9,95.2,62.42,0.05715,0.716,265.49,4.68,99.06,0
3.855,2.014,0.498,0.085,0.0338,6.5,1399,0.154,1522.2,110.0,5.1,Permanent,0,4.5545,1426.0,96.2,336.19,0.02971,0.388,2.61,40.0,45.01,1
3.511,2.347,0.32,0.0333,0.0591,6.7,578,0.115,1510.4,253.6,54.3,Sand,1,4.3049,1432.9,77.5,42.8,0.05168,0.626,442.24,2.84,100.0,0
